isa,size,model,params,kb_fp16,macs_per_px,median_ms,p90_ms,gmac_s
avx2,128,mlp_naive H16 L2 F6,1012,2.0,976,1.6377,2.0177,9.76
avx2,128,mlp_naive H32 L2 F6,2532,4.9,2464,2.3470,3.9545,17.20
avx2,128,mlp_naive H64 L2 F6,7108,13.9,6976,4.2916,4.4194,26.63
avx2,128,mlp_sep H16 L2 F6,1012,2.0,328,0.2579,0.2834,20.83
avx2,128,mlp_sep H32 L2 F6,2532,4.9,1168,0.6867,0.7170,27.87
avx2,128,mlp_sep H32 L3 F6,3588,7.0,2192,1.2450,2.2677,28.85
avx2,128,mlp_sep H64 L2 F6,7108,13.9,4384,2.1798,2.6616,32.95
avx2,128,mlp_sep H64 L3 F6,11268,22.0,8480,4.0164,4.7859,34.59
avx2,128,grid_mlp 32x32x16 C8 H16 L1,131364,256.6,208,0.3329,0.3749,10.24
avx2,128,grid_mlp 32x32x16 C8 H32 L1,131652,257.1,400,0.5132,0.5530,12.77
avx2,128,grid_mlp 32x32x32 C16 H32 L2,526180,1027.7,1696,1.6326,2.2370,17.02
avx2,128,grid_mlp 64x64x16 C8 H32 L2,525924,1027.2,1424,1.2956,1.4191,18.01
avx2,128,hash_mlp L8 F2 T2^12 H16 L1,65956,128.8,576,6.8823,9.5060,1.37
avx2,128,hash_mlp L8 F2 T2^14 H32 L2,264036,515.7,1920,8.0832,10.4635,3.89
avx2,128,hash_mlp L16 F2 T2^14 H64 L2,531140,1037.4,6912,18.3231,19.1531,6.18
avx2,128,conv_dec 16^2x16 16-8-8-4,67764,132.4,504,0.3875,0.4449,21.31
avx2,128,conv_dec 16^2x16 32-16-8-4,137532,268.6,864,0.6403,0.8331,22.11
avx2,128,conv_dec 16^2x16 32-32-16-4,145908,285.0,2304,1.5627,1.6794,24.16
