frame,t,modules,particles,allocations,script,step,couple,bus,light,particles_update,shade,background,draw,particles_draw,distort,bloom,finish,encode,total,explosion_r0c0_step,explosion_r0c0_shade,smoke_r0c0_step,smoke_r0c0_shade,explosion_r0c1_step,explosion_r0c1_shade,smoke_r0c1_step,smoke_r0c1_shade,explosion_r0c2_step,explosion_r0c2_shade,smoke_r0c2_step,smoke_r0c2_shade,explosion_r1c0_step,explosion_r1c0_shade,smoke_r1c0_step,smoke_r1c0_shade,explosion_r1c1_step,explosion_r1c1_shade,smoke_r1c1_step,smoke_r1c1_shade,explosion_r1c2_step,explosion_r1c2_shade,smoke_r1c2_step,smoke_r1c2_shade,explosion_wreck_step,explosion_wreck_shade,fire_wreck_step,fire_wreck_shade,fire_a_step,fire_a_shade,fire_b_step,fire_b_shade
0,0.000,1,1,0,0.005,3.425,0.002,0.893,7.122,0.026,3.485,77.803,1.104,0.003,16.455,11.789,9.768,0.001,131.881,0.000,0.000,0.000,0.000,0.000,0.000,0.000,0.000,0.000,0.000,0.000,0.000,0.000,0.000,0.000,0.000,0.000,0.000,0.000,0.000,0.000,0.000,0.000,0.000,0.000,0.000,3.423,3.483,0.000,0.000,0.000,0.000
1,0.033,1,3,0,0.003,4.234,0.003,0.812,8.834,0.005,3.181,70.690,1.109,0.006,13.482,13.373,7.953,0.001,123.685,0.000,0.000,0.000,0.000,0.000,0.000,0.000,0.000,0.000,0.000,0.000,0.000,0.000,0.000,0.000,0.000,0.000,0.000,0.000,0.000,0.000,0.000,0.000,0.000,0.000,0.000,4.233,3.180,0.000,0.000,0.000,0.000
2,0.067,1,4,0,0.003,3.515,0.003,0.832,7.879,0.004,2.321,72.937,1.128,0.004,14.451,15.560,9.142,0.001,127.779,0.000,0.000,0.000,0.000,0.000,0.000,0.000,0.000,0.000,0.000,0.000,0.000,0.000,0.000,0.000,0.000,0.000,0.000,0.000,0.000,0.000,0.000,0.000,0.000,0.000,0.000,3.513,2.319,0.000,0.000,0.000,0.000
3,0.100,1,5,0,0.003,4.819,0.003,0.820,9.073,0.005,3.528,98.657,3.199,0.007,15.187,10.395,8.410,0.001,154.106,0.000,0.000,0.000,0.000,0.000,0.000,0.000,0.000,0.000,0.000,0.000,0.000,0.000,0.000,0.000,0.000,0.000,0.000,0.000,0.000,0.000,0.000,0.000,0.000,0.000,0.000,4.817,3.523,0.000,0.000,0.000,0.000
4,0.133,1,6,0,0.003,4.866,0.002,0.784,10.919,0.006,3.443,74.065,4.328,0.009,13.107,10.558,7.875,0.000,129.967,0.000,0.000,0.000,0.000,0.000,0.000,0.000,0.000,0.000,0.000,0.000,0.000,0.000,0.000,0.000,0.000,0.000,0.000,0.000,0.000,0.000,0.000,0.000,0.000,0.000,0.000,4.865,3.441,0.000,0.000,0.000,0.000
5,0.167,1,7,0,0.003,3.385,0.002,0.646,5.950,0.004,2.139,78.607,1.374,0.006,16.056,11.248,9.288,0.001,128.709,0.000,0.000,0.000,0.000,0.000,0.000,0.000,0.000,0.000,0.000,0.000,0.000,0.000,0.000,0.000,0.000,0.000,0.000,0.000,0.000,0.000,0.000,0.000,0.000,0.000,0.000,3.384,2.138,0.000,0.000,0.000,0.000
6,0.200,1,30,0,0.005,3.825,0.002,0.796,7.567,0.009,2.670,86.169,1.143,0.012,12.779,9.148,7.724,0.000,131.850,0.000,0.000,0.000,0.000,0.000,0.000,0.000,0.000,0.000,0.000,0.000,0.000,0.000,0.000,0.000,0.000,0.000,0.000,0.000,0.000,0.000,0.000,0.000,0.000,0.000,0.000,3.824,2.668,0.000,0.000,0.000,0.000
7,0.233,1,53,0,0.004,3.134,0.001,0.830,5.991,0.008,2.506,71.812,1.120,0.017,14.568,10.666,9.205,0.001,119.862,0.000,0.000,0.000,0.000,0.000,0.000,0.000,0.000,0.000,0.000,0.000,0.000,0.000,0.000,0.000,0.000,0.000,0.000,0.000,0.000,0.000,0.000,0.000,0.000,0.000,0.000,3.133,2.505,0.000,0.000,0.000,0.000
8,0.267,1,77,0,0.005,4.474,0.002,0.975,10.965,0.016,3.593,93.916,1.225,0.026,15.460,10.181,9.261,0.001,150.100,0.000,0.000,0.000,0.000,0.000,0.000,0.000,0.000,0.000,0.000,0.000,0.000,0.000,0.000,0.000,0.000,0.000,0.000,0.000,0.000,0.000,0.000,0.000,0.000,0.000,0.000,4.472,3.591,0.000,0.000,0.000,0.000
9,0.300,1,101,0,0.005,3.358,0.002,0.769,6.877,0.014,2.595,80.078,2.031,0.052,16.314,14.264,10.128,0.001,136.488,0.000,0.000,0.000,0.000,0.000,0.000,0.000,0.000,0.000,0.000,0.000,0.000,0.000,0.000,0.000,0.000,0.000,0.000,0.000,0.000,0.000,0.000,0.000,0.000,0.000,0.000,3.357,2.594,0.000,0.000,0.000,0.000
10,0.333,1,125,0,0.006,3.670,0.002,1.115,6.744,0.020,2.444,69.859,1.149,0.045,14.099,11.266,8.442,0.001,118.862,0.000,0.000,0.000,0.000,0.000,0.000,0.000,0.000,0.000,0.000,0.000,0.000,0.000,0.000,0.000,0.000,0.000,0.000,0.000,0.000,0.000,0.000,0.000,0.000,0.000,0.000,3.668,2.442,0.000,0.000,0.000,0.000
11,0.367,1,147,0,0.004,3.219,0.002,0.662,5.782,0.015,2.241,69.002,1.490,0.054,14.074,10.980,8.096,0.000,115.621,0.000,0.000,0.000,0.000,0.000,0.000,0.000,0.000,0.000,0.000,0.000,0.000,0.000,0.000,0.000,0.000,0.000,0.000,0.000,0.000,0.000,0.000,0.000,0.000,0.000,0.000,3.217,2.240,0.000,0.000,0.000,0.000
12,0.400,1,169,0,0.005,3.415,0.002,0.715,5.974,0.019,2.310,68.796,1.315,0.065,13.988,16.364,9.163,0.001,122.132,0.000,0.000,0.000,0.000,0.000,0.000,0.000,0.000,0.000,0.000,0.000,0.000,0.000,0.000,0.000,0.000,0.000,0.000,0.000,0.000,0.000,0.000,0.000,0.000,0.000,0.000,3.413,2.308,0.000,0.000,0.000,0.000
13,0.433,1,189,0,0.004,3.620,0.002,0.653,6.001,0.021,2.450,85.571,1.181,0.067,14.738,11.618,8.571,0.001,134.498,0.000,0.000,0.000,0.000,0.000,0.000,0.000,0.000,0.000,0.000,0.000,0.000,0.000,0.000,0.000,0.000,0.000,0.000,0.000,0.000,0.000,0.000,0.000,0.000,0.000,0.000,3.619,2.448,0.000,0.000,0.000,0.000
14,0.467,1,210,0,0.005,3.806,0.002,0.696,6.887,0.020,2.488,69.890,1.192,0.096,13.878,10.356,8.194,0.001,117.511,0.000,0.000,0.000,0.000,0.000,0.000,0.000,0.000,0.000,0.000,0.000,0.000,0.000,0.000,0.000,0.000,0.000,0.000,0.000,0.000,0.000,0.000,0.000,0.000,0.000,0.000,3.804,2.486,0.000,0.000,0.000,0.000
15,0.500,1,216,0,0.004,3.321,0.002,0.649,5.932,0.023,2.267,68.141,1.158,0.064,16.337,10.635,8.834,0.001,117.369,0.000,0.000,0.000,0.000,0.000,0.000,0.000,0.000,0.000,0.000,0.000,0.000,0.000,0.000,0.000,0.000,0.000,0.000,0.000,0.000,0.000,0.000,0.000,0.000,0.000,0.000,3.320,2.265,0.000,0.000,0.000,0.000
16,0.533,1,233,0,0.004,3.621,0.002,0.697,6.128,0.038,2.507,68.671,1.079,0.066,15.907,13.326,8.349,0.001,120.396,0.000,0.000,0.000,0.000,0.000,0.000,0.000,0.000,0.000,0.000,0.000,0.000,0.000,0.000,0.000,0.000,0.000,0.000,0.000,0.000,0.000,0.000,0.000,0.000,0.000,0.000,3.620,2.505,0.000,0.000,0.000,0.000
17,0.567,1,244,0,0.004,3.542,0.003,0.907,6.338,0.075,2.254,70.285,1.192,0.071,15.962,12.568,9.917,0.001,123.119,0.000,0.000,0.000,0.000,0.000,0.000,0.000,0.000,0.000,0.000,0.000,0.000,0.000,0.000,0.000,0.000,0.000,0.000,0.000,0.000,0.000,0.000,0.000,0.000,0.000,0.000,3.540,2.253,0.000,0.000,0.000,0.000
18,0.600,1,251,0,0.005,3.841,0.003,0.876,6.598,0.026,3.537,77.415,1.204,0.079,16.679,12.786,9.592,0.000,132.640,0.000,0.000,0.000,0.000,0.000,0.000,0.000,0.000,0.000,0.000,0.000,0.000,0.000,0.000,0.000,0.000,0.000,0.000,0.000,0.000,0.000,0.000,0.000,0.000,0.000,0.000,3.839,3.535,0.000,0.000,0.000,0.000
19,0.633,1,249,0,0.005,4.882,0.003,0.776,9.171,0.040,3.634,102.617,1.433,0.106,19.018,13.023,12.820,0.001,167.528,0.000,0.000,0.000,0.000,0.000,0.000,0.000,0.000,0.000,0.000,0.000,0.000,0.000,0.000,0.000,0.000,0.000,0.000,0.000,0.000,0.000,0.000,0.000,0.000,0.000,0.000,4.880,3.633,0.000,0.000,0.000,0.000
20,0.667,1,255,0,0.004,3.372,0.002,0.765,6.374,0.028,2.415,84.149,1.295,0.113,20.791,12.503,9.265,0.001,141.079,0.000,0.000,0.000,0.000,0.000,0.000,0.000,0.000,0.000,0.000,0.000,0.000,0.000,0.000,0.000,0.000,0.000,0.000,0.000,0.000,0.000,0.000,0.000,0.000,0.000,0.000,3.371,2.413,0.000,0.000,0.000,0.000
21,0.700,1,262,0,0.005,4.432,0.003,0.809,8.684,0.038,2.581,82.472,1.258,0.088,15.777,12.553,9.984,0.001,138.684,0.000,0.000,0.000,0.000,0.000,0.000,0.000,0.000,0.000,0.000,0.000,0.000,0.000,0.000,0.000,0.000,0.000,0.000,0.000,0.000,0.000,0.000,0.000,0.000,0.000,0.000,4.430,2.579,0.000,0.000,0.000,0.000
22,0.733,1,263,0,0.004,4.058,0.002,0.772,8.328,0.027,2.841,74.810,1.688,0.102,14.040,13.608,11.026,0.001,131.308,0.000,0.000,0.000,0.000,0.000,0.000,0.000,0.000,0.000,0.000,0.000,0.000,0.000,0.000,0.000,0.000,0.000,0.000,0.000,0.000,0.000,0.000,0.000,0.000,0.000,0.000,4.056,2.840,0.000,0.000,0.000,0.000
23,0.767,1,271,0,0.006,4.713,0.003,0.781,9.254,0.040,3.869,77.853,1.167,0.105,16.083,11.826,8.339,0.001,134.040,0.000,0.000,0.000,0.000,0.000,0.000,0.000,0.000,0.000,0.000,0.000,0.000,0.000,0.000,0.000,0.000,0.000,0.000,0.000,0.000,0.000,0.000,0.000,0.000,0.000,0.000,4.711,3.867,0.000,0.000,0.000,0.000
24,0.800,1,268,0,0.005,4.821,0.003,0.802,9.065,0.041,3.433,99.099,1.422,0.104,17.024,14.005,8.835,0.001,158.660,0.000,0.000,0.000,0.000,0.000,0.000,0.000,0.000,0.000,0.000,0.000,0.000,0.000,0.000,0.000,0.000,0.000,0.000,0.000,0.000,0.000,0.000,0.000,0.000,0.000,0.000,4.820,3.431,0.000,0.000,0.000,0.000
25,0.833,1,257,0,0.006,4.726,0.003,0.844,9.029,0.041,3.616,99.915,1.199,0.138,14.680,11.704,8.227,0.001,154.129,0.000,0.000,0.000,0.000,0.000,0.000,0.000,0.000,0.000,0.000,0.000,0.000,0.000,0.000,0.000,0.000,0.000,0.000,0.000,0.000,0.000,0.000,0.000,0.000,0.000,0.000,4.725,3.614,0.000,0.000,0.000,0.000
26,0.867,1,260,0,0.003,4.448,0.002,0.775,9.269,0.040,3.599,99.521,1.198,0.097,16.598,13.085,9.521,0.001,158.158,0.000,0.000,0.000,0.000,0.000,0.000,0.000,0.000,0.000,0.000,0.000,0.000,0.000,0.000,0.000,0.000,0.000,0.000,0.000,0.000,0.000,0.000,0.000,0.000,0.000,0.000,4.447,3.598,0.000,0.000,0.000,0.000
27,0.900,1,264,0,0.005,4.221,0.002,0.663,6.607,0.028,2.288,68.876,1.242,0.081,14.318,11.064,8.495,0.001,117.891,0.000,0.000,0.000,0.000,0.000,0.000,0.000,0.000,0.000,0.000,0.000,0.000,0.000,0.000,0.000,0.000,0.000,0.000,0.000,0.000,0.000,0.000,0.000,0.000,0.000,0.000,4.220,2.286,0.000,0.000,0.000,0.000
28,0.933,1,272,0,0.009,3.591,0.003,0.691,6.670,0.029,2.336,68.704,1.097,0.079,13.773,10.951,8.378,0.000,116.310,0.000,0.000,0.000,0.000,0.000,0.000,0.000,0.000,0.000,0.000,0.000,0.000,0.000,0.000,0.000,0.000,0.000,0.000,0.000,0.000,0.000,0.000,0.000,0.000,0.000,0.000,3.589,2.334,0.000,0.000,0.000,0.000
29,0.967,1,269,0,0.004,3.288,0.002,0.763,6.110,0.028,2.247,97.070,1.580,0.124,13.642,12.439,9.066,0.001,146.366,0.000,0.000,0.000,0.000,0.000,0.000,0.000,0.000,0.000,0.000,0.000,0.000,0.000,0.000,0.000,0.000,0.000,0.000,0.000,0.000,0.000,0.000,0.000,0.000,0.000,0.000,3.287,2.246,0.000,0.000,0.000,0.000
30,1.000,1,275,0,0.005,3.455,0.003,0.754,6.026,0.029,2.246,66.973,1.090,0.072,16.772,11.875,8.578,0.001,117.879,0.000,0.000,0.000,0.000,0.000,0.000,0.000,0.000,0.000,0.000,0.000,0.000,0.000,0.000,0.000,0.000,0.000,0.000,0.000,0.000,0.000,0.000,0.000,0.000,0.000,0.000,3.453,2.244,0.000,0.000,0.000,0.000
31,1.033,1,275,0,0.004,3.501,0.002,0.685,6.402,0.034,2.286,66.509,1.137,0.132,17.789,11.730,10.131,0.001,120.343,0.000,0.000,0.000,0.000,0.000,0.000,0.000,0.000,0.000,0.000,0.000,0.000,0.000,0.000,0.000,0.000,0.000,0.000,0.000,0.000,0.000,0.000,0.000,0.000,0.000,0.000,3.500,2.284,0.000,0.000,0.000,0.000
32,1.067,1,276,0,0.005,7.300,0.003,0.795,6.253,0.043,3.038,77.139,1.124,0.076,15.278,10.569,8.359,0.001,129.984,0.000,0.000,0.000,0.000,0.000,0.000,0.000,0.000,0.000,0.000,0.000,0.000,0.000,0.000,0.000,0.000,0.000,0.000,0.000,0.000,0.000,0.000,0.000,0.000,0.000,0.000,7.298,3.035,0.000,0.000,0.000,0.000
33,1.100,1,274,0,0.005,3.946,0.002,0.769,7.494,0.044,3.086,73.500,1.214,0.089,14.950,10.951,9.271,0.001,125.322,0.000,0.000,0.000,0.000,0.000,0.000,0.000,0.000,0.000,0.000,0.000,0.000,0.000,0.000,0.000,0.000,0.000,0.000,0.000,0.000,0.000,0.000,0.000,0.000,0.000,0.000,3.945,3.084,0.000,0.000,0.000,0.000
34,1.133,1,277,0,0.004,3.716,0.002,0.670,5.983,0.031,2.281,77.360,0.996,0.073,13.865,11.840,10.961,0.001,127.783,0.000,0.000,0.000,0.000,0.000,0.000,0.000,0.000,0.000,0.000,0.000,0.000,0.000,0.000,0.000,0.000,0.000,0.000,0.000,0.000,0.000,0.000,0.000,0.000,0.000,0.000,3.714,2.278,0.000,0.000,0.000,0.000
35,1.167,1,276,0,0.006,4.005,0.003,0.685,7.028,0.030,2.378,66.783,1.187,0.090,13.942,18.134,8.264,0.000,122.536,0.000,0.000,0.000,0.000,0.000,0.000,0.000,0.000,0.000,0.000,0.000,0.000,0.000,0.000,0.000,0.000,0.000,0.000,0.000,0.000,0.000,0.000,0.000,0.000,0.000,0.000,3.996,2.376,0.000,0.000,0.000,0.000
36,1.200,7,1812,0,10.840,14.551,2.007,3.402,6.705,0.133,4.473,85.347,25.385,1.507,19.941,16.450,9.040,0.001,199.781,7.104,0.823,0.000,0.000,8.158,4.273,0.000,0.000,6.731,0.634,0.000,0.000,7.494,0.503,0.000,0.000,7.063,0.496,0.000,0.000,7.390,0.521,0.000,0.000,0.000,0.000,3.731,2.326,0.000,0.000,0.000,0.000
37,1.233,7,1789,0,0.006,13.997,1.978,3.971,9.802,0.225,4.759,119.950,17.892,1.606,19.396,11.757,8.892,0.001,214.232,6.718,1.253,0.000,0.000,13.519,4.544,0.000,0.000,7.070,0.647,0.000,0.000,9.516,0.451,0.000,0.000,6.774,0.447,0.000,0.000,6.760,0.459,0.000,0.000,0.000,0.000,3.327,2.251,0.000,0.000,0.000,0.000
38,1.267,7,1768,0,0.006,16.698,2.040,2.554,6.238,0.211,5.797,76.479,15.978,2.422,22.936,11.626,8.631,0.001,171.617,8.131,0.990,0.000,0.000,8.983,5.452,0.000,0.000,6.974,1.082,0.000,0.000,10.325,0.614,0.000,0.000,7.122,0.532,0.000,0.000,8.462,0.473,0.000,0.000,0.000,0.000,4.074,3.628,0.000,0.000,0.000,0.000
39,1.300,7,1735,0,0.011,15.161,1.756,2.501,6.861,0.132,6.001,79.368,20.306,1.881,25.004,13.289,11.504,0.001,183.774,7.847,0.956,0.000,0.000,9.452,5.716,0.000,0.000,7.680,1.060,0.000,0.000,6.886,0.546,0.000,0.000,6.788,0.560,0.000,0.000,6.981,0.455,0.000,0.000,0.000,0.000,3.698,2.785,0.000,0.000,0.000,0.000
40,1.333,7,1714,0,0.006,19.534,1.567,2.487,5.890,0.140,10.509,75.515,16.074,2.621,21.417,11.211,14.209,0.001,181.180,11.774,1.424,0.000,0.000,14.156,10.285,0.000,0.000,13.508,1.802,0.000,0.000,10.065,0.512,0.000,0.000,9.406,0.456,0.000,0.000,7.675,0.580,0.000,0.000,0.000,0.000,5.589,2.651,0.000,0.000,0.000,0.000
41,1.367,7,1692,0,0.008,19.979,2.328,2.843,6.080,0.136,12.567,68.896,41.044,2.753,20.219,11.042,8.531,0.000,196.427,8.724,1.295,0.000,0.000,10.274,12.276,0.000,0.000,19.667,2.143,0.000,0.000,7.867,0.500,0.000,0.000,9.306,0.480,0.000,0.000,9.593,0.511,0.000,0.000,0.000,0.000,3.644,2.433,0.000,0.000,0.000,0.000
42,1.400,7,1670,0,0.007,16.385,2.097,3.836,9.169,0.259,8.847,70.590,19.222,2.015,23.940,19.171,8.763,0.001,184.302,7.695,1.999,0.000,0.000,9.236,8.612,0.000,0.000,7.288,1.830,0.000,0.000,8.883,0.488,0.000,0.000,7.499,0.399,0.000,0.000,8.577,0.422,0.000,0.000,0.000,0.000,4.020,2.535,0.000,0.000,0.000,0.000
43,1.433,7,1658,0,0.006,16.173,2.240,3.778,8.960,0.258,8.867,104.582,16.790,3.487,26.717,10.590,8.065,0.001,210.515,7.367,2.099,0.000,0.000,9.019,8.503,0.000,0.000,11.077,2.118,0.000,0.000,7.676,0.683,0.000,0.000,6.278,0.468,0.000,0.000,8.335,0.474,0.000,0.000,0.000,0.000,3.454,2.379,0.000,0.000,0.000,0.000
44,1.467,7,1650,0,0.006,14.032,1.740,10.562,6.336,0.145,13.962,82.378,15.834,2.458,23.091,11.297,19.338,0.001,201.179,7.128,1.695,0.000,0.000,8.985,13.671,0.000,0.000,7.375,2.406,0.000,0.000,7.419,1.464,0.000,0.000,6.592,0.680,0.000,0.000,6.562,0.399,0.000,0.000,0.000,0.000,4.246,5.245,0.000,0.000,0.000,0.000
45,1.500,7,1643,0,0.006,14.753,1.546,2.434,5.986,0.148,12.432,68.063,17.899,2.051,23.692,9.827,7.995,0.001,166.833,7.741,1.705,0.000,0.000,13.456,12.106,0.000,0.000,8.411,4.017,0.000,0.000,7.653,0.505,0.000,0.000,6.617,1.221,0.000,0.000,6.693,0.436,0.000,0.000,0.000,0.000,3.885,3.275,0.000,0.000,0.000,0.000
46,1.533,7,1636,0,0.011,13.810,1.516,2.521,6.221,0.157,11.079,67.208,19.720,2.000,24.504,10.950,9.084,0.001,168.781,7.117,1.699,0.000,0.000,9.204,10.843,0.000,0.000,8.226,4.298,0.000,0.000,6.817,0.468,0.000,0.000,6.584,1.385,0.000,0.000,6.631,0.448,0.000,0.000,0.000,0.000,3.478,3.264,0.000,0.000,0.000,0.000
47,1.567,7,1629,0,0.005,16.877,1.651,3.714,6.359,0.153,10.463,69.402,19.013,2.152,30.129,12.780,9.225,0.001,181.923,6.949,1.831,0.000,0.000,14.848,10.236,0.000,0.000,12.369,2.772,0.000,0.000,7.361,0.635,0.000,0.000,6.700,1.262,0.000,0.000,7.142,0.409,0.000,0.000,0.000,0.000,4.368,2.738,0.000,0.000,0.000,0.000
48,1.600,8,2136,0,0.846,18.124,1.642,2.715,5.861,0.210,11.671,72.018,20.527,2.312,22.140,12.783,10.312,0.001,181.163,7.094,1.889,0.000,0.000,13.349,11.440,0.000,0.000,7.793,5.001,0.000,0.000,9.202,0.434,0.000,0.000,6.789,1.358,0.000,0.000,7.897,0.493,0.000,0.000,5.363,1.144,4.707,2.228,0.000,0.000,0.000,0.000
49,1.633,8,2134,0,0.004,20.168,1.602,2.673,5.904,0.244,13.811,66.980,22.994,2.372,28.462,12.975,10.656,0.001,188.845,9.497,2.857,0.000,0.000,15.422,13.554,0.000,0.000,12.560,4.737,0.000,0.000,8.437,0.506,0.000,0.000,7.858,1.861,0.000,0.000,6.762,0.502,0.000,0.000,6.055,1.944,4.630,2.488,0.000,0.000,0.000,0.000
50,1.667,8,2133,0,0.004,23.210,2.227,4.935,12.755,0.433,16.000,68.227,16.799,2.184,26.253,10.654,7.970,0.001,191.654,11.921,4.060,0.000,0.000,9.481,15.707,0.000,0.000,12.454,3.172,0.000,0.000,11.580,0.559,0.000,0.000,7.929,2.863,0.000,0.000,11.117,0.617,0.000,0.000,5.788,1.492,5.282,2.221,0.000,0.000,0.000,0.000
51,1.700,8,2134,0,0.005,16.476,1.738,2.862,5.884,0.205,11.774,68.058,17.934,2.881,26.573,11.916,8.365,0.001,174.673,13.172,2.055,0.000,0.000,9.377,11.536,0.000,0.000,8.387,3.709,0.000,0.000,6.996,0.609,0.000,0.000,7.075,2.332,0.000,0.000,7.217,0.607,0.000,0.000,3.701,1.555,3.356,2.416,0.000,0.000,0.000,0.000
52,1.733,9,2137,0,0.006,16.161,1.671,2.713,5.862,0.211,12.969,71.937,17.842,2.073,25.162,9.522,8.259,0.001,174.389,7.691,2.218,0.000,0.000,11.209,12.742,0.000,0.000,11.335,3.927,0.000,0.000,6.269,0.599,0.000,0.000,7.442,2.846,0.000,0.000,7.165,0.574,0.000,0.000,3.756,1.624,4.729,3.430,2.234,1.272,0.000,0.000
53,1.767,9,2140,0,0.005,16.609,1.527,3.876,6.606,0.221,12.061,83.004,18.941,3.199,25.089,9.293,7.629,0.001,188.061,7.211,2.447,0.000,0.000,9.596,11.845,0.000,0.000,9.307,4.634,0.000,0.000,8.751,0.482,0.000,0.000,7.224,2.284,0.000,0.000,7.736,0.653,0.000,0.000,4.579,1.993,3.286,6.750,1.975,1.403,0.000,0.000
54,1.800,9,2142,0,0.005,16.975,2.042,4.043,6.008,0.247,11.465,66.990,20.705,1.924,26.436,9.451,7.999,0.000,174.290,7.117,2.239,0.000,0.000,11.170,11.254,0.000,0.000,7.986,3.783,0.000,0.000,7.874,0.434,0.000,0.000,7.542,2.792,0.000,0.000,9.001,0.684,0.000,0.000,3.880,1.957,3.462,3.087,1.956,1.225,0.000,0.000
55,1.833,9,2144,0,0.005,17.233,1.910,2.630,5.924,0.218,12.289,70.251,17.042,1.700,25.759,10.131,7.806,0.001,172.900,8.589,2.441,0.000,0.000,9.808,12.114,0.000,0.000,11.332,3.921,0.000,0.000,10.591,0.442,0.000,0.000,8.061,2.328,0.000,0.000,6.768,0.771,0.000,0.000,4.608,1.966,4.623,2.235,1.918,1.831,0.000,0.000
56,1.867,9,2146,0,0.006,15.624,1.525,2.760,6.045,0.259,12.812,67.923,19.603,1.692,26.617,10.329,8.015,0.001,173.211,7.611,2.271,0.000,0.000,13.307,12.596,0.000,0.000,7.799,4.229,0.000,0.000,7.026,0.648,0.000,0.000,8.448,3.898,0.000,0.000,6.744,0.724,0.000,0.000,4.090,1.933,3.628,2.434,2.156,1.849,0.000,0.000
57,1.900,9,2149,0,0.005,15.755,1.611,2.612,5.869,0.255,21.243,87.036,18.247,2.363,29.008,11.059,8.762,0.001,203.827,7.410,2.470,0.000,0.000,9.915,20.992,0.000,0.000,7.629,5.477,0.000,0.000,10.449,0.561,0.000,0.000,7.553,3.894,0.000,0.000,6.671,0.805,0.000,0.000,3.732,2.068,5.039,3.492,2.062,1.195,0.000,0.000
58,1.933,9,2151,0,0.004,20.202,1.677,2.896,6.366,0.231,12.982,71.299,20.404,1.638,28.099,9.663,7.874,0.001,183.337,10.680,2.608,0.000,0.000,10.231,12.739,0.000,0.000,8.122,5.891,0.000,0.000,9.732,0.537,0.000,0.000,7.987,2.927,0.000,0.000,10.184,0.946,0.000,0.000,4.347,2.150,3.432,2.293,1.860,1.292,0.000,0.000
59,1.967,9,2153,0,0.004,21.822,1.634,3.191,6.038,0.255,13.719,70.438,19.873,1.630,29.511,11.092,9.400,0.000,188.609,8.640,2.560,0.000,0.000,13.342,13.348,0.000,0.000,8.505,4.399,0.000,0.000,7.112,0.535,0.000,0.000,14.530,3.845,0.000,0.000,6.778,0.949,0.000,0.000,3.973,2.297,3.812,2.247,2.570,1.532,0.000,0.000
60,2.000,9,2156,0,0.006,15.895,1.591,2.706,8.007,0.248,12.554,95.496,19.363,1.541,32.206,12.708,9.872,0.001,212.193,7.637,2.914,0.000,0.000,12.682,12.311,0.000,0.000,8.191,4.192,0.000,0.000,9.301,0.616,0.000,0.000,8.164,3.258,0.000,0.000,6.976,0.934,0.000,0.000,3.821,2.265,3.146,2.433,2.009,3.435,0.000,0.000
61,2.033,9,2156,0,0.009,17.927,1.706,2.729,6.059,0.252,21.985,71.777,18.815,1.445,30.324,12.027,8.316,0.001,193.372,7.616,2.642,0.000,0.000,11.817,21.517,0.000,0.000,14.796,4.199,0.000,0.000,6.540,0.677,0.000,0.000,7.836,4.954,0.000,0.000,6.986,1.023,0.000,0.000,4.162,2.168,3.352,2.238,2.387,1.829,0.000,0.000
62,2.067,9,2157,0,0.006,17.493,1.800,2.592,6.435,0.270,12.549,68.952,17.785,1.444,24.784,10.078,7.439,0.000,171.627,7.499,2.810,0.000,0.000,10.111,12.335,0.000,0.000,16.916,4.282,0.000,0.000,7.228,0.541,0.000,0.000,7.624,3.294,0.000,0.000,6.611,1.032,0.000,0.000,3.959,2.552,3.354,2.833,2.039,1.155,0.000,0.000
63,2.100,9,2159,0,0.005,15.194,1.733,2.773,5.948,0.264,12.729,83.832,19.060,1.313,29.519,11.786,8.859,0.001,193.017,7.600,2.829,0.000,0.000,9.866,12.480,0.000,0.000,8.726,4.181,0.000,0.000,7.061,0.675,0.000,0.000,7.313,4.213,0.000,0.000,6.636,1.086,0.000,0.000,4.303,2.335,3.308,2.144,2.115,1.224,0.000,0.000
64,2.133,9,2162,0,0.006,16.549,1.681,2.566,5.878,0.258,12.927,68.152,19.102,1.239,30.920,12.731,10.482,0.000,182.490,8.304,2.799,0.000,0.000,10.446,12.634,0.000,0.000,10.931,4.135,0.000,0.000,8.916,0.673,0.000,0.000,8.149,3.943,0.000,0.000,7.093,1.081,0.000,0.000,5.766,2.257,3.423,2.130,2.002,1.182,0.000,0.000
65,2.167,9,2162,0,0.005,16.576,1.661,2.679,5.823,0.249,20.364,66.995,20.152,1.349,31.217,13.474,9.630,0.001,190.174,7.503,2.758,0.000,0.000,9.917,20.133,0.000,0.000,8.663,4.345,0.000,0.000,10.155,0.918,0.000,0.000,7.587,5.237,0.000,0.000,7.760,1.152,0.000,0.000,3.889,2.354,4.823,2.366,2.061,1.455,0.000,0.000
66,2.200,9,2162,0,0.005,17.791,1.657,2.625,5.663,0.246,11.576,69.676,18.129,1.178,24.052,11.566,7.712,0.001,171.875,12.351,2.825,0.000,0.000,10.118,11.344,0.000,0.000,8.770,4.404,0.000,0.000,7.716,1.070,0.000,0.000,8.074,6.527,0.000,0.000,6.970,1.206,0.000,0.000,4.119,2.518,5.305,3.068,2.010,1.144,0.000,0.000
67,2.233,9,2164,0,0.005,15.703,1.733,2.760,6.247,0.344,11.002,71.691,18.598,1.260,29.935,11.120,7.940,0.001,178.339,8.688,3.187,0.000,0.000,9.934,10.782,0.000,0.000,8.395,4.224,0.000,0.000,6.980,1.067,0.000,0.000,8.250,7.883,0.000,0.000,7.267,1.543,0.000,0.000,4.116,2.591,3.311,2.328,2.177,1.198,0.000,0.000
68,2.267,9,2162,0,0.003,16.513,1.870,2.936,6.315,0.266,13.929,94.411,19.095,1.164,33.108,15.003,12.116,0.001,216.730,8.143,2.911,0.000,0.000,10.720,13.731,0.000,0.000,8.643,6.341,0.000,0.000,7.275,1.149,0.000,0.000,9.118,9.811,0.000,0.000,7.432,1.483,0.000,0.000,4.677,2.504,3.763,3.500,2.328,1.268,0.000,0.000
69,2.300,9,2162,0,0.006,26.825,1.713,2.749,6.008,0.300,24.129,76.427,21.691,1.135,32.412,11.763,9.835,0.001,214.994,12.797,4.301,0.000,0.000,16.367,23.586,0.000,0.000,20.553,6.027,0.000,0.000,11.362,0.809,0.000,0.000,13.282,4.813,0.000,0.000,11.724,2.080,0.000,0.000,6.787,2.599,6.133,3.161,2.622,1.823,0.000,0.000
70,2.333,10,2165,0,0.005,24.034,3.155,2.867,6.275,0.334,11.700,79.007,22.599,1.003,35.325,13.225,10.064,0.001,209.595,12.263,3.805,0.000,0.000,12.680,11.465,0.000,0.000,14.964,10.658,0.000,0.000,7.206,0.963,0.000,0.000,8.732,7.885,0.000,0.000,11.620,2.035,0.000,0.000,4.397,2.407,6.172,2.105,2.143,1.553,2.119,1.067
71,2.367,10,2168,0,0.006,22.423,4.240,4.242,9.038,0.402,16.197,88.710,23.530,1.166,34.477,12.457,10.711,0.001,227.600,7.812,4.456,0.000,0.000,16.129,15.832,0.000,0.000,11.771,7.045,0.000,0.000,11.407,1.215,0.000,0.000,8.702,10.141,0.000,0.000,10.873,2.212,0.000,0.000,6.123,3.886,5.362,3.386,2.130,1.749,2.614,1.771
72,2.400,10,2173,0,0.007,24.441,4.183,3.907,8.981,0.479,15.011,93.074,21.336,1.047,28.230,10.622,8.357,0.000,219.677,12.526,4.468,0.000,0.000,12.725,14.747,0.000,0.000,13.144,5.264,0.000,0.000,15.822,1.059,0.000,0.000,11.772,8.016,0.000,0.000,8.269,2.320,0.000,0.000,6.921,2.900,5.260,3.559,2.747,1.270,1.953,1.643
73,2.433,10,2177,0,0.004,17.753,2.595,2.731,5.786,0.246,11.162,77.704,18.433,0.927,25.626,11.444,7.711,0.001,182.124,12.310,4.424,0.000,0.000,9.551,10.971,0.000,0.000,10.892,6.340,0.000,0.000,7.218,1.477,0.000,0.000,8.756,5.724,0.000,0.000,6.991,1.713,0.000,0.000,4.246,2.464,3.528,2.149,2.023,1.202,1.829,1.083
74,2.467,10,2178,0,0.005,16.850,2.765,3.143,6.160,0.272,10.705,71.014,18.818,0.923,29.276,11.840,9.064,0.001,180.836,7.743,3.251,0.000,0.000,9.362,10.524,0.000,0.000,8.439,4.945,0.000,0.000,8.692,1.206,0.000,0.000,9.031,9.190,0.000,0.000,7.195,1.728,0.000,0.000,4.108,2.703,3.286,2.029,1.972,1.305,2.482,1.219
75,2.500,10,2179,0,0.005,20.917,3.344,2.801,7.832,0.276,13.583,83.968,20.263,1.232,26.606,11.573,7.938,0.001,200.340,8.176,5.892,0.000,0.000,10.034,13.234,0.000,0.000,11.576,6.377,0.000,0.000,10.350,1.427,0.000,0.000,12.294,8.032,0.000,0.000,7.380,2.731,0.000,0.000,5.957,3.154,4.192,3.281,3.231,1.445,2.600,1.432
76,2.533,10,2181,0,0.005,17.046,2.670,3.649,5.986,0.264,10.523,106.461,20.579,1.274,32.333,12.136,10.157,0.001,223.083,10.774,3.185,0.000,0.000,10.983,10.334,0.000,0.000,8.669,4.767,0.000,0.000,8.087,0.995,0.000,0.000,8.784,7.639,0.000,0.000,7.768,5.077,0.000,0.000,4.428,2.364,3.389,2.572,2.122,1.830,1.765,1.318
77,2.567,10,2184,0,0.012,24.154,4.046,4.000,8.635,0.387,12.572,105.762,21.566,1.294,30.228,11.602,8.521,0.000,232.777,8.738,4.841,0.000,0.000,16.111,12.270,0.000,0.000,14.912,8.285,0.000,0.000,12.088,0.910,0.000,0.000,9.195,7.360,0.000,0.000,11.310,2.890,0.000,0.000,5.823,3.783,4.586,2.485,2.224,1.800,1.780,1.649
78,2.600,10,2185,0,0.005,19.544,2.622,3.046,6.791,0.254,14.287,71.489,21.540,0.879,30.181,11.918,9.326,0.000,191.882,11.862,6.624,0.000,0.000,12.627,14.047,0.000,0.000,9.101,4.880,0.000,0.000,8.948,1.322,0.000,0.000,9.486,7.047,0.000,0.000,8.394,2.440,0.000,0.000,5.832,2.466,3.688,2.396,1.987,1.643,2.013,1.043
79,2.633,10,2186,0,0.006,24.936,3.546,2.812,8.763,0.515,11.954,94.126,18.266,0.958,28.231,11.874,8.667,0.001,214.655,8.053,6.572,0.000,0.000,15.105,10.448,0.000,0.000,8.915,4.604,0.000,0.000,11.509,0.997,0.000,0.000,8.674,7.393,0.000,0.000,9.371,2.175,0.000,0.000,6.673,5.285,4.914,2.351,2.113,1.193,6.490,1.062
80,2.667,10,2185,0,0.006,18.136,2.824,3.021,6.152,0.250,11.214,69.675,20.427,0.716,31.547,11.121,9.072,0.001,184.161,8.300,2.979,0.000,0.000,9.453,10.994,0.000,0.000,9.106,4.585,0.000,0.000,9.818,1.026,0.000,0.000,9.098,6.735,0.000,0.000,8.929,2.100,0.000,0.000,4.665,2.355,4.089,2.098,2.325,1.112,1.771,0.991
81,2.700,10,2187,0,0.005,19.545,2.794,3.121,5.941,0.279,11.104,68.186,22.109,0.731,30.547,11.542,10.581,0.001,186.486,9.168,3.298,0.000,0.000,9.930,10.129,0.000,0.000,9.529,7.380,0.000,0.000,11.672,1.082,0.000,0.000,10.255,7.147,0.000,0.000,8.344,2.379,0.000,0.000,4.328,2.569,5.259,3.522,2.149,1.301,1.881,1.263
82,2.733,10,2191,0,0.007,20.028,3.089,2.718,5.837,0.224,14.109,83.595,19.944,0.768,29.783,12.269,10.592,0.001,202.965,8.026,4.799,0.000,0.000,9.690,13.919,0.000,0.000,13.671,6.552,0.000,0.000,11.871,1.132,0.000,0.000,8.805,7.204,0.000,0.000,8.275,3.392,0.000,0.000,6.621,2.728,5.180,3.324,1.995,1.194,1.949,1.239
83,2.767,10,2197,0,0.007,22.252,4.311,4.136,8.822,0.376,14.281,103.637,20.661,0.951,30.842,10.984,9.075,0.001,230.336,10.497,4.708,0.000,0.000,14.852,14.019,0.000,0.000,13.381,6.901,0.000,0.000,8.574,1.475,0.000,0.000,10.742,8.602,0.000,0.000,10.773,3.712,0.000,0.000,6.192,3.489,4.761,3.195,2.117,1.167,2.622,1.670
84,2.800,10,2202,0,0.006,19.401,2.980,2.828,5.948,0.256,10.677,73.828,20.139,0.903,32.729,12.117,9.303,0.000,191.115,12.569,3.050,0.000,0.000,10.028,10.475,0.000,0.000,10.195,5.516,0.000,0.000,10.928,1.271,0.000,0.000,9.337,7.170,0.000,0.000,9.123,2.403,0.000,0.000,4.149,2.412,5.381,2.127,2.001,1.132,1.799,1.074
85,2.833,10,2206,0,0.005,18.058,2.700,2.686,5.811,0.284,12.193,69.939,19.489,1.305,26.379,10.722,8.257,0.000,177.831,8.688,3.244,0.000,0.000,10.226,8.995,0.000,0.000,8.945,4.538,0.000,0.000,8.116,1.272,0.000,0.000,9.635,10.700,0.000,0.000,9.300,2.580,0.000,0.000,4.987,2.440,3.302,2.106,1.916,1.189,1.993,1.001
86,2.867,10,2208,0,0.008,20.320,4.318,4.399,9.953,0.379,10.725,87.257,18.904,0.947,27.595,14.326,8.969,0.001,208.100,8.391,5.168,0.000,0.000,12.257,8.972,0.000,0.000,14.911,4.291,0.000,0.000,7.824,1.467,0.000,0.000,9.241,7.773,0.000,0.000,7.601,2.474,0.000,0.000,4.154,3.836,5.353,2.081,1.892,1.092,1.820,1.619
87,2.900,10,2212,0,0.005,19.689,2.919,3.052,6.392,0.246,14.589,70.086,20.418,1.047,31.006,12.119,9.446,0.001,191.014,10.996,3.761,0.000,0.000,9.794,14.344,0.000,0.000,13.402,5.181,0.000,0.000,8.464,2.583,0.000,0.000,9.572,8.357,0.000,0.000,7.651,5.295,0.000,0.000,4.284,2.339,6.125,2.013,2.544,1.109,1.929,2.162
88,2.933,10,2216,0,0.011,19.885,2.760,2.717,5.950,0.242,17.002,67.599,19.825,0.700,29.356,10.403,7.738,0.000,184.190,11.939,3.381,0.000,0.000,9.480,9.695,0.000,0.000,8.700,4.565,0.000,0.000,14.586,2.604,0.000,0.000,10.096,14.101,0.000,0.000,8.132,2.698,0.000,0.000,4.406,2.151,4.921,2.157,1.895,1.150,2.134,0.990
89,2.967,10,2220,0,0.006,17.727,2.744,2.748,5.886,0.226,10.690,66.973,18.186,0.709,23.552,11.186,8.480,0.001,169.114,10.299,3.371,0.000,0.000,9.632,8.364,0.000,0.000,8.993,6.775,0.000,0.000,7.846,1.717,0.000,0.000,9.768,8.750,0.000,0.000,7.909,2.833,0.000,0.000,4.150,2.376,3.238,3.670,1.908,1.171,1.891,1.064
90,3.000,10,2222,0,0.006,19.590,2.664,2.658,6.168,0.256,11.042,67.665,18.886,0.774,29.312,12.980,8.960,0.001,180.961,9.441,3.500,0.000,0.000,9.623,8.185,0.000,0.000,10.294,6.932,0.000,0.000,11.738,2.003,0.000,0.000,10.080,8.760,0.000,0.000,8.096,2.996,0.000,0.000,4.323,2.202,4.787,3.358,2.721,1.106,2.691,1.282
91,3.033,10,2225,0,0.006,22.097,3.085,3.200,6.265,0.270,16.909,73.966,19.799,0.890,29.123,19.134,10.212,0.000,204.958,8.774,4.116,0.000,0.000,11.950,8.607,0.000,0.000,11.909,4.911,0.000,0.000,9.921,2.754,0.000,0.000,13.172,13.901,0.000,0.000,8.453,3.276,0.000,0.000,4.811,2.272,3.398,2.146,2.073,1.151,2.149,1.057
92,3.067,10,2227,0,0.006,26.746,2.798,2.684,5.820,0.242,17.724,74.485,26.783,0.726,24.612,15.303,10.236,0.000,208.164,12.919,4.998,0.000,0.000,16.826,14.352,0.000,0.000,14.655,6.534,0.000,0.000,12.490,1.617,0.000,0.000,14.130,12.167,0.000,0.000,12.653,4.739,0.000,0.000,6.793,3.773,4.623,3.329,2.893,1.752,2.688,5.477
93,3.100,10,2232,0,0.005,26.404,2.787,2.704,6.279,0.322,13.031,84.417,20.047,0.734,26.758,12.421,8.783,0.000,204.691,8.727,3.475,0.000,0.000,9.786,12.785,0.000,0.000,12.744,4.322,0.000,0.000,10.184,1.569,0.000,0.000,10.455,8.508,0.000,0.000,16.586,3.321,0.000,0.000,4.191,2.081,4.456,2.340,1.966,1.131,1.740,1.055
94,3.133,10,2232,0,0.005,19.370,2.750,2.942,6.610,0.276,14.046,68.331,17.447,0.579,23.681,9.278,7.559,0.001,172.875,11.320,5.129,0.000,0.000,10.426,10.149,0.000,0.000,9.921,4.204,0.000,0.000,8.197,4.611,0.000,0.000,11.090,9.640,0.000,0.000,9.306,5.144,0.000,0.000,4.219,3.328,2.975,3.342,1.949,1.819,2.005,1.712
95,3.167,10,2237,0,0.004,19.111,2.918,2.757,6.143,0.248,16.844,80.913,19.744,0.894,30.949,13.012,8.792,0.001,202.328,9.016,3.389,0.000,0.000,9.415,7.574,0.000,0.000,9.268,4.179,0.000,0.000,8.628,2.676,0.000,0.000,10.253,13.904,0.000,0.000,9.166,3.310,0.000,0.000,4.339,2.347,3.057,1.960,1.943,1.089,1.802,0.996
96,3.200,10,2221,0,0.006,21.642,4.091,2.898,6.310,0.312,12.630,96.819,21.989,1.005,26.720,12.197,8.059,0.000,214.680,9.412,3.901,0.000,0.000,10.115,8.105,0.000,0.000,13.351,4.484,0.000,0.000,8.473,3.069,0.000,0.000,13.028,9.290,0.000,0.000,9.528,3.544,0.000,0.000,6.323,2.622,3.138,2.103,3.423,1.228,1.917,1.014
97,3.233,10,2213,0,0.015,19.503,4.468,3.986,8.623,0.410,13.620,88.451,19.926,0.878,34.583,13.515,10.982,0.001,218.960,9.611,5.122,0.000,0.000,10.515,10.270,0.000,0.000,11.423,6.223,0.000,0.000,9.404,1.736,0.000,0.000,9.939,11.584,0.000,0.000,8.840,5.611,0.000,0.000,4.427,2.781,4.242,2.199,2.541,1.238,3.014,1.681
98,3.267,10,2199,0,0.019,21.367,4.109,4.381,9.231,0.387,12.521,84.399,19.140,0.671,26.847,10.721,7.850,0.001,201.641,9.242,5.176,0.000,0.000,14.071,8.475,0.000,0.000,11.904,4.432,0.000,0.000,9.469,2.425,0.000,0.000,11.303,9.492,0.000,0.000,9.663,5.091,0.000,0.000,5.198,3.268,4.607,3.317,2.024,1.134,2.629,1.061
99,3.300,10,2193,0,0.019,18.863,4.583,2.770,8.813,0.327,17.789,72.514,22.478,0.604,25.763,12.001,9.148,0.000,195.670,8.935,3.192,0.000,0.000,9.611,7.841,0.000,0.000,10.343,9.818,0.000,0.000,8.194,2.796,0.000,0.000,10.503,14.518,0.000,0.000,8.576,5.834,0.000,0.000,4.464,2.576,3.295,2.435,2.027,1.200,1.836,1.515
100,3.333,10,2183,0,0.016,26.670,2.778,2.804,6.235,0.264,20.819,83.138,21.544,0.751,29.500,13.434,9.684,0.000,217.636,9.415,3.952,0.000,0.000,10.956,8.126,0.000,0.000,9.545,8.618,0.000,0.000,15.397,1.909,0.000,0.000,11.602,18.519,0.000,0.000,8.550,5.933,0.000,0.000,6.591,2.260,5.475,3.966,7.477,1.769,1.769,1.123
101,3.367,10,2178,0,0.016,21.767,2.794,3.414,6.423,0.323,14.403,101.002,34.894,0.960,39.148,13.658,10.650,0.001,249.452,16.300,3.788,0.000,0.000,13.295,11.743,0.000,0.000,10.266,6.434,0.000,0.000,8.350,3.816,0.000,0.000,10.346,10.556,0.000,0.000,8.870,7.192,0.000,0.000,6.041,3.162,5.231,3.412,1.784,1.166,1.902,1.559
102,3.400,10,2168,0,0.020,25.623,4.431,5.446,13.105,0.429,15.536,135.604,21.242,0.649,24.065,10.397,8.288,0.001,264.836,9.615,3.128,0.000,0.000,18.015,15.380,0.000,0.000,13.436,6.318,0.000,0.000,12.204,3.206,0.000,0.000,13.521,10.379,0.000,0.000,11.617,3.995,0.000,0.000,6.106,3.074,5.572,4.766,3.160,1.736,2.726,1.609
103,3.433,10,2163,0,0.016,20.427,3.167,3.761,7.090,0.241,12.086,74.359,19.735,0.846,25.567,10.256,7.733,0.001,185.284,9.157,3.380,0.000,0.000,9.323,7.536,0.000,0.000,12.703,5.467,0.000,0.000,9.767,2.256,0.000,0.000,11.159,9.578,0.000,0.000,8.644,4.338,0.000,0.000,5.296,2.913,2.933,2.042,2.008,1.092,1.770,1.602
104,3.467,10,2147,0,0.017,19.669,2.716,2.798,5.964,0.262,12.045,80.645,19.477,0.652,29.959,10.391,7.894,0.000,192.489,9.481,3.355,0.000,0.000,9.471,10.022,0.000,0.000,9.498,5.066,0.000,0.000,8.415,1.915,0.000,0.000,10.403,9.691,0.000,0.000,10.161,5.220,0.000,0.000,4.176,2.036,3.446,2.136,1.933,1.185,1.759,0.972
105,3.500,10,2140,0,0.017,19.759,3.103,2.660,5.911,0.265,14.084,92.657,20.785,0.778,25.961,11.540,8.465,0.000,205.986,9.295,3.269,0.000,0.000,9.427,7.123,0.000,0.000,9.382,4.311,0.000,0.000,8.608,9.585,0.000,0.000,10.986,10.748,0.000,0.000,8.748,4.288,0.000,0.000,4.021,1.866,2.940,2.134,1.852,1.257,1.825,1.118
106,3.533,10,2120,0,0.016,19.890,2.504,3.238,5.838,0.272,12.185,71.262,23.559,0.589,32.824,13.267,11.986,0.001,197.430,10.236,3.225,0.000,0.000,9.383,10.885,0.000,0.000,10.862,4.456,0.000,0.000,12.055,2.215,0.000,0.000,10.228,9.698,0.000,0.000,9.607,4.286,0.000,0.000,6.220,1.828,4.218,2.017,2.578,1.077,2.048,1.025
107,3.567,10,2106,0,0.017,25.893,2.697,3.050,6.758,0.260,16.974,75.202,19.052,0.581,23.510,9.494,8.173,0.001,191.660,14.358,4.949,0.000,0.000,9.974,11.124,0.000,0.000,13.816,6.650,0.000,0.000,13.537,3.095,0.000,0.000,12.833,13.579,0.000,0.000,12.149,6.265,0.000,0.000,6.873,2.823,4.871,3.329,2.701,1.764,2.673,1.645
108,3.600,10,2089,0,0.020,19.903,2.433,2.765,7.627,0.365,14.550,110.457,24.059,0.860,30.785,14.849,9.890,0.001,238.563,9.348,5.159,0.000,0.000,9.997,8.608,0.000,0.000,12.088,7.233,0.000,0.000,9.054,2.539,0.000,0.000,10.731,11.701,0.000,0.000,8.821,6.937,0.000,0.000,4.486,1.666,2.949,2.734,1.855,1.081,1.947,1.066
109,3.633,10,2073,0,2.089,35.376,4.207,3.526,5.872,0.232,14.392,74.177,22.186,0.590,32.152,12.864,10.000,0.001,217.665,0.000,0.000,18.206,4.280,0.000,0.000,11.558,9.353,0.000,0.000,12.667,5.478,0.000,0.000,14.336,3.402,0.000,0.000,12.825,10.763,0.000,0.000,22.452,9.779,6.120,1.641,7.018,1.982,2.686,1.101,2.675,1.076
110,3.667,10,2060,0,0.022,26.849,3.804,4.247,8.443,0.319,21.244,72.209,23.224,1.128,27.541,11.601,8.350,0.001,208.983,0.000,0.000,13.502,5.128,0.000,0.000,11.763,7.968,0.000,0.000,13.688,5.533,0.000,0.000,12.637,3.354,0.000,0.000,14.923,17.515,0.000,0.000,10.931,11.334,5.804,1.750,4.377,2.256,3.173,1.064,2.492,0.982
111,3.700,10,2046,0,0.017,20.105,2.774,2.708,6.194,0.250,14.554,118.575,23.496,0.926,24.405,10.618,9.578,0.000,234.199,0.000,0.000,9.094,3.777,0.000,0.000,12.003,11.962,0.000,0.000,13.900,4.633,0.000,0.000,9.322,2.790,0.000,0.000,10.534,11.519,0.000,0.000,9.899,8.697,4.257,1.546,4.487,1.967,1.908,1.040,1.893,1.075
112,3.733,10,2030,0,0.016,21.517,2.408,2.756,5.863,0.242,12.444,67.859,21.633,0.576,26.599,11.080,8.743,0.001,181.737,0.000,0.000,9.302,3.563,0.000,0.000,10.409,7.487,0.000,0.000,9.210,6.018,0.000,0.000,11.801,2.740,0.000,0.000,12.174,9.494,0.000,0.000,11.156,7.953,3.857,1.552,3.047,1.995,1.816,1.064,1.799,0.988
113,3.767,10,2002,0,0.016,20.918,2.480,2.685,6.354,0.324,14.654,70.541,20.289,0.535,24.533,10.186,8.105,0.001,181.618,0.000,0.000,9.175,3.507,0.000,0.000,11.031,11.078,0.000,0.000,13.739,4.553,0.000,0.000,12.064,2.993,0.000,0.000,11.034,11.332,0.000,0.000,9.844,7.435,3.852,1.554,4.758,2.026,1.896,1.050,1.808,1.048
114,3.800,10,1991,0,0.016,22.693,3.098,3.199,5.979,0.441,12.783,89.695,21.045,0.517,26.000,12.099,8.738,0.001,206.304,0.000,0.000,10.301,3.259,0.000,0.000,12.317,11.114,0.000,0.000,9.760,5.364,0.000,0.000,10.468,3.189,0.000,0.000,12.749,9.471,0.000,0.000,10.490,6.979,4.938,1.552,4.588,2.259,2.338,1.051,2.733,1.065
115,3.833,10,1970,0,0.021,21.149,3.432,4.238,9.267,0.461,20.656,87.270,19.340,0.638,29.580,12.626,8.522,0.001,217.202,0.000,0.000,8.941,5.365,0.000,0.000,16.201,7.655,0.000,0.000,13.043,5.963,0.000,0.000,9.137,4.494,0.000,0.000,11.182,15.886,0.000,0.000,10.162,10.976,5.421,1.543,4.464,2.048,2.538,1.074,1.662,1.049
116,3.867,10,1952,0,0.016,21.511,2.384,2.810,6.116,0.314,13.482,68.322,21.073,0.913,36.930,12.209,9.861,0.001,195.939,0.000,0.000,13.116,3.802,0.000,0.000,11.246,7.309,0.000,0.000,9.532,6.269,0.000,0.000,9.966,2.885,0.000,0.000,11.847,10.362,0.000,0.000,10.506,6.499,3.747,2.035,4.293,2.057,1.848,1.655,1.867,0.976
117,3.900,10,1935,0,0.018,26.334,2.169,2.721,5.798,0.290,14.304,86.807,19.970,0.634,30.269,12.602,9.382,0.001,211.300,0.000,0.000,12.989,3.141,0.000,0.000,14.278,10.678,0.000,0.000,9.818,4.146,0.000,0.000,14.486,2.942,0.000,0.000,10.901,10.944,0.000,0.000,13.294,6.193,5.544,1.224,3.422,1.989,1.943,1.057,2.637,1.055
118,3.933,10,1918,0,0.018,27.428,2.311,3.003,7.469,0.357,13.972,70.277,22.470,0.517,27.202,13.486,11.198,0.000,199.707,0.000,0.000,9.923,4.576,0.000,0.000,15.277,11.976,0.000,0.000,10.769,5.170,0.000,0.000,14.397,3.135,0.000,0.000,17.361,10.490,0.000,0.000,9.727,7.577,5.531,1.233,4.342,2.075,2.094,1.079,2.614,1.042
119,3.967,10,1898,0,0.018,29.589,2.245,2.738,5.724,0.224,21.472,70.106,24.742,0.623,38.193,15.206,12.055,0.000,222.936,0.000,0.000,13.709,4.785,0.000,0.000,17.123,10.280,0.000,0.000,15.347,6.575,0.000,0.000,13.659,4.638,0.000,0.000,15.783,16.512,0.000,0.000,13.695,8.138,5.494,1.792,4.873,3.530,2.842,1.030,2.772,0.967
120,4.000,10,1871,0,0.019,31.510,2.204,2.831,5.799,0.229,14.701,87.463,29.060,0.688,31.739,12.713,13.689,0.001,232.647,0.000,0.000,13.325,4.495,0.000,0.000,16.822,8.387,0.000,0.000,13.907,4.156,0.000,0.000,14.118,5.316,0.000,0.000,18.008,10.294,0.000,0.000,9.261,6.702,5.926,1.791,4.654,3.425,2.665,1.075,2.375,0.959
121,4.033,10,1857,0,0.019,26.681,2.867,4.190,9.307,0.332,14.730,68.322,20.506,0.683,25.380,10.739,8.251,0.001,192.006,0.000,0.000,12.570,4.941,0.000,0.000,18.184,8.163,0.000,0.000,9.994,4.112,0.000,0.000,10.204,4.831,0.000,0.000,11.436,10.376,0.000,0.000,14.052,9.246,3.908,1.547,4.979,3.191,2.133,1.028,1.887,0.954
122,4.067,10,1844,0,0.018,20.310,2.075,2.766,6.160,0.246,12.991,68.481,18.499,0.462,23.322,10.897,7.605,0.000,173.831,0.000,0.000,8.704,3.087,0.000,0.000,11.511,7.891,0.000,0.000,13.595,4.943,0.000,0.000,9.716,4.981,0.000,0.000,11.561,9.836,0.000,0.000,9.758,6.334,3.615,1.427,4.356,3.383,1.834,1.033,1.782,1.002
123,4.100,10,1830,0,0.017,21.603,2.122,2.686,6.035,0.268,13.798,67.615,18.780,0.850,41.446,15.013,12.297,0.001,202.530,0.000,0.000,9.248,3.372,0.000,0.000,10.795,7.431,0.000,0.000,9.710,5.071,0.000,0.000,9.448,3.446,0.000,0.000,12.249,10.369,0.000,0.000,9.449,6.282,3.403,0.981,3.034,2.172,1.704,1.193,1.806,0.994
124,4.133,10,1808,0,0.020,30.585,2.857,4.131,8.716,0.216,15.149,101.976,19.763,0.596,27.284,12.388,8.635,0.000,232.317,0.000,0.000,13.605,3.294,0.000,0.000,15.698,9.057,0.000,0.000,17.914,8.798,0.000,0.000,15.358,5.275,0.000,0.000,16.840,11.615,0.000,0.000,10.590,9.622,5.232,1.714,5.350,2.082,2.498,1.948,3.033,0.990
125,4.167,10,1781,0,0.021,24.532,2.311,2.678,6.056,0.263,15.405,81.646,22.727,0.738,27.189,11.446,10.323,0.000,205.336,0.000,0.000,10.372,4.160,0.000,0.000,15.116,8.054,0.000,0.000,11.238,4.361,0.000,0.000,10.452,6.528,0.000,0.000,13.975,11.189,0.000,0.000,10.165,6.816,3.696,0.820,3.438,3.906,2.501,1.143,2.805,0.976
126,4.200,10,1770,0,0.021,29.942,2.923,4.042,8.992,0.322,19.411,72.814,24.366,0.527,23.856,11.020,7.787,0.001,206.022,0.000,0.000,15.103,4.931,0.000,0.000,15.539,10.512,0.000,0.000,15.706,4.355,0.000,0.000,22.301,3.558,0.000,0.000,13.365,15.462,0.000,0.000,14.377,7.033,4.687,1.128,3.257,3.420,1.919,1.769,2.575,1.223
127,4.233,10,1750,0,0.022,21.007,2.070,3.105,5.965,0.213,14.615,74.634,19.809,0.681,29.860,10.757,8.122,0.001,190.858,0.000,0.000,9.010,3.422,0.000,0.000,10.697,7.738,0.000,0.000,9.917,4.982,0.000,0.000,10.403,5.380,0.000,0.000,11.915,11.129,0.000,0.000,10.439,7.768,4.677,1.046,2.816,3.108,1.681,1.025,2.506,1.021
128,4.267,10,1733,0,0.017,23.165,2.075,2.897,6.206,0.236,14.456,69.687,21.461,0.449,27.578,12.354,9.361,0.001,189.943,0.000,0.000,10.302,3.271,0.000,0.000,10.991,9.576,0.000,0.000,18.155,4.666,0.000,0.000,9.889,6.813,0.000,0.000,13.159,11.122,0.000,0.000,10.129,6.670,3.576,1.325,2.940,3.817,1.779,1.024,3.070,0.997
129,4.300,10,1717,0,0.020,23.059,1.943,3.014,5.962,0.199,15.567,87.925,23.671,0.626,29.388,11.152,8.960,0.001,211.488,0.000,0.000,11.393,3.063,0.000,0.000,10.560,7.584,0.000,0.000,14.745,6.614,0.000,0.000,15.409,5.970,0.000,0.000,11.590,10.858,0.000,0.000,10.695,9.313,5.566,0.926,4.595,2.461,2.641,1.571,2.637,1.666
130,4.333,10,1693,0,0.015,24.424,2.657,2.984,7.973,0.352,17.003,86.598,22.551,0.680,33.612,16.084,13.878,0.001,228.812,0.000,0.000,10.003,3.513,0.000,0.000,13.467,8.732,0.000,0.000,9.953,5.160,0.000,0.000,14.584,6.338,0.000,0.000,14.296,11.957,0.000,0.000,10.746,11.323,4.159,0.999,4.422,3.616,1.749,1.171,2.690,1.063
131,4.367,10,1680,0,0.017,24.188,2.179,3.883,8.064,0.272,16.695,69.366,22.322,0.401,31.275,11.002,8.785,0.001,198.449,0.000,0.000,9.558,5.827,0.000,0.000,17.113,14.129,0.000,0.000,13.713,4.754,0.000,0.000,12.671,6.333,0.000,0.000,14.300,11.674,0.000,0.000,11.356,7.158,5.087,0.723,4.714,3.212,2.704,1.644,2.222,1.352
132,4.400,10,1663,0,0.015,22.807,1.846,2.879,6.059,0.187,17.382,74.578,20.486,0.476,27.864,11.844,8.978,0.001,195.401,0.000,0.000,13.466,2.971,0.000,0.000,12.791,7.854,0.000,0.000,13.444,6.789,0.000,0.000,10.080,6.419,0.000,0.000,11.869,10.646,0.000,0.000,9.978,10.743,4.924,0.703,4.318,3.390,2.656,1.339,2.407,1.002
133,4.433,10,1643,0,0.016,22.908,1.822,2.682,5.921,0.175,14.621,92.258,22.027,0.730,31.355,12.269,8.455,0.000,215.240,0.000,0.000,10.352,3.206,0.000,0.000,10.893,8.697,0.000,0.000,14.825,5.127,0.000,0.000,10.948,6.575,0.000,0.000,12.466,10.967,0.000,0.000,11.409,9.209,4.311,0.643,4.623,3.440,1.743,1.091,1.728,1.113
134,4.467,10,1614,0,0.018,22.420,1.894,2.854,6.356,0.197,19.367,79.380,19.226,0.841,23.573,9.204,7.929,0.000,193.260,0.000,0.000,9.187,3.482,0.000,0.000,10.692,8.068,0.000,0.000,13.711,6.875,0.000,0.000,9.957,6.736,0.000,0.000,13.120,11.745,0.000,0.000,9.954,12.229,3.515,0.710,4.038,3.052,1.787,1.014,1.791,1.043
135,4.500,10,1596,0,0.017,21.134,1.763,2.692,5.811,0.162,13.148,65.862,18.553,0.401,25.485,10.216,7.441,0.001,172.685,0.000,0.000,8.839,2.962,0.000,0.000,11.757,8.788,0.000,0.000,9.810,4.527,0.000,0.000,9.872,6.050,0.000,0.000,12.086,10.126,0.000,0.000,10.403,7.460,4.096,0.467,3.049,2.374,1.937,1.411,1.914,1.395
136,4.533,10,1570,0,0.014,21.238,1.797,2.850,5.931,0.172,13.500,66.786,24.042,0.506,28.380,13.182,8.099,0.000,186.499,0.000,0.000,9.171,2.961,0.000,0.000,10.801,7.940,0.000,0.000,10.391,4.818,0.000,0.000,9.920,4.461,0.000,0.000,11.993,10.477,0.000,0.000,10.113,7.472,3.334,0.321,2.902,2.363,1.793,1.053,1.688,1.016
137,4.567,10,1543,0,0.017,23.599,2.077,3.406,6.858,0.298,16.118,77.902,21.584,0.433,24.807,11.158,8.252,0.001,196.510,0.000,0.000,8.918,3.316,0.000,0.000,12.277,7.875,0.000,0.000,10.664,4.924,0.000,0.000,11.241,6.997,0.000,0.000,12.459,12.729,0.000,0.000,12.891,7.182,4.774,0.400,3.833,3.283,1.885,0.991,1.894,0.964
138,4.600,10,1528,0,0.018,22.272,2.009,3.223,5.898,0.189,15.479,77.038,17.941,0.519,23.955,12.035,9.438,0.001,190.015,0.000,0.000,9.168,3.012,0.000,0.000,11.820,9.414,0.000,0.000,10.265,4.665,0.000,0.000,14.575,7.058,0.000,0.000,12.952,12.403,0.000,0.000,10.819,8.287,3.397,0.389,4.212,3.083,1.751,1.009,2.126,0.993
139,4.633,9,1516,0,0.019,24.692,2.234,4.390,6.394,0.181,17.586,105.107,23.345,0.737,40.162,15.602,12.069,0.001,252.519,0.000,0.000,10.438,3.555,0.000,0.000,12.187,12.800,0.000,0.000,12.175,5.059,0.000,0.000,12.526,7.184,0.000,0.000,11.850,13.970,0.000,0.000,12.404,10.409,0.000,0.000,3.032,3.380,1.846,1.611,1.626,1.497
140,4.667,9,1492,0,0.020,31.212,2.458,3.956,9.431,0.248,27.095,108.200,22.164,0.593,33.129,13.134,9.747,0.000,261.387,0.000,0.000,14.877,5.028,0.000,0.000,20.364,26.788,0.000,0.000,14.128,4.791,0.000,0.000,14.309,10.028,0.000,0.000,16.906,12.332,0.000,0.000,14.793,13.316,0.000,0.000,4.426,3.973,2.576,2.043,2.983,2.029
141,4.700,9,1473,0,0.019,25.952,2.136,2.716,6.034,0.190,16.610,76.891,19.871,0.609,31.746,11.415,8.934,0.001,203.124,0.000,0.000,9.432,3.325,0.000,0.000,11.571,10.651,0.000,0.000,18.233,8.475,0.000,0.000,10.034,5.535,0.000,0.000,16.263,13.232,0.000,0.000,9.725,8.237,0.000,0.000,3.452,3.555,1.861,1.083,2.024,1.244
142,4.733,9,1452,0,0.017,21.864,2.154,3.188,5.946,0.204,14.651,68.542,18.843,0.406,29.449,10.704,8.823,0.000,184.791,0.000,0.000,9.645,3.654,0.000,0.000,20.046,8.441,0.000,0.000,9.999,4.643,0.000,0.000,10.647,9.525,0.000,0.000,12.131,10.941,0.000,0.000,10.721,7.706,0.000,0.000,3.123,2.102,1.849,2.021,1.879,1.236
143,4.767,9,1433,0,0.017,21.738,1.939,3.549,7.032,0.183,15.178,71.681,17.842,0.479,26.497,12.923,10.213,0.000,189.270,0.000,0.000,9.250,3.399,0.000,0.000,10.796,8.785,0.000,0.000,18.208,9.422,0.000,0.000,10.730,4.610,0.000,0.000,11.873,11.691,0.000,0.000,10.891,9.478,0.000,0.000,2.824,1.979,1.722,1.918,1.872,0.981
144,4.800,9,1413,0,0.017,27.861,2.260,2.802,6.780,0.172,16.174,77.638,21.806,0.430,27.472,11.838,8.850,0.000,204.101,0.000,0.000,14.587,3.831,0.000,0.000,12.416,12.361,0.000,0.000,14.467,7.326,0.000,0.000,14.873,5.972,0.000,0.000,13.622,12.280,0.000,0.000,13.253,8.137,0.000,0.000,4.543,3.295,2.655,1.499,2.410,1.583
145,4.833,9,1401,0,0.017,22.700,1.837,2.589,5.820,0.185,14.123,66.255,18.064,0.405,27.507,10.342,8.426,0.000,178.271,0.000,0.000,9.392,3.006,0.000,0.000,10.728,9.643,0.000,0.000,10.661,5.015,0.000,0.000,11.070,5.158,0.000,0.000,13.214,10.432,0.000,0.000,11.556,8.886,0.000,0.000,2.958,2.132,2.363,1.057,1.671,0.990
146,4.867,9,1388,0,0.017,23.513,1.853,2.583,5.636,0.167,13.873,92.897,25.393,0.473,29.673,11.499,8.997,0.001,216.575,0.000,0.000,12.821,3.128,0.000,0.000,10.797,8.128,0.000,0.000,10.135,4.720,0.000,0.000,11.145,7.206,0.000,0.000,13.257,10.666,0.000,0.000,10.490,8.055,0.000,0.000,4.030,2.579,2.185,1.183,2.175,1.018
147,4.900,9,1370,0,0.018,21.974,1.798,2.526,6.137,0.168,15.601,70.953,20.722,0.428,27.871,11.251,8.899,0.001,188.347,0.000,0.000,9.520,3.199,0.000,0.000,10.761,13.173,0.000,0.000,14.924,5.463,0.000,0.000,15.917,7.637,0.000,0.000,12.369,11.146,0.000,0.000,10.684,9.895,0.000,0.000,4.606,3.285,2.667,1.603,2.157,1.335
148,4.933,9,1355,0,0.014,21.671,1.794,2.513,5.905,0.154,14.046,68.023,19.073,0.513,26.283,12.040,9.120,0.001,181.150,0.000,0.000,9.416,3.254,0.000,0.000,10.788,12.647,0.000,0.000,15.252,7.013,0.000,0.000,16.273,5.168,0.000,0.000,12.161,10.734,0.000,0.000,10.578,8.157,0.000,0.000,4.650,3.217,2.876,1.601,2.073,1.297
149,4.967,9,1339,0,0.015,22.747,1.753,2.736,6.393,0.197,16.816,71.240,19.378,0.509,27.909,11.675,7.718,0.000,189.087,0.000,0.000,10.159,4.090,0.000,0.000,10.924,8.562,0.000,0.000,10.578,6.177,0.000,0.000,15.167,5.053,0.000,0.000,12.500,12.661,0.000,0.000,10.956,10.173,0.000,0.000,2.982,2.327,1.661,1.062,2.859,8.070
150,5.000,9,1316,0,0.018,24.599,1.844,2.642,5.870,0.159,14.316,80.923,19.595,0.468,30.159,9.852,9.331,0.001,199.776,0.000,0.000,9.577,3.221,0.000,0.000,10.523,8.098,0.000,0.000,10.053,4.983,0.000,0.000,10.411,5.798,0.000,0.000,14.873,11.019,0.000,0.000,10.798,8.909,0.000,0.000,2.926,4.863,1.736,1.077,1.645,1.019
151,5.033,9,1289,0,0.012,22.799,1.780,2.503,5.886,0.147,18.420,73.781,20.387,0.539,25.959,10.770,9.022,0.001,192.005,0.000,0.000,9.581,3.251,0.000,0.000,10.905,7.900,0.000,0.000,10.058,7.138,0.000,0.000,11.860,6.961,0.000,0.000,13.085,10.830,0.000,0.000,10.787,11.113,0.000,0.000,2.941,3.180,1.827,0.987,1.654,0.942
152,5.067,9,1266,0,0.015,26.592,1.881,2.807,6.313,0.167,14.912,84.269,18.942,0.490,26.920,14.662,9.235,0.000,207.206,0.000,0.000,13.620,3.787,0.000,0.000,11.858,12.787,0.000,0.000,13.382,4.909,0.000,0.000,10.597,5.057,0.000,0.000,15.840,11.063,0.000,0.000,11.862,8.730,0.000,0.000,3.907,2.038,2.544,1.419,2.360,0.962
153,5.100,9,1248,0,0.015,37.678,1.803,2.616,6.161,0.146,14.544,79.461,17.895,0.392,24.638,10.798,8.780,0.001,204.929,0.000,0.000,10.085,3.464,0.000,0.000,13.034,13.854,0.000,0.000,9.980,4.532,0.000,0.000,37.301,5.160,0.000,0.000,13.063,11.012,0.000,0.000,10.894,8.876,0.000,0.000,3.100,2.042,2.113,1.028,1.803,0.917
154,5.133,9,1222,0,0.015,23.155,1.914,3.491,7.573,0.149,17.005,73.656,18.602,0.378,26.013,12.804,8.529,0.001,193.284,0.000,0.000,9.636,4.509,0.000,0.000,11.133,13.228,0.000,0.000,10.015,5.739,0.000,0.000,13.016,8.846,0.000,0.000,13.432,11.577,0.000,0.000,11.740,10.461,0.000,0.000,3.897,3.680,1.780,1.777,1.713,1.694
155,5.167,9,1195,0,0.014,21.957,2.204,2.663,6.367,0.300,16.664,73.348,19.097,0.414,23.963,15.147,8.898,0.000,191.037,0.000,0.000,9.341,3.328,0.000,0.000,11.176,9.070,0.000,0.000,10.566,10.331,0.000,0.000,11.156,6.663,0.000,0.000,12.509,11.643,0.000,0.000,10.984,8.992,0.000,0.000,3.173,2.426,1.781,1.683,1.745,1.711
156,5.200,9,1173,0,0.017,22.721,2.148,2.908,7.553,0.327,20.693,100.679,21.090,0.513,29.283,12.984,8.202,0.001,229.121,0.000,0.000,9.261,4.582,0.000,0.000,16.154,12.397,0.000,0.000,10.363,5.035,0.000,0.000,15.976,4.958,0.000,0.000,12.829,16.031,0.000,0.000,12.302,8.751,0.000,0.000,4.429,2.285,2.734,1.002,1.888,0.941
157,5.233,9,1158,0,0.016,22.686,1.782,2.601,5.834,0.134,18.238,66.542,19.225,0.395,25.207,11.768,8.344,0.000,182.773,0.000,0.000,9.032,3.217,0.000,0.000,10.766,8.007,0.000,0.000,10.853,5.810,0.000,0.000,10.850,12.791,0.000,0.000,13.544,10.804,0.000,0.000,10.860,12.138,0.000,0.000,2.940,2.230,1.765,1.154,1.835,1.286
158,5.267,9,1137,0,0.015,22.819,1.834,2.496,5.868,0.177,21.441,88.278,18.768,0.437,30.728,11.789,8.467,0.001,213.118,0.000,0.000,9.746,3.639,0.000,0.000,11.489,7.688,0.000,0.000,9.884,7.227,0.000,0.000,16.083,8.312,0.000,0.000,12.974,10.636,0.000,0.000,10.897,13.901,0.000,0.000,2.904,1.983,1.740,1.584,2.557,0.990
159,5.300,9,1116,0,0.017,22.355,2.070,2.838,5.878,0.291,15.809,96.472,20.945,0.340,28.747,11.356,8.832,0.000,215.950,0.000,0.000,13.303,3.596,0.000,0.000,11.082,12.510,0.000,0.000,10.765,7.037,0.000,0.000,10.009,5.230,0.000,0.000,12.243,12.152,0.000,0.000,11.552,8.772,0.000,0.000,3.310,3.354,2.837,1.647,1.654,1.669
160,5.333,9,1098,0,0.018,21.771,1.800,2.497,6.052,0.153,28.811,76.790,20.000,0.504,25.295,10.154,7.576,0.001,201.421,0.000,0.000,9.607,3.200,0.000,0.000,10.779,12.210,0.000,0.000,16.299,21.989,0.000,0.000,14.598,26.460,0.000,0.000,12.042,10.204,0.000,0.000,10.583,13.420,0.000,0.000,4.305,2.201,2.656,1.026,2.739,0.954
161,5.367,9,1082,0,0.016,22.460,1.802,2.625,5.844,0.153,16.735,67.605,24.151,0.351,30.749,11.698,9.087,0.000,193.276,0.000,0.000,9.498,3.161,0.000,0.000,11.105,15.178,0.000,0.000,9.835,5.701,0.000,0.000,9.972,5.444,0.000,0.000,12.820,10.820,0.000,0.000,10.780,10.955,0.000,0.000,2.824,2.061,1.823,1.073,1.903,0.995
162,5.400,9,1064,0,0.016,22.050,1.907,2.467,5.953,0.148,13.942,67.963,17.509,0.338,30.057,12.494,8.646,0.000,183.489,0.000,0.000,9.091,2.985,0.000,0.000,11.056,8.154,0.000,0.000,12.345,4.756,0.000,0.000,11.172,5.133,0.000,0.000,11.996,10.595,0.000,0.000,10.951,8.946,0.000,0.000,3.685,2.062,1.954,0.986,1.743,1.273
163,5.433,9,1036,0,0.038,22.554,1.990,2.505,5.853,0.153,13.797,66.229,17.499,0.292,26.149,10.859,8.452,0.001,176.370,0.000,0.000,9.598,2.910,0.000,0.000,10.653,12.385,0.000,0.000,9.842,4.646,0.000,0.000,14.624,5.519,0.000,0.000,12.854,10.632,0.000,0.000,10.852,8.922,0.000,0.000,2.917,2.081,1.843,2.612,2.546,1.054
164,5.467,9,1006,0,0.016,22.454,1.728,2.495,5.986,0.122,14.542,65.147,18.414,0.288,25.795,18.579,8.691,0.001,184.256,0.000,0.000,9.475,2.754,0.000,0.000,10.738,7.110,0.000,0.000,11.068,5.385,0.000,0.000,12.014,4.985,0.000,0.000,12.889,10.495,0.000,0.000,10.875,9.336,0.000,0.000,3.183,2.192,1.789,0.958,1.696,1.089
165,5.500,9,980,0,0.018,21.454,1.696,2.536,5.609,0.137,13.514,67.974,18.960,0.293,25.805,11.182,7.888,0.001,177.065,0.000,0.000,9.253,2.762,0.000,0.000,10.574,7.551,0.000,0.000,10.907,4.724,0.000,0.000,9.772,5.816,0.000,0.000,12.154,10.604,0.000,0.000,10.907,8.598,0.000,0.000,3.034,2.397,1.891,1.150,1.719,1.107
166,5.533,9,967,0,0.016,21.417,2.397,4.059,9.106,0.161,21.806,101.999,22.644,0.424,26.257,10.999,8.288,0.001,229.572,0.000,0.000,9.152,4.304,0.000,0.000,10.523,7.131,0.000,0.000,10.416,5.714,0.000,0.000,9.736,5.341,0.000,0.000,11.965,17.410,0.000,0.000,11.580,8.902,0.000,0.000,4.635,2.088,1.770,1.046,1.658,1.383
167,5.567,9,946,0,0.018,22.678,1.828,2.665,6.151,0.117,15.808,69.310,21.341,0.310,23.965,9.607,7.597,0.000,181.396,0.000,0.000,9.210,3.135,0.000,0.000,10.705,8.794,0.000,0.000,12.862,5.788,0.000,0.000,10.819,5.509,0.000,0.000,13.340,11.225,0.000,0.000,10.937,10.058,0.000,0.000,3.629,3.016,1.724,1.382,1.743,1.413
168,5.600,9,930,0,0.018,22.104,1.807,2.533,5.899,0.109,17.406,67.013,20.953,0.341,28.542,10.963,9.010,0.001,186.701,0.000,0.000,9.583,2.519,0.000,0.000,12.204,7.869,0.000,0.000,9.921,8.425,0.000,0.000,11.670,9.287,0.000,0.000,12.440,10.970,0.000,0.000,11.065,9.249,0.000,0.000,3.387,3.463,1.762,1.673,2.013,1.353
169,5.633,9,905,0,0.014,26.906,1.813,2.605,6.000,0.113,13.688,67.166,19.139,0.361,25.832,9.684,8.141,0.001,181.465,0.000,0.000,14.090,2.738,0.000,0.000,10.800,11.179,0.000,0.000,14.960,4.406,0.000,0.000,14.235,4.764,0.000,0.000,12.119,10.853,0.000,0.000,12.701,9.026,0.000,0.000,3.031,2.400,2.752,1.263,1.790,0.994
170,5.667,9,882,0,0.017,21.452,1.638,2.683,6.604,0.105,14.794,74.081,20.216,0.343,24.638,10.516,7.767,0.001,184.853,0.000,0.000,13.701,2.799,0.000,0.000,10.504,7.396,0.000,0.000,9.351,7.362,0.000,0.000,9.523,5.689,0.000,0.000,12.052,10.339,0.000,0.000,10.855,8.832,0.000,0.000,2.927,3.431,1.716,1.022,2.634,0.985
171,5.700,9,860,0,0.015,21.487,1.963,2.528,5.932,0.098,13.570,68.723,18.290,0.446,25.757,10.781,7.798,0.001,177.388,0.000,0.000,9.575,2.647,0.000,0.000,10.197,7.136,0.000,0.000,9.330,4.590,0.000,0.000,9.921,5.293,0.000,0.000,12.119,10.282,0.000,0.000,10.988,8.775,0.000,0.000,3.061,2.102,1.867,0.932,1.619,0.957
172,5.733,9,840,0,0.016,22.485,1.788,2.616,5.819,0.099,14.193,73.692,22.052,0.337,31.141,12.835,9.912,0.001,196.985,0.000,0.000,10.275,2.621,0.000,0.000,11.011,8.751,0.000,0.000,10.057,4.724,0.000,0.000,10.021,8.267,0.000,0.000,12.330,10.654,0.000,0.000,10.903,9.261,0.000,0.000,3.057,3.159,1.932,1.074,1.802,0.954
173,5.767,9,830,0,0.017,29.363,1.796,2.536,5.886,0.092,17.623,66.082,21.704,0.265,31.433,11.497,9.250,0.001,197.546,0.000,0.000,13.799,4.182,0.000,0.000,10.326,11.318,0.000,0.000,14.464,4.785,0.000,0.000,15.318,5.180,0.000,0.000,12.450,13.357,0.000,0.000,15.371,9.529,0.000,0.000,4.743,2.134,2.702,1.025,2.182,0.956
174,5.800,9,805,0,0.017,22.146,1.848,2.528,6.055,0.094,16.201,70.201,18.181,0.409,27.492,12.182,8.775,0.001,186.131,0.000,0.000,9.515,4.012,0.000,0.000,16.428,8.828,0.000,0.000,14.720,4.328,0.000,0.000,9.812,4.938,0.000,0.000,12.503,12.111,0.000,0.000,10.304,8.623,0.000,0.000,4.723,2.096,2.703,0.971,1.806,0.948
175,5.833,9,780,0,0.018,27.555,2.007,2.477,7.645,0.126,19.506,69.420,18.458,0.293,25.461,11.495,8.445,0.001,192.905,0.000,0.000,10.826,4.598,0.000,0.000,10.732,7.498,0.000,0.000,15.821,4.383,0.000,0.000,14.074,5.245,0.000,0.000,13.303,11.399,0.000,0.000,16.527,14.821,0.000,0.000,4.362,2.254,2.966,1.013,2.475,1.071
176,5.867,9,753,0,0.016,22.266,1.853,2.528,5.928,0.096,16.175,67.578,20.454,0.242,31.774,13.091,9.129,0.001,191.132,0.000,0.000,11.354,2.722,0.000,0.000,13.336,7.399,0.000,0.000,9.870,6.091,0.000,0.000,12.154,7.147,0.000,0.000,12.139,10.944,0.000,0.000,10.788,9.813,0.000,0.000,3.948,3.809,1.669,0.986,2.055,0.959
177,5.900,9,732,0,0.021,23.327,2.032,3.962,6.480,0.098,22.970,65.822,20.817,0.285,26.449,11.341,8.614,0.000,192.219,0.000,0.000,9.611,2.981,0.000,0.000,15.329,8.148,0.000,0.000,10.070,7.749,0.000,0.000,10.758,11.484,0.000,0.000,12.861,10.959,0.000,0.000,13.198,14.943,0.000,0.000,3.110,2.171,2.218,1.045,2.590,0.982
178,5.933,9,708,0,0.015,22.382,1.766,2.537,6.475,0.082,14.190,66.231,18.338,0.231,35.785,13.568,10.841,0.001,192.442,0.000,0.000,13.981,2.642,0.000,0.000,10.738,7.727,0.000,0.000,9.479,4.689,0.000,0.000,10.652,5.447,0.000,0.000,12.811,10.606,0.000,0.000,11.110,9.300,0.000,0.000,3.151,2.153,1.740,1.063,2.466,0.976
179,5.967,9,681,0,0.019,29.711,2.578,4.984,13.346,0.149,23.250,67.133,18.843,0.269,29.327,10.849,9.018,0.001,209.478,0.000,0.000,9.857,5.612,0.000,0.000,19.271,7.728,0.000,0.000,14.153,5.122,0.000,0.000,17.541,9.546,0.000,0.000,11.994,11.558,0.000,0.000,15.350,17.567,0.000,0.000,4.864,2.194,3.003,0.975,1.636,1.643
180,6.000,9,668,0,0.016,22.742,1.996,3.552,6.351,0.083,16.304,68.659,21.143,0.259,32.540,12.834,9.094,0.000,195.574,0.000,0.000,11.305,2.609,0.000,0.000,11.463,7.628,0.000,0.000,13.887,5.558,0.000,0.000,10.319,8.632,0.000,0.000,12.204,13.636,0.000,0.000,11.280,9.327,0.000,0.000,3.087,2.110,2.578,1.663,1.634,0.965
181,6.033,9,655,0,0.019,23.934,3.321,2.864,6.131,0.078,21.953,74.369,19.495,0.211,30.357,12.329,10.092,0.001,205.153,0.000,0.000,9.720,3.068,0.000,0.000,10.901,7.590,0.000,0.000,14.652,7.519,0.000,0.000,15.076,8.045,0.000,0.000,14.154,16.776,0.000,0.000,12.128,14.178,0.000,0.000,3.624,3.219,2.673,1.636,2.631,1.611
182,6.067,9,642,0,0.017,24.690,1.796,2.567,5.880,0.074,20.627,93.081,18.614,0.212,31.081,11.736,9.161,0.001,219.537,0.000,0.000,9.603,4.028,0.000,0.000,17.134,8.556,0.000,0.000,15.706,6.923,0.000,0.000,11.750,5.479,0.000,0.000,13.715,16.533,0.000,0.000,12.816,12.066,0.000,0.000,4.779,3.323,2.606,1.022,2.182,1.012
183,6.100,9,623,0,0.022,31.008,2.063,3.006,10.215,0.136,29.082,132.091,22.696,0.308,29.863,13.159,9.873,0.001,283.523,0.000,0.000,15.685,5.835,0.000,0.000,14.823,8.794,0.000,0.000,16.526,5.566,0.000,0.000,12.713,11.154,0.000,0.000,17.491,23.153,0.000,0.000,12.593,11.202,0.000,0.000,4.609,2.850,2.500,1.585,2.297,1.142
184,6.133,9,598,0,0.019,27.847,1.873,2.526,6.441,0.067,15.977,91.110,20.282,0.257,28.346,13.310,10.045,0.000,218.100,0.000,0.000,12.350,2.545,0.000,0.000,14.327,12.450,0.000,0.000,14.825,5.150,0.000,0.000,10.030,5.748,0.000,0.000,12.030,10.924,0.000,0.000,15.290,10.590,0.000,0.000,4.411,2.119,1.781,0.961,1.719,1.020
185,6.167,9,585,0,0.016,28.784,1.718,3.143,5.870,0.061,17.761,70.368,20.691,0.197,27.152,12.281,12.155,0.001,200.198,0.000,0.000,8.864,3.781,0.000,0.000,17.149,11.082,0.000,0.000,14.831,4.728,0.000,0.000,16.506,8.733,0.000,0.000,12.157,13.915,0.000,0.000,13.819,9.143,0.000,0.000,4.499,3.434,2.909,1.664,2.561,1.613
186,6.200,9,579,0,0.015,31.298,2.425,2.805,5.797,0.062,20.826,94.529,19.524,0.232,24.774,11.770,8.224,0.001,222.280,0.000,0.000,11.249,2.340,0.000,0.000,17.316,13.094,0.000,0.000,23.406,7.025,0.000,0.000,23.281,8.778,0.000,0.000,14.923,14.983,0.000,0.000,13.830,13.537,0.000,0.000,2.986,3.571,2.707,1.651,2.372,1.028
187,6.233,9,572,0,0.018,21.721,2.329,2.516,6.484,0.061,14.362,69.942,23.847,0.311,32.415,12.853,11.387,0.001,198.246,0.000,0.000,9.642,2.410,0.000,0.000,12.201,8.204,0.000,0.000,11.272,4.441,0.000,0.000,9.982,5.567,0.000,0.000,11.976,11.796,0.000,0.000,10.193,9.742,0.000,0.000,3.401,2.104,1.724,1.010,1.653,0.964
188,6.267,9,562,0,0.017,30.044,2.046,2.770,6.076,0.069,21.038,86.026,20.136,0.296,28.318,11.571,8.767,0.000,217.175,0.000,0.000,14.139,3.602,0.000,0.000,15.791,11.839,0.000,0.000,14.276,6.770,0.000,0.000,15.791,8.343,0.000,0.000,14.968,15.619,0.000,0.000,15.592,13.889,0.000,0.000,4.232,3.247,3.012,1.611,2.652,1.358
189,6.300,9,561,0,0.019,20.991,2.384,3.942,9.393,0.106,20.308,97.674,20.378,0.350,31.672,12.211,9.117,0.001,228.544,0.000,0.000,8.717,3.663,0.000,0.000,10.603,7.965,0.000,0.000,13.653,4.289,0.000,0.000,14.841,10.950,0.000,0.000,11.471,16.567,0.000,0.000,10.244,8.743,0.000,0.000,4.377,2.330,2.336,1.118,2.689,1.785
190,6.333,9,554,0,0.018,22.500,2.209,3.906,9.660,0.101,20.649,98.285,24.124,0.212,33.535,13.654,11.820,0.001,240.672,0.000,0.000,9.751,3.737,0.000,0.000,16.119,6.969,0.000,0.000,13.983,9.659,0.000,0.000,10.203,6.762,0.000,0.000,12.167,16.832,0.000,0.000,12.160,8.931,0.000,0.000,3.462,2.259,2.485,1.016,1.673,1.961
191,6.367,9,547,0,0.027,27.826,2.557,3.628,6.958,0.065,23.022,77.986,30.666,0.218,41.951,16.867,11.405,0.001,243.176,0.000,0.000,10.794,3.217,0.000,0.000,22.643,15.666,0.000,0.000,18.218,4.475,0.000,0.000,13.757,8.794,0.000,0.000,12.272,12.573,0.000,0.000,13.856,18.094,0.000,0.000,5.372,3.580,2.718,1.672,3.148,1.695
192,6.400,9,540,0,0.052,31.219,2.870,3.985,8.337,0.116,24.351,71.891,22.535,0.228,31.806,16.938,10.226,0.001,224.557,0.000,0.000,13.821,2.814,0.000,0.000,16.538,11.757,0.000,0.000,14.194,11.486,0.000,0.000,14.925,6.204,0.000,0.000,17.338,20.943,0.000,0.000,16.222,10.262,0.000,0.000,4.855,2.343,2.720,1.691,2.877,1.670
193,6.433,9,534,0,0.018,28.592,2.295,3.785,7.506,0.065,17.756,110.056,20.507,0.176,27.984,11.960,8.727,0.000,239.429,0.000,0.000,9.673,4.482,0.000,0.000,14.159,7.567,0.000,0.000,17.607,8.938,0.000,0.000,16.145,6.673,0.000,0.000,12.670,11.285,0.000,0.000,14.367,10.663,0.000,0.000,4.063,1.981,2.687,1.987,2.332,1.197
194,6.467,9,533,0,0.017,31.318,2.460,3.766,6.003,0.068,17.159,96.531,22.142,0.203,34.916,12.109,8.675,0.001,235.367,0.000,0.000,12.662,2.571,0.000,0.000,11.858,11.526,0.000,0.000,11.812,4.578,0.000,0.000,14.365,9.319,0.000,0.000,19.324,10.905,0.000,0.000,11.085,12.275,0.000,0.000,2.986,3.250,2.470,1.606,1.669,1.817
195,6.500,9,532,0,0.021,29.671,2.482,4.170,9.238,0.118,19.392,101.825,29.834,0.143,37.204,15.999,13.131,0.001,263.229,0.000,0.000,21.017,3.374,0.000,0.000,15.628,8.947,0.000,0.000,15.062,5.839,0.000,0.000,13.414,9.033,0.000,0.000,15.636,15.935,0.000,0.000,14.473,12.803,0.000,0.000,4.274,2.505,2.524,1.738,2.924,1.625
196,6.533,9,533,0,0.018,28.058,2.047,2.914,6.859,0.062,19.939,89.822,106.900,0.161,49.766,18.734,9.766,0.001,335.048,0.000,0.000,11.996,2.192,0.000,0.000,19.892,8.261,0.000,0.000,22.386,6.091,0.000,0.000,12.229,12.327,0.000,0.000,14.586,12.437,0.000,0.000,13.747,13.474,0.000,0.000,5.276,2.167,2.635,1.025,2.498,1.245
197,6.567,9,529,0,0.018,24.528,2.399,4.074,9.310,0.095,20.572,106.552,24.591,0.229,49.736,19.106,11.236,0.001,272.448,0.000,0.000,15.999,3.181,0.000,0.000,13.330,8.878,0.000,0.000,15.596,8.808,0.000,0.000,10.335,6.139,0.000,0.000,11.179,17.312,0.000,0.000,11.038,12.657,0.000,0.000,4.564,3.975,2.924,1.458,3.101,1.535
198,6.600,9,527,0,0.015,29.427,2.121,3.763,7.380,0.070,20.139,86.670,23.725,0.118,30.083,12.855,10.282,0.001,226.649,0.000,0.000,11.875,2.904,0.000,0.000,13.569,13.172,0.000,0.000,15.295,6.032,0.000,0.000,18.686,12.178,0.000,0.000,15.441,10.701,0.000,0.000,15.810,13.683,0.000,0.000,4.428,3.599,3.024,1.056,3.289,0.994
199,6.633,9,529,0,0.017,27.030,2.405,4.063,9.550,0.092,19.857,100.672,24.982,0.211,37.890,14.301,10.833,0.001,251.903,0.000,0.000,10.686,3.342,0.000,0.000,16.331,15.918,0.000,0.000,13.339,4.346,0.000,0.000,18.898,8.717,0.000,0.000,15.997,15.964,0.000,0.000,13.559,15.085,0.000,0.000,4.451,3.117,2.977,1.578,2.507,1.526
200,6.667,9,533,0,0.014,29.161,5.399,3.035,6.961,0.068,19.369,82.558,23.188,0.194,27.653,18.925,9.079,0.001,225.604,0.000,0.000,14.049,2.431,0.000,0.000,11.430,12.291,0.000,0.000,17.645,6.494,0.000,0.000,15.977,5.891,0.000,0.000,12.602,12.055,0.000,0.000,14.914,12.974,0.000,0.000,4.856,2.477,2.064,1.010,1.750,0.956
201,6.700,9,535,0,0.019,35.586,1.892,2.930,5.939,0.069,22.540,94.193,22.870,0.167,33.850,12.246,9.474,0.001,241.775,0.000,0.000,10.115,2.312,0.000,0.000,12.334,11.597,0.000,0.000,11.583,6.936,0.000,0.000,15.911,12.862,0.000,0.000,25.261,14.618,0.000,0.000,14.018,15.288,0.000,0.000,3.074,2.371,2.050,1.613,2.901,1.008
202,6.733,9,535,0,0.015,26.749,1.911,2.662,5.818,0.065,16.387,95.533,21.352,0.106,30.753,15.974,13.565,0.001,230.890,0.000,0.000,8.780,2.066,0.000,0.000,13.622,8.851,0.000,0.000,10.778,6.446,0.000,0.000,13.829,7.920,0.000,0.000,11.139,12.371,0.000,0.000,15.666,9.448,0.000,0.000,4.818,3.093,2.207,1.028,2.081,1.118
203,6.767,9,535,0,0.020,29.982,2.537,3.792,9.062,0.089,17.544,65.751,19.870,0.114,25.322,11.214,8.063,0.001,193.360,0.000,0.000,13.677,3.131,0.000,0.000,14.827,12.206,0.000,0.000,15.538,6.608,0.000,0.000,11.902,5.910,0.000,0.000,15.167,14.305,0.000,0.000,16.253,8.889,0.000,0.000,2.848,3.912,2.622,1.521,1.814,1.314
204,6.800,9,534,0,0.015,21.488,2.135,3.569,6.444,0.066,15.141,76.908,18.949,0.123,27.137,10.507,8.923,0.001,191.406,0.000,0.000,9.723,2.631,0.000,0.000,12.216,7.667,0.000,0.000,13.476,4.413,0.000,0.000,9.913,7.944,0.000,0.000,11.609,12.432,0.000,0.000,10.249,9.816,0.000,0.000,2.997,2.459,2.412,0.989,2.243,1.230
205,6.833,9,537,0,0.017,20.554,1.795,2.522,5.971,0.055,14.376,67.256,19.107,0.086,25.685,9.985,8.033,0.001,175.443,0.000,0.000,8.685,2.043,0.000,0.000,11.828,7.323,0.000,0.000,10.310,7.935,0.000,0.000,17.287,5.559,0.000,0.000,11.141,10.243,0.000,0.000,10.120,8.639,0.000,0.000,2.887,2.017,1.628,1.016,1.708,0.986
206,6.867,9,537,0,0.015,21.495,1.876,2.542,5.988,0.064,17.886,64.772,21.310,0.090,27.554,11.212,8.883,0.001,183.687,0.000,0.000,9.036,3.367,0.000,0.000,11.179,11.053,0.000,0.000,10.020,6.299,0.000,0.000,9.920,8.491,0.000,0.000,12.375,14.458,0.000,0.000,11.253,9.423,0.000,0.000,3.044,3.290,1.672,1.479,1.754,1.599
207,6.900,9,541,0,0.041,23.322,1.800,2.634,5.911,0.061,17.067,64.896,21.140,0.079,29.887,11.312,9.755,0.001,187.905,0.000,0.000,11.769,3.362,0.000,0.000,11.127,10.825,0.000,0.000,15.095,8.901,0.000,0.000,15.220,6.781,0.000,0.000,11.972,13.637,0.000,0.000,11.485,9.096,0.000,0.000,4.626,2.103,2.465,1.539,2.553,1.017
208,6.933,9,539,0,0.014,21.742,1.785,2.504,5.916,0.064,15.986,74.352,21.680,0.131,27.780,10.220,8.441,0.001,190.617,0.000,0.000,13.544,2.211,0.000,0.000,11.772,11.733,0.000,0.000,15.705,6.433,0.000,0.000,9.725,5.983,0.000,0.000,11.417,12.742,0.000,0.000,9.935,9.690,0.000,0.000,4.714,3.287,2.602,1.590,2.013,1.202
209,6.967,9,537,0,0.019,20.776,1.793,2.662,6.377,0.063,14.394,68.889,19.899,0.076,24.595,9.865,9.486,0.001,178.894,0.000,0.000,8.941,2.555,0.000,0.000,10.493,7.041,0.000,0.000,10.516,4.882,0.000,0.000,9.923,5.513,0.000,0.000,11.777,11.775,0.000,0.000,9.861,8.346,0.000,0.000,2.862,1.931,1.724,0.944,1.802,1.013
210,7.000,9,537,0,0.017,22.065,2.267,4.053,9.307,0.090,20.244,74.141,18.522,0.076,25.082,9.833,7.589,0.001,193.286,0.000,0.000,9.697,3.405,0.000,0.000,11.009,8.998,0.000,0.000,14.135,4.305,0.000,0.000,14.678,8.920,0.000,0.000,12.216,16.747,0.000,0.000,9.776,8.689,0.000,0.000,4.007,3.294,2.530,1.562,2.663,1.136
211,7.033,9,538,0,0.016,20.787,1.725,2.570,6.100,0.089,16.516,64.523,20.947,0.104,24.374,11.328,8.010,0.001,177.087,0.000,0.000,8.825,2.219,0.000,0.000,14.464,7.484,0.000,0.000,11.438,6.658,0.000,0.000,9.907,6.316,0.000,0.000,11.395,10.896,0.000,0.000,10.748,9.910,0.000,0.000,3.580,3.549,2.201,1.004,2.461,1.072
212,7.067,9,538,0,0.014,20.426,1.846,2.652,5.979,0.062,20.536,88.317,18.724,0.083,25.684,9.528,8.075,0.001,201.926,0.000,0.000,8.568,2.310,0.000,0.000,10.856,7.182,0.000,0.000,11.336,6.931,0.000,0.000,12.318,9.607,0.000,0.000,11.298,17.890,0.000,0.000,9.520,13.265,0.000,0.000,3.284,2.063,2.593,0.995,1.922,1.673
213,7.100,9,540,0,0.015,20.314,1.716,2.552,5.808,0.062,16.665,66.117,20.981,0.081,28.792,12.420,9.889,0.001,185.414,0.000,0.000,8.386,2.193,0.000,0.000,11.463,7.899,0.000,0.000,9.854,4.605,0.000,0.000,10.324,6.442,0.000,0.000,11.417,10.610,0.000,0.000,10.383,11.814,0.000,0.000,2.933,2.009,1.621,0.938,1.850,1.165
214,7.133,9,545,0,0.016,28.020,1.892,2.583,5.968,0.060,16.357,67.904,20.828,0.080,29.793,12.004,9.533,0.001,195.038,0.000,0.000,13.143,2.512,0.000,0.000,16.998,7.861,0.000,0.000,10.549,8.886,0.000,0.000,9.776,7.506,0.000,0.000,18.048,10.842,0.000,0.000,10.134,8.592,0.000,0.000,4.554,2.610,2.535,1.917,2.473,1.036
215,7.167,9,543,0,0.014,23.475,1.954,2.702,6.542,0.088,19.701,76.578,20.002,0.102,26.217,9.909,8.900,0.001,196.184,0.000,0.000,9.257,2.597,0.000,0.000,20.182,9.746,0.000,0.000,13.711,6.741,0.000,0.000,11.361,10.672,0.000,0.000,12.516,12.672,0.000,0.000,9.879,12.660,0.000,0.000,4.243,2.810,2.285,1.118,3.156,1.246
216,7.200,9,381,0,0.016,22.053,2.332,2.962,7.749,0.060,18.041,87.599,19.309,0.129,25.229,12.116,8.018,0.001,205.612,0.000,0.000,11.776,2.606,0.000,0.000,10.550,9.170,0.000,0.000,10.384,5.086,0.000,0.000,11.050,6.897,0.000,0.000,11.485,15.359,0.000,0.000,9.965,8.237,0.000,0.000,3.435,2.703,2.334,1.091,2.645,1.021
217,7.233,9,381,0,0.016,20.652,2.101,2.562,5.866,0.057,17.414,65.582,17.797,0.093,25.670,15.881,10.439,0.001,184.130,0.000,0.000,8.663,2.462,0.000,0.000,10.893,7.605,0.000,0.000,10.627,4.253,0.000,0.000,10.582,10.209,0.000,0.000,11.906,14.895,0.000,0.000,9.822,8.101,0.000,0.000,4.157,2.587,1.617,1.069,1.784,1.320
218,7.267,9,380,0,0.016,22.698,1.802,2.858,6.315,0.055,13.491,65.850,19.140,0.090,27.771,12.272,7.892,0.001,180.250,0.000,0.000,15.342,2.569,0.000,0.000,11.957,7.041,0.000,0.000,9.613,4.404,0.000,0.000,17.912,7.203,0.000,0.000,12.007,10.831,0.000,0.000,10.645,8.834,0.000,0.000,2.942,2.080,2.032,1.004,1.941,1.162
219,7.300,9,379,0,0.015,20.240,2.195,5.081,6.600,0.053,15.673,73.092,19.910,0.084,25.986,11.386,8.191,0.001,188.508,0.000,0.000,8.343,2.608,0.000,0.000,10.683,7.169,0.000,0.000,9.604,4.756,0.000,0.000,10.689,7.168,0.000,0.000,11.767,12.931,0.000,0.000,10.426,7.815,0.000,0.000,3.097,2.707,1.713,1.025,1.957,1.017
220,7.333,9,375,0,0.017,20.637,1.981,2.718,5.915,0.050,14.867,86.014,20.101,0.137,26.685,13.082,8.623,0.001,200.828,0.000,0.000,8.453,2.539,0.000,0.000,11.339,7.438,0.000,0.000,13.101,4.926,0.000,0.000,10.440,10.280,0.000,0.000,11.687,10.561,0.000,0.000,10.059,9.698,0.000,0.000,3.035,2.264,2.879,1.059,2.078,1.675
221,7.367,9,376,0,0.016,22.053,2.289,4.103,5.949,0.078,15.533,67.292,22.328,0.107,26.002,13.462,8.746,0.001,187.957,0.000,0.000,12.909,2.817,0.000,0.000,12.694,6.920,0.000,0.000,11.362,7.251,0.000,0.000,10.361,9.656,0.000,0.000,11.534,10.659,0.000,0.000,9.323,8.380,0.000,0.000,4.859,2.437,2.512,1.104,2.857,1.179
222,7.400,9,378,0,0.017,21.167,2.399,4.269,9.265,0.109,19.433,65.264,20.930,0.112,27.888,11.951,8.489,0.001,191.294,0.000,0.000,9.095,4.134,0.000,0.000,13.237,10.543,0.000,0.000,10.301,5.681,0.000,0.000,14.821,6.033,0.000,0.000,11.669,15.226,0.000,0.000,10.702,7.663,0.000,0.000,4.685,2.073,2.446,0.928,2.728,1.015
223,7.433,9,379,0,0.018,22.972,2.492,4.872,10.086,0.059,13.779,85.774,21.946,0.108,32.031,15.175,10.146,0.001,219.458,0.000,0.000,9.008,2.675,0.000,0.000,10.557,6.982,0.000,0.000,14.373,5.064,0.000,0.000,11.467,7.729,0.000,0.000,13.822,11.039,0.000,0.000,10.202,7.468,0.000,0.000,4.738,2.127,2.518,2.800,1.999,1.080
224,7.467,9,378,0,0.019,21.791,2.026,4.049,9.576,0.081,20.993,98.586,22.383,0.100,24.841,9.735,8.073,0.001,222.254,0.000,0.000,9.885,4.004,0.000,0.000,15.540,9.111,0.000,0.000,10.570,4.538,0.000,0.000,10.718,13.204,0.000,0.000,11.796,16.910,0.000,0.000,9.495,6.855,0.000,0.000,3.123,3.305,1.811,0.988,2.974,1.194
225,7.500,9,379,0,0.018,20.782,2.316,4.267,9.524,0.080,20.859,70.550,18.007,0.071,22.567,9.500,8.022,0.000,186.564,0.000,0.000,8.692,4.050,0.000,0.000,11.246,6.820,0.000,0.000,14.041,5.274,0.000,0.000,9.726,5.998,0.000,0.000,11.983,16.737,0.000,0.000,8.903,7.200,0.000,0.000,3.093,2.064,2.522,1.055,1.861,1.107
226,7.533,9,381,0,0.016,21.440,1.699,2.716,5.930,0.057,16.877,71.588,19.530,0.075,24.035,10.821,8.544,0.001,183.328,0.000,0.000,11.453,3.914,0.000,0.000,10.463,10.396,0.000,0.000,14.092,4.798,0.000,0.000,9.871,6.779,0.000,0.000,11.449,12.900,0.000,0.000,9.106,7.717,0.000,0.000,4.632,2.094,1.630,0.986,1.905,1.143
227,7.567,9,377,0,0.016,23.572,1.910,2.660,6.035,0.076,19.442,66.516,19.494,0.136,24.743,10.933,11.020,0.001,186.551,0.000,0.000,10.054,3.923,0.000,0.000,12.090,8.323,0.000,0.000,13.004,5.349,0.000,0.000,12.088,9.764,0.000,0.000,13.327,15.453,0.000,0.000,9.275,7.613,0.000,0.000,3.101,2.401,2.412,1.691,1.788,1.527
228,7.600,9,317,0,0.017,28.178,1.831,2.578,5.867,0.045,20.560,68.641,20.392,0.090,26.335,11.813,9.995,0.001,196.343,0.000,0.000,11.167,2.644,0.000,0.000,11.955,8.095,0.000,0.000,13.175,5.659,0.000,0.000,13.266,9.774,0.000,0.000,12.913,17.852,0.000,0.000,16.032,6.496,0.000,0.000,4.518,2.400,1.612,1.508,1.913,1.135
229,7.633,9,316,0,0.016,24.182,1.751,2.626,5.839,0.042,13.707,67.343,19.761,0.134,26.785,10.596,8.724,0.001,181.506,0.000,0.000,12.024,2.539,0.000,0.000,10.663,10.957,0.000,0.000,12.315,5.537,0.000,0.000,15.191,6.238,0.000,0.000,11.855,11.102,0.000,0.000,12.036,6.850,0.000,0.000,4.270,3.147,1.679,1.250,3.033,2.218
230,7.667,9,318,0,0.015,20.496,1.802,2.500,6.156,0.042,15.907,66.710,20.321,0.091,24.825,11.190,8.169,0.001,178.224,0.000,0.000,8.866,2.888,0.000,0.000,10.921,6.811,0.000,0.000,14.294,6.888,0.000,0.000,9.897,6.351,0.000,0.000,11.559,12.700,0.000,0.000,10.172,6.105,0.000,0.000,3.257,3.311,1.643,0.964,2.769,1.069
231,7.700,9,317,0,0.015,20.335,1.676,2.672,5.811,0.070,13.940,69.375,20.027,0.094,30.887,12.120,9.582,0.001,186.605,0.000,0.000,8.729,2.691,0.000,0.000,10.721,11.074,0.000,0.000,13.774,4.440,0.000,0.000,10.398,6.976,0.000,0.000,11.526,11.188,0.000,0.000,9.449,6.364,0.000,0.000,3.183,2.328,2.567,0.935,1.839,1.021
232,7.733,9,321,0,0.015,21.751,1.781,2.648,8.006,0.048,16.594,95.218,23.202,0.092,29.470,12.361,9.057,0.001,220.245,0.000,0.000,12.738,2.806,0.000,0.000,11.534,10.956,0.000,0.000,9.260,6.804,0.000,0.000,18.345,13.712,0.000,0.000,11.802,13.729,0.000,0.000,9.343,7.801,0.000,0.000,4.730,3.476,2.376,1.938,3.242,1.676
233,7.767,9,316,0,0.016,25.424,1.869,3.914,6.152,0.045,14.337,77.584,21.201,0.086,33.170,12.522,9.283,0.001,205.604,0.000,0.000,9.172,2.590,0.000,0.000,12.121,10.880,0.000,0.000,16.087,5.482,0.000,0.000,15.466,10.415,0.000,0.000,11.946,10.767,0.000,0.000,13.262,7.059,0.000,0.000,5.125,3.441,2.444,1.544,2.871,1.535
234,7.800,9,313,0,0.019,22.636,2.133,2.783,6.442,0.065,15.932,73.122,23.004,0.093,28.874,11.107,9.324,0.001,195.533,0.000,0.000,13.727,2.585,0.000,0.000,11.116,11.949,0.000,0.000,11.245,4.294,0.000,0.000,11.449,7.521,0.000,0.000,11.354,13.281,0.000,0.000,9.514,7.820,0.000,0.000,3.380,4.968,2.564,1.617,1.908,1.120
235,7.833,9,318,0,0.016,21.283,1.851,2.616,6.211,0.046,14.749,67.474,18.764,0.078,27.026,14.185,10.599,0.001,184.898,0.000,0.000,9.349,2.815,0.000,0.000,10.940,6.888,0.000,0.000,13.863,7.230,0.000,0.000,10.380,7.831,0.000,0.000,11.834,11.875,0.000,0.000,9.693,6.319,0.000,0.000,3.321,2.441,2.461,0.975,2.001,1.321
236,7.867,9,320,0,0.019,27.509,2.549,5.076,12.963,0.075,29.248,114.504,25.627,0.168,26.141,13.034,9.559,0.001,266.474,0.000,0.000,13.270,5.749,0.000,0.000,20.337,7.393,0.000,0.000,14.771,6.787,0.000,0.000,10.391,10.803,0.000,0.000,11.680,23.414,0.000,0.000,14.061,9.868,0.000,0.000,5.002,2.253,2.503,0.991,3.364,1.029
237,7.900,9,322,0,0.021,22.749,2.113,2.578,6.622,0.089,17.735,70.631,18.388,0.077,24.642,10.631,8.340,0.001,184.617,0.000,0.000,13.129,2.992,0.000,0.000,12.455,7.624,0.000,0.000,9.821,7.114,0.000,0.000,10.563,8.429,0.000,0.000,12.668,11.563,0.000,0.000,9.448,10.311,0.000,0.000,3.370,2.409,2.467,1.434,1.965,1.078
238,7.933,9,322,0,0.016,21.393,1.812,2.566,6.089,0.049,16.518,71.766,19.341,0.089,25.247,11.087,8.913,0.001,184.886,0.000,0.000,8.931,3.013,0.000,0.000,10.983,8.162,0.000,0.000,13.118,6.374,0.000,0.000,10.995,6.659,0.000,0.000,11.317,10.467,0.000,0.000,10.368,9.905,0.000,0.000,3.786,2.193,1.723,0.963,2.195,1.080
239,7.967,9,323,0,0.019,22.717,1.763,2.695,5.956,0.097,18.256,70.968,20.973,0.088,30.990,11.198,8.443,0.001,194.164,0.000,0.000,9.402,3.108,0.000,0.000,16.628,11.863,0.000,0.000,11.026,7.261,0.000,0.000,10.016,10.641,0.000,0.000,12.471,12.056,0.000,0.000,12.593,10.730,0.000,0.000,3.600,3.417,1.700,1.795,2.344,1.687
240,8.000,9,327,0,0.017,20.435,2.185,3.194,7.607,0.057,17.089,74.402,20.614,0.123,26.392,13.339,8.812,0.001,194.268,0.000,0.000,8.855,3.516,0.000,0.000,12.684,9.224,0.000,0.000,9.666,4.309,0.000,0.000,14.889,10.397,0.000,0.000,11.165,13.458,0.000,0.000,9.289,6.348,0.000,0.000,5.851,2.310,2.691,1.624,2.687,1.123
241,8.033,9,326,0,0.016,24.170,2.835,4.975,12.725,0.082,27.865,85.249,20.130,0.129,30.557,13.140,9.956,0.001,231.830,0.000,0.000,10.496,5.745,0.000,0.000,13.497,6.971,0.000,0.000,14.631,7.132,0.000,0.000,10.142,6.727,0.000,0.000,13.686,22.029,0.000,0.000,11.675,7.862,0.000,0.000,4.792,2.300,2.569,1.541,2.814,1.786
242,8.067,9,328,0,0.020,27.589,2.285,2.742,5.972,0.040,14.397,83.758,20.054,0.098,22.821,10.102,7.672,0.001,197.548,0.000,0.000,17.062,2.854,0.000,0.000,13.369,7.013,0.000,0.000,11.278,9.558,0.000,0.000,14.852,10.692,0.000,0.000,13.209,11.374,0.000,0.000,14.068,6.622,0.000,0.000,4.832,4.150,2.861,1.648,2.616,1.798
243,8.100,9,330,0,0.016,21.261,1.867,2.564,6.101,0.042,14.288,85.951,19.161,0.194,26.991,13.412,8.889,0.001,200.739,0.000,0.000,9.267,2.842,0.000,0.000,10.893,8.924,0.000,0.000,16.245,4.635,0.000,0.000,10.332,7.313,0.000,0.000,11.909,11.382,0.000,0.000,9.632,6.892,0.000,0.000,3.458,2.291,1.667,0.972,2.048,1.110
244,8.133,9,332,0,0.016,22.527,2.013,2.607,6.663,0.041,14.721,72.609,21.344,0.122,28.507,12.807,9.829,0.001,193.807,0.000,0.000,11.051,2.891,0.000,0.000,11.575,11.108,0.000,0.000,9.963,4.670,0.000,0.000,15.018,9.867,0.000,0.000,12.188,11.773,0.000,0.000,11.375,6.885,0.000,0.000,3.837,2.202,2.387,1.479,2.199,1.147
245,8.167,9,337,0,0.016,22.550,1.789,2.585,6.079,0.043,20.327,69.007,20.520,0.104,28.678,11.908,8.862,0.001,192.469,0.000,0.000,14.710,2.814,0.000,0.000,13.141,12.162,0.000,0.000,9.838,8.297,0.000,0.000,12.206,8.807,0.000,0.000,11.380,11.959,0.000,0.000,10.199,11.677,0.000,0.000,3.645,2.757,1.811,1.141,2.050,1.572
246,8.200,9,335,0,0.016,22.232,1.873,4.377,7.452,0.051,15.422,75.968,23.687,0.161,32.838,14.960,9.855,0.001,208.891,0.000,0.000,10.145,2.964,0.000,0.000,12.214,11.804,0.000,0.000,10.541,4.856,0.000,0.000,15.903,7.897,0.000,0.000,11.813,12.390,0.000,0.000,10.084,7.440,0.000,0.000,3.639,2.881,1.861,1.018,2.243,1.287
247,8.233,9,335,0,0.021,27.702,2.227,2.677,7.405,0.048,18.347,79.652,21.148,0.153,31.373,15.616,12.693,0.001,219.061,0.000,0.000,10.458,4.271,0.000,0.000,16.316,10.689,0.000,0.000,14.121,4.795,0.000,0.000,13.556,10.331,0.000,0.000,15.066,14.005,0.000,0.000,13.061,6.877,0.000,0.000,5.142,3.429,2.418,1.625,2.906,1.140
248,8.267,9,335,0,0.018,28.945,2.637,3.213,9.934,0.070,23.348,108.575,19.759,0.087,30.445,14.529,9.467,0.001,251.028,0.000,0.000,13.482,4.781,0.000,0.000,13.279,11.019,0.000,0.000,20.326,5.268,0.000,0.000,15.291,8.107,0.000,0.000,15.252,18.478,0.000,0.000,11.105,7.184,0.000,0.000,4.502,2.539,2.824,1.530,3.563,1.454
249,8.300,9,335,0,0.020,24.646,2.760,5.096,11.293,0.066,23.448,94.374,19.412,0.115,26.095,12.010,8.952,0.000,228.290,0.000,0.000,17.142,4.418,0.000,0.000,12.422,10.911,0.000,0.000,11.464,7.465,0.000,0.000,14.459,8.530,0.000,0.000,13.002,18.911,0.000,0.000,10.926,10.211,0.000,0.000,4.745,2.390,2.764,1.568,2.470,1.107
250,8.333,9,333,0,0.017,30.391,1.907,2.633,6.313,0.048,13.629,73.700,20.044,0.095,28.892,15.566,9.744,0.001,202.980,0.000,0.000,13.277,2.778,0.000,0.000,11.234,9.073,0.000,0.000,30.258,5.240,0.000,0.000,15.590,10.477,0.000,0.000,11.069,10.784,0.000,0.000,13.424,8.202,0.000,0.000,4.672,2.164,2.469,1.576,1.937,1.078
251,8.367,9,329,0,0.022,25.583,2.102,2.917,6.017,0.047,16.291,80.403,22.836,0.078,30.881,12.701,10.296,0.000,210.176,0.000,0.000,11.751,2.734,0.000,0.000,15.398,9.890,0.000,0.000,13.738,6.577,0.000,0.000,14.557,10.316,0.000,0.000,13.710,11.726,0.000,0.000,11.464,9.381,0.000,0.000,5.007,2.414,2.603,1.367,2.212,1.691
252,8.400,9,332,0,0.018,25.786,2.002,2.975,6.269,0.046,14.046,68.992,23.127,0.126,30.232,13.303,10.167,0.001,197.091,0.000,0.000,13.377,3.017,0.000,0.000,13.285,11.105,0.000,0.000,15.196,5.271,0.000,0.000,15.757,7.012,0.000,0.000,12.448,10.972,0.000,0.000,12.257,7.279,0.000,0.000,5.301,2.258,2.637,1.000,2.805,1.159
253,8.433,9,327,0,0.018,26.180,2.232,2.577,6.104,0.045,19.932,83.110,21.142,0.117,24.404,15.430,9.469,0.000,210.761,0.000,0.000,14.456,4.294,0.000,0.000,17.767,11.213,0.000,0.000,14.641,6.765,0.000,0.000,10.023,9.377,0.000,0.000,11.604,15.579,0.000,0.000,11.601,9.801,0.000,0.000,4.870,2.723,2.698,1.514,2.659,1.241
254,8.467,9,326,0,0.016,21.999,2.001,2.741,6.101,0.044,15.099,73.622,19.562,0.097,26.894,12.064,8.685,0.001,188.925,0.000,0.000,11.067,2.996,0.000,0.000,13.066,7.119,0.000,0.000,10.600,4.646,0.000,0.000,10.087,7.757,0.000,0.000,11.782,12.043,0.000,0.000,9.200,6.891,0.000,0.000,4.793,2.250,1.975,1.039,2.202,3.325
255,8.500,9,320,0,0.022,21.159,2.534,4.014,9.520,0.071,23.838,98.615,20.679,0.150,30.547,12.524,9.925,0.001,233.598,0.000,0.000,9.986,4.368,0.000,0.000,16.302,23.410,0.000,0.000,9.990,6.632,0.000,0.000,10.138,7.442,0.000,0.000,11.024,17.605,0.000,0.000,10.022,6.041,0.000,0.000,3.365,2.311,1.734,1.035,1.950,1.141
256,8.533,9,320,0,0.020,27.606,2.239,3.714,8.869,0.060,20.655,98.533,21.893,0.131,26.874,11.823,9.099,0.001,231.516,0.000,0.000,16.866,4.127,0.000,0.000,12.918,14.829,0.000,0.000,13.319,6.330,0.000,0.000,10.996,6.816,0.000,0.000,16.435,16.446,0.000,0.000,9.622,9.465,0.000,0.000,4.498,2.546,3.173,0.973,2.683,1.090
257,8.567,9,319,0,0.020,21.476,1.955,2.731,6.280,0.047,14.924,75.717,23.055,0.119,30.182,11.062,8.692,0.001,196.260,0.000,0.000,10.013,3.558,0.000,0.000,11.661,10.746,0.000,0.000,9.851,4.861,0.000,0.000,18.784,7.519,0.000,0.000,11.478,11.309,0.000,0.000,10.777,6.559,0.000,0.000,4.024,2.958,1.974,1.067,2.116,1.713
258,8.600,9,317,0,0.018,20.929,2.830,3.105,5.978,0.038,14.419,76.453,24.176,0.109,27.136,11.420,9.216,0.000,195.830,0.000,0.000,9.188,3.041,0.000,0.000,12.105,12.832,0.000,0.000,10.233,4.153,0.000,0.000,15.597,7.453,0.000,0.000,11.315,11.325,0.000,0.000,10.551,6.233,0.000,0.000,3.339,2.425,2.114,0.973,2.997,1.074
259,8.633,9,312,0,0.017,23.642,2.036,3.329,8.058,0.041,16.660,98.023,19.426,0.085,24.783,11.580,10.420,0.001,218.099,0.000,0.000,14.190,2.796,0.000,0.000,11.201,7.136,0.000,0.000,9.850,7.537,0.000,0.000,15.735,7.094,0.000,0.000,13.655,13.806,0.000,0.000,9.398,6.799,0.000,0.000,5.267,2.148,2.618,1.569,2.475,1.748
260,8.667,9,310,0,0.018,21.197,1.888,2.661,5.989,0.039,14.870,70.074,18.450,0.078,24.512,10.810,8.277,0.000,178.865,0.000,0.000,9.659,2.744,0.000,0.000,11.913,7.978,0.000,0.000,12.496,4.872,0.000,0.000,15.461,11.014,0.000,0.000,11.460,12.065,0.000,0.000,9.175,6.259,0.000,0.000,4.738,2.187,2.699,1.014,2.779,1.756
261,8.700,9,306,0,0.015,22.513,2.023,2.686,5.907,0.041,14.236,67.997,17.945,0.086,22.786,10.652,7.541,0.000,174.429,0.000,0.000,10.319,2.901,0.000,0.000,11.617,7.142,0.000,0.000,14.149,6.090,0.000,0.000,10.411,6.859,0.000,0.000,12.087,10.292,0.000,0.000,9.588,7.922,0.000,0.000,3.292,2.541,2.622,1.226,1.967,1.079
262,8.733,9,306,0,0.017,21.611,1.951,2.576,5.883,0.044,13.530,65.378,19.495,0.085,24.218,11.205,8.399,0.000,174.394,0.000,0.000,9.737,2.947,0.000,0.000,11.545,10.556,0.000,0.000,10.192,3.839,0.000,0.000,10.225,6.656,0.000,0.000,11.763,10.524,0.000,0.000,9.187,5.670,0.000,0.000,3.907,2.201,1.807,1.111,1.905,1.058
263,8.767,9,302,0,0.016,20.870,2.153,3.993,6.035,0.039,18.173,105.085,25.293,0.208,26.140,14.201,9.017,0.001,231.223,0.000,0.000,15.329,2.725,0.000,0.000,11.236,6.644,0.000,0.000,9.270,6.569,0.000,0.000,10.479,7.173,0.000,0.000,11.561,9.994,0.000,0.000,9.022,11.328,0.000,0.000,3.918,2.997,2.074,1.109,2.797,1.145
264,8.800,9,298,0,0.019,21.613,2.099,2.738,6.892,0.054,23.227,109.980,20.950,0.118,29.778,11.787,9.503,0.001,238.759,0.000,0.000,9.834,3.286,0.000,0.000,12.034,10.789,0.000,0.000,14.908,4.990,0.000,0.000,14.923,13.997,0.000,0.000,11.267,19.855,0.000,0.000,9.527,6.650,0.000,0.000,4.871,3.502,1.764,1.096,2.090,1.387
265,8.833,9,295,0,0.018,21.309,2.401,3.792,6.418,0.039,13.324,73.025,19.390,0.135,29.311,11.217,8.586,0.001,188.966,0.000,0.000,9.365,2.857,0.000,0.000,15.906,8.842,0.000,0.000,13.676,3.998,0.000,0.000,10.110,7.421,0.000,0.000,11.033,10.398,0.000,0.000,9.173,6.028,0.000,0.000,4.693,2.241,2.483,1.524,2.815,1.184
266,8.867,9,293,0,0.016,20.632,1.985,2.561,5.907,0.040,13.369,68.738,17.850,0.112,22.840,11.052,8.793,0.001,173.895,0.000,0.000,10.121,2.943,0.000,0.000,11.263,8.248,0.000,0.000,8.966,7.781,0.000,0.000,15.407,6.964,0.000,0.000,10.526,10.364,0.000,0.000,10.393,5.868,0.000,0.000,3.295,3.601,1.967,1.217,2.819,1.299
267,8.900,9,288,0,0.016,21.285,2.016,2.778,6.209,0.057,16.009,66.191,25.025,0.136,25.601,11.425,8.851,0.001,185.601,0.000,0.000,10.043,2.761,0.000,0.000,11.430,7.164,0.000,0.000,11.295,6.269,0.000,0.000,16.589,7.431,0.000,0.000,11.045,10.406,0.000,0.000,9.898,9.493,0.000,0.000,3.295,2.229,1.907,1.227,2.898,1.181
268,8.933,9,288,0,0.018,21.301,2.350,4.069,10.434,0.055,18.722,94.915,20.186,0.140,24.912,12.117,8.740,0.001,217.958,0.000,0.000,9.659,4.438,0.000,0.000,17.431,11.615,0.000,0.000,10.784,6.112,0.000,0.000,11.391,7.103,0.000,0.000,11.191,13.957,0.000,0.000,10.391,9.074,0.000,0.000,3.231,2.480,1.793,1.078,2.013,1.322
269,8.967,9,289,0,0.021,21.582,1.989,2.585,5.960,0.043,13.859,75.286,20.291,0.139,27.674,11.161,8.914,0.001,189.506,0.000,0.000,9.670,2.922,0.000,0.000,11.824,7.341,0.000,0.000,10.642,4.443,0.000,0.000,11.274,7.252,0.000,0.000,11.758,10.870,0.000,0.000,9.038,6.433,0.000,0.000,3.692,2.185,1.824,1.428,2.071,1.308
