configuration,width,height,threads,main_tile_px,modules_mb_before,modules_mb_after,shared_step_scratch_mb,peak_rss_mb_before,peak_rss_mb_after,frames_same
1280x720,1280,720,1,384,126.89,28.98,7.21,257.1,167.6,270 of 270
1280x720,1280,720,2,384,126.89,36.20,14.43,257.2,174.8,270 of 270
1280x720,1280,720,3,384,126.89,43.41,21.64,257.2,182.0,270 of 270
1280x720,1280,720,4,384,126.89,50.63,28.86,257.2,189.2,270 of 270
1280x720 baseline ISA,1280,720,1,384,126.89,28.98,7.21,,167.4,270 of 270
1280x720 baseline ISA,1280,720,4,384,126.89,50.63,28.86,257.2,189.0,270 of 270
1280x720 AVX-512,1280,720,1,384,126.89,28.98,7.21,,167.6,270 of 270
1280x720 AVX-512,1280,720,4,384,126.89,50.63,28.86,257.3,189.2,270 of 270
1280x720 tiles at half size,1280,720,1,192,41.70,12.43,2.13,,114.5,270 of 270
1280x720 tiles at half size,1280,720,4,192,41.70,18.81,8.50,144.2,121.2,270 of 270
640x360,640,360,1,192,41.70,12.43,2.13,,57.3,270 of 270
640x360,640,360,4,192,41.70,18.81,8.50,85.9,63.6,270 of 270
1920x1080,1920,1080,1,576,293.73,56.18,15.68,564.9,349.8,270 of 270
1920x1080,1920,1080,4,576,293.73,103.21,62.71,565.0,397.1,270 of 270
