task,effect,clip,method,family,config,bytes,psnr,active_psnr,ssim,tpsnr,flicker,ms,train_s,spectrum_l1,motion_ratio
b,fire,fire_test0,fire|nearest,flipbook_library,nearest of 45 BC3,47185920,26.3710,16.8118,0.92772,31.6590,2.4056,0.0000,0.0,0.2828,1.5003
b,fire,fire_test0,fire|blend2,flipbook_library,blend of 2 nearest BC3,47185920,27.2578,18.5911,0.91095,33.4378,1.2184,0.0000,0.0,0.1787,1.3585
b,fire,fire_test0,fire|oracle,flipbook_library,best of 45 raw (oracle),188743680,,17.3860,,99.0000,1.0000,0.0000,0.0,,
b,fire,fire_test1,fire|nearest,flipbook_library,nearest of 45 BC3,47185920,30.4030,19.5891,0.95631,37.8784,1.2608,0.0000,0.0,0.1763,0.8412
b,fire,fire_test1,fire|blend2,flipbook_library,blend of 2 nearest BC3,47185920,30.6159,19.9090,0.95108,38.9051,0.7621,0.0000,0.0,0.2709,0.7942
b,fire,fire_test1,fire|oracle,flipbook_library,best of 45 raw (oracle),188743680,,19.8926,,99.0000,1.0000,0.0000,0.0,,
b,fire,fire_test2,fire|nearest,flipbook_library,nearest of 45 BC3,47185920,25.7400,16.9127,0.92364,33.8101,1.9220,0.0000,0.0,0.2035,1.3622
b,fire,fire_test2,fire|blend2,flipbook_library,blend of 2 nearest BC3,47185920,26.9964,19.0213,0.89687,34.6797,1.4255,0.0000,0.0,0.1676,1.4084
b,fire,fire_test2,fire|oracle,flipbook_library,best of 45 raw (oracle),188743680,,16.8010,,99.0000,1.0000,0.0000,0.0,,
b,fire,fire_test3,fire|nearest,flipbook_library,nearest of 45 BC3,47185920,23.6593,16.0724,0.88585,29.4863,0.6520,0.0000,0.0,0.1893,0.7269
b,fire,fire_test3,fire|blend2,flipbook_library,blend of 2 nearest BC3,47185920,24.5059,17.2415,0.88150,30.2963,0.3933,0.0000,0.0,0.2746,0.6919
b,fire,fire_test3,fire|oracle,flipbook_library,best of 45 raw (oracle),188743680,,16.0189,,99.0000,1.0000,0.0000,0.0,,
b,fire,fire_test4,fire|nearest,flipbook_library,nearest of 45 BC3,47185920,22.3932,15.2057,0.88126,26.9809,1.5465,0.0000,0.0,0.1435,1.1621
b,fire,fire_test4,fire|blend2,flipbook_library,blend of 2 nearest BC3,47185920,23.5272,17.2380,0.85510,28.3935,0.8184,0.0000,0.0,0.1837,1.0963
b,fire,fire_test4,fire|oracle,flipbook_library,best of 45 raw (oracle),188743680,,15.1127,,99.0000,1.0000,0.0000,0.0,,
b,fire,fire_test5,fire|nearest,flipbook_library,nearest of 45 BC3,47185920,29.1177,18.2195,0.94754,38.0542,1.5570,0.0000,0.0,0.1426,0.9511
b,fire,fire_test5,fire|blend2,flipbook_library,blend of 2 nearest BC3,47185920,30.7469,19.7318,0.94861,39.5849,0.9166,0.0000,0.0,0.2337,0.8944
b,fire,fire_test5,fire|oracle,flipbook_library,best of 45 raw (oracle),188743680,,19.1013,,99.0000,1.0000,0.0000,0.0,,
b,fire,fire_test6,fire|nearest,flipbook_library,nearest of 45 BC3,47185920,29.0174,18.3574,0.94392,36.8105,0.9587,0.0000,0.0,0.2011,0.6951
b,fire,fire_test6,fire|blend2,flipbook_library,blend of 2 nearest BC3,47185920,29.9039,19.2579,0.94495,37.6993,0.5272,0.0000,0.0,0.2933,0.6455
b,fire,fire_test6,fire|oracle,flipbook_library,best of 45 raw (oracle),188743680,,18.4381,,99.0000,1.0000,0.0000,0.0,,
b,fire,fire_test7,fire|nearest,flipbook_library,nearest of 45 BC3,47185920,21.2505,14.9651,0.84766,25.5368,1.9510,0.0000,0.0,0.1984,1.5313
b,fire,fire_test7,fire|blend2,flipbook_library,blend of 2 nearest BC3,47185920,22.8866,17.0503,0.82788,27.4842,0.8598,0.0000,0.0,0.1315,1.3075
b,fire,fire_test7,fire|oracle,flipbook_library,best of 45 raw (oracle),188743680,,15.4725,,99.0000,1.0000,0.0000,0.0,,
b,fire,fire_test8,fire|nearest,flipbook_library,nearest of 45 BC3,47185920,20.8890,14.0044,0.86432,27.2310,1.5524,0.0000,0.0,0.1571,1.2868
b,fire,fire_test8,fire|blend2,flipbook_library,blend of 2 nearest BC3,47185920,21.8689,15.0971,0.86617,28.1702,1.0196,0.0000,0.0,0.1507,1.1710
b,fire,fire_test8,fire|oracle,flipbook_library,best of 45 raw (oracle),188743680,,16.1608,,99.0000,1.0000,0.0000,0.0,,
b,fire,fire_test9,fire|nearest,flipbook_library,nearest of 45 BC3,47185920,25.5895,16.8226,0.91441,31.7568,2.2183,0.0000,0.0,0.2154,1.5030
b,fire,fire_test9,fire|blend2,flipbook_library,blend of 2 nearest BC3,47185920,27.7053,19.1193,0.91109,33.4334,1.2849,0.0000,0.0,0.1718,1.3232
b,fire,fire_test9,fire|oracle,flipbook_library,best of 45 raw (oracle),188743680,,17.0243,,99.0000,1.0000,0.0000,0.0,,
b,fire,fire_test0,fire|grid_k8,neural_grid,grid G32 C8 H32 L2 D3+z0 K8 T16 8-bit,1056200,29.7636,19.1838,0.94535,34.9918,0.6565,1.0588,181.5,0.1184,0.7605
b,fire,fire_test1,fire|grid_k8,neural_grid,grid G32 C8 H32 L2 D3+z0 K8 T16 8-bit,1056200,32.1719,20.7805,0.95493,38.6648,0.9765,1.0588,181.5,0.1776,0.8739
b,fire,fire_test2,fire|grid_k8,neural_grid,grid G32 C8 H32 L2 D3+z0 K8 T16 8-bit,1056200,29.2405,19.4463,0.93361,35.6496,0.9334,1.0588,181.5,0.1835,0.8505
b,fire,fire_test3,fire|grid_k8,neural_grid,grid G32 C8 H32 L2 D3+z0 K8 T16 8-bit,1056200,26.2232,18.7773,0.89829,30.4783,0.3998,1.0588,181.5,0.2117,0.7550
b,fire,fire_test4,fire|grid_k8,neural_grid,grid G32 C8 H32 L2 D3+z0 K8 T16 8-bit,1056200,24.3635,17.3085,0.88309,28.9058,0.6210,1.0588,181.5,0.1774,0.8907
b,fire,fire_test5,fire|grid_k8,neural_grid,grid G32 C8 H32 L2 D3+z0 K8 T16 8-bit,1056200,32.8361,21.0057,0.95725,39.2403,1.1939,1.0588,181.5,0.1954,0.9472
b,fire,fire_test6,fire|grid_k8,neural_grid,grid G32 C8 H32 L2 D3+z0 K8 T16 8-bit,1056200,31.4932,20.5237,0.94905,37.2643,0.9631,1.0588,181.5,0.1116,0.8925
b,fire,fire_test7,fire|grid_k8,neural_grid,grid G32 C8 H32 L2 D3+z0 K8 T16 8-bit,1056200,24.9512,17.9089,0.88547,28.9475,0.3316,1.0588,181.5,0.2784,0.7362
b,fire,fire_test8,fire|grid_k8,neural_grid,grid G32 C8 H32 L2 D3+z0 K8 T16 8-bit,1056200,24.5126,17.0189,0.89244,29.6660,0.6174,1.0588,181.5,0.1563,0.8416
b,fire,fire_test9,fire|grid_k8,neural_grid,grid G32 C8 H32 L2 D3+z0 K8 T16 8-bit,1056200,29.6680,19.6114,0.94123,34.6217,0.7609,1.0588,181.5,0.1181,0.8329
b_fit,fire,fire_train,fire|grid_k8|fit,neural_grid,grid G32 C8 H32 L2 D3+z0 K8 T16,1056200,0.0000,25.0990,0.00000,0.0000,0.0000,1.0588,181.5,,
b,fire,fire_test0,fire|grid_k16,neural_grid,grid G32 C8 H48 L2 D3+z0 K16 T16 8-bit,2112200,30.1743,19.6649,0.94549,35.1906,0.6458,1.7327,618.1,0.1305,0.7359
b,fire,fire_test1,fire|grid_k16,neural_grid,grid G32 C8 H48 L2 D3+z0 K16 T16 8-bit,2112200,32.3089,21.2323,0.95665,38.8298,0.9084,1.7327,618.1,0.1920,0.8552
b,fire,fire_test2,fire|grid_k16,neural_grid,grid G32 C8 H48 L2 D3+z0 K16 T16 8-bit,2112200,29.2245,19.7344,0.93441,35.7195,0.8516,1.7327,618.1,0.1969,0.8576
b,fire,fire_test3,fire|grid_k16,neural_grid,grid G32 C8 H48 L2 D3+z0 K16 T16 8-bit,2112200,26.4556,18.9552,0.89878,30.5476,0.3958,1.7327,618.1,0.2087,0.7426
b,fire,fire_test4,fire|grid_k16,neural_grid,grid G32 C8 H48 L2 D3+z0 K16 T16 8-bit,2112200,24.1417,17.0849,0.88431,28.8961,0.5869,1.7327,618.1,0.1668,0.8755
b,fire,fire_test5,fire|grid_k16,neural_grid,grid G32 C8 H48 L2 D3+z0 K16 T16 8-bit,2112200,32.8184,21.4182,0.95863,39.2669,1.1879,1.7327,618.1,0.1895,0.9543
b,fire,fire_test6,fire|grid_k16,neural_grid,grid G32 C8 H48 L2 D3+z0 K16 T16 8-bit,2112200,31.9287,21.0396,0.95079,37.8083,0.7873,1.7327,618.1,0.1448,0.7800
b,fire,fire_test7,fire|grid_k16,neural_grid,grid G32 C8 H48 L2 D3+z0 K16 T16 8-bit,2112200,24.7248,17.8373,0.88474,28.8275,0.3396,1.7327,618.1,0.2681,0.7645
b,fire,fire_test8,fire|grid_k16,neural_grid,grid G32 C8 H48 L2 D3+z0 K16 T16 8-bit,2112200,24.7247,17.0735,0.90165,29.9085,0.5628,1.7327,618.1,0.1723,0.7781
b,fire,fire_test9,fire|grid_k16,neural_grid,grid G32 C8 H48 L2 D3+z0 K16 T16 8-bit,2112200,29.9365,19.9641,0.94037,34.7006,0.7355,1.7327,618.1,0.1292,0.8146
b_fit,fire,fire_train,fire|grid_k16|fit,neural_grid,grid G32 C8 H48 L2 D3+z0 K16 T16,2112200,0.0000,25.4167,0.00000,0.0000,0.0000,1.7327,618.1,,
b,smoke,smoke_test0,smoke|nearest,flipbook_library,nearest of 45 BC3,47185920,18.2404,13.8232,0.62077,27.7111,3.2482,0.0000,0.0,0.1628,1.4974
b,smoke,smoke_test0,smoke|blend2,flipbook_library,blend of 2 nearest BC3,47185920,20.1775,16.4567,0.59216,30.0340,1.2389,0.0000,0.0,0.1891,1.2204
b,smoke,smoke_test0,smoke|oracle,flipbook_library,best of 45 raw (oracle),188743680,,15.7315,,99.0000,1.0000,0.0000,0.0,,
b,smoke,smoke_test1,smoke|nearest,flipbook_library,nearest of 45 BC3,47185920,22.7953,17.4609,0.73797,31.3195,2.1936,0.0000,0.0,0.0775,1.1026
b,smoke,smoke_test1,smoke|blend2,flipbook_library,blend of 2 nearest BC3,47185920,23.5655,19.3453,0.66238,32.9324,0.9898,0.0000,0.0,0.2453,0.9358
b,smoke,smoke_test1,smoke|oracle,flipbook_library,best of 45 raw (oracle),188743680,,17.8339,,99.0000,1.0000,0.0000,0.0,,
b,smoke,smoke_test2,smoke|nearest,flipbook_library,nearest of 45 BC3,47185920,19.3486,14.9423,0.64374,29.9935,3.0066,0.0000,0.0,0.0674,1.3824
b,smoke,smoke_test2,smoke|blend2,flipbook_library,blend of 2 nearest BC3,47185920,20.7041,17.0362,0.57974,31.3840,1.7010,0.0000,0.0,0.2460,1.2010
b,smoke,smoke_test2,smoke|oracle,flipbook_library,best of 45 raw (oracle),188743680,,15.8227,,99.0000,1.0000,0.0000,0.0,,
b,smoke,smoke_test3,smoke|nearest,flipbook_library,nearest of 45 BC3,47185920,17.7836,14.2114,0.56498,27.8298,0.8259,0.0000,0.0,0.0532,0.9106
b,smoke,smoke_test3,smoke|blend2,flipbook_library,blend of 2 nearest BC3,47185920,19.4821,16.2720,0.55911,28.7921,0.4912,0.0000,0.0,0.2421,0.8328
b,smoke,smoke_test3,smoke|oracle,flipbook_library,best of 45 raw (oracle),188743680,,14.9961,,99.0000,1.0000,0.0000,0.0,,
b,smoke,smoke_test4,smoke|nearest,flipbook_library,nearest of 45 BC3,47185920,15.1240,12.2770,0.42246,26.1103,1.3773,0.0000,0.0,0.1784,1.1103
b,smoke,smoke_test4,smoke|blend2,flipbook_library,blend of 2 nearest BC3,47185920,17.1285,14.4330,0.45698,27.4998,0.6438,0.0000,0.0,0.2177,1.0244
b,smoke,smoke_test4,smoke|oracle,flipbook_library,best of 45 raw (oracle),188743680,,14.0771,,99.0000,1.0000,0.0000,0.0,,
b,smoke,smoke_test5,smoke|nearest,flipbook_library,nearest of 45 BC3,47185920,22.0195,17.1430,0.68191,31.4463,2.1762,0.0000,0.0,0.0808,1.2181
b,smoke,smoke_test5,smoke|blend2,flipbook_library,blend of 2 nearest BC3,47185920,23.6575,19.6287,0.63876,33.2858,0.8753,0.0000,0.0,0.2409,1.0087
b,smoke,smoke_test5,smoke|oracle,flipbook_library,best of 45 raw (oracle),188743680,,17.4320,,99.0000,1.0000,0.0000,0.0,,
b,smoke,smoke_test6,smoke|nearest,flipbook_library,nearest of 45 BC3,47185920,21.0294,16.8090,0.61292,30.1422,1.2649,0.0000,0.0,0.1499,0.8825
b,smoke,smoke_test6,smoke|blend2,flipbook_library,blend of 2 nearest BC3,47185920,21.7793,18.0416,0.60735,31.2949,0.5359,0.0000,0.0,0.2603,0.7790
b,smoke,smoke_test6,smoke|oracle,flipbook_library,best of 45 raw (oracle),188743680,,17.3180,,99.0000,1.0000,0.0000,0.0,,
b,smoke,smoke_test7,smoke|nearest,flipbook_library,nearest of 45 BC3,47185920,16.8738,13.8395,0.50902,26.4909,1.5397,0.0000,0.0,0.0856,1.2029
b,smoke,smoke_test7,smoke|blend2,flipbook_library,blend of 2 nearest BC3,47185920,18.8427,16.4480,0.46324,27.6565,0.8911,0.0000,0.0,0.1888,1.1743
b,smoke,smoke_test7,smoke|oracle,flipbook_library,best of 45 raw (oracle),188743680,,14.2350,,99.0000,1.0000,0.0000,0.0,,
b,smoke,smoke_test8,smoke|nearest,flipbook_library,nearest of 45 BC3,47185920,17.4746,13.7539,0.61910,25.5762,1.2230,0.0000,0.0,0.0376,1.0502
b,smoke,smoke_test8,smoke|blend2,flipbook_library,blend of 2 nearest BC3,47185920,18.1125,14.8029,0.58954,26.7427,0.6856,0.0000,0.0,0.1342,0.9055
b,smoke,smoke_test8,smoke|oracle,flipbook_library,best of 45 raw (oracle),188743680,,13.7723,,99.0000,1.0000,0.0000,0.0,,
b,smoke,smoke_test9,smoke|nearest,flipbook_library,nearest of 45 BC3,47185920,19.0911,14.9521,0.62140,28.5189,1.4745,0.0000,0.0,0.0567,1.0978
b,smoke,smoke_test9,smoke|blend2,flipbook_library,blend of 2 nearest BC3,47185920,20.4686,17.0964,0.56574,29.3469,1.1337,0.0000,0.0,0.2703,1.1234
b,smoke,smoke_test9,smoke|oracle,flipbook_library,best of 45 raw (oracle),188743680,,15.7472,,99.0000,1.0000,0.0000,0.0,,
b,smoke,smoke_test0,smoke|grid_k8,neural_grid,grid G32 C8 H32 L2 D3+z0 K8 T16 8-bit,1056200,21.1013,17.0706,0.57793,30.6270,1.0279,1.0496,176.4,0.2944,0.9414
b,smoke,smoke_test1,smoke|grid_k8,neural_grid,grid G32 C8 H32 L2 D3+z0 K8 T16 8-bit,1056200,24.0419,19.2562,0.68042,32.6233,1.4598,1.0496,176.4,0.3875,1.1060
b,smoke,smoke_test2,smoke|grid_k8,neural_grid,grid G32 C8 H32 L2 D3+z0 K8 T16 8-bit,1056200,21.7698,17.3610,0.64063,31.2038,2.6868,1.0496,176.4,0.2767,1.1366
b,smoke,smoke_test3,smoke|grid_k8,neural_grid,grid G32 C8 H32 L2 D3+z0 K8 T16 8-bit,1056200,19.8147,16.1273,0.57829,28.5589,0.5754,1.0496,176.4,0.2901,0.9166
b,smoke,smoke_test4,smoke|grid_k8,neural_grid,grid G32 C8 H32 L2 D3+z0 K8 T16 8-bit,1056200,18.0812,14.5978,0.50407,27.3161,0.8081,1.0496,176.4,0.3071,1.0547
b,smoke,smoke_test5,smoke|grid_k8,neural_grid,grid G32 C8 H32 L2 D3+z0 K8 T16 8-bit,1056200,23.8338,19.4327,0.64301,32.3699,1.4891,1.0496,176.4,0.3689,1.2434
b,smoke,smoke_test6,smoke|grid_k8,neural_grid,grid G32 C8 H32 L2 D3+z0 K8 T16 8-bit,1056200,22.5182,18.5026,0.61183,31.0163,0.8702,1.0496,176.4,0.3512,0.9127
b,smoke,smoke_test7,smoke|grid_k8,neural_grid,grid G32 C8 H32 L2 D3+z0 K8 T16 8-bit,1056200,19.2868,15.9336,0.53925,28.0848,0.6254,1.0496,176.4,0.3782,0.9767
b,smoke,smoke_test8,smoke|grid_k8,neural_grid,grid G32 C8 H32 L2 D3+z0 K8 T16 8-bit,1056200,18.6797,15.3770,0.57637,26.8449,0.6734,1.0496,176.4,0.2761,0.9060
b,smoke,smoke_test9,smoke|grid_k8,neural_grid,grid G32 C8 H32 L2 D3+z0 K8 T16 8-bit,1056200,20.7871,16.9435,0.56720,29.7762,0.9421,1.0496,176.4,0.3666,0.8878
b_fit,smoke,smoke_train,smoke|grid_k8|fit,neural_grid,grid G32 C8 H32 L2 D3+z0 K8 T16,1056200,0.0000,23.7372,0.00000,0.0000,0.0000,1.0496,176.4,,
b,smoke,smoke_test0,smoke|grid_k16,neural_grid,grid G32 C8 H48 L2 D3+z0 K16 T16 8-bit,2112200,21.1122,16.8071,0.62685,30.6011,1.0986,2.0071,342.2,0.2687,1.0360
b,smoke,smoke_test1,smoke|grid_k16,neural_grid,grid G32 C8 H48 L2 D3+z0 K16 T16 8-bit,2112200,24.1086,19.2391,0.68455,32.7115,1.3354,2.0071,342.2,0.3880,1.0912
b,smoke,smoke_test2,smoke|grid_k16,neural_grid,grid G32 C8 H48 L2 D3+z0 K16 T16 8-bit,2112200,21.5085,16.8661,0.63618,30.9560,2.7327,2.0071,342.2,0.2375,1.2122
b,smoke,smoke_test3,smoke|grid_k16,neural_grid,grid G32 C8 H48 L2 D3+z0 K16 T16 8-bit,2112200,19.3475,15.5454,0.60026,28.5416,0.5542,2.0071,342.2,0.3297,0.9359
b,smoke,smoke_test4,smoke|grid_k16,neural_grid,grid G32 C8 H48 L2 D3+z0 K16 T16 8-bit,2112200,18.3015,14.7767,0.53879,27.8422,0.6339,2.0071,342.2,0.4087,0.9413
b,smoke,smoke_test5,smoke|grid_k16,neural_grid,grid G32 C8 H48 L2 D3+z0 K16 T16 8-bit,2112200,23.7337,19.2396,0.63403,32.4804,1.3431,2.0071,342.2,0.3721,1.2572
b,smoke,smoke_test6,smoke|grid_k16,neural_grid,grid G32 C8 H48 L2 D3+z0 K16 T16 8-bit,2112200,22.6236,18.4638,0.64146,31.2326,0.7875,2.0071,342.2,0.3618,0.9061
b,smoke,smoke_test7,smoke|grid_k16,neural_grid,grid G32 C8 H48 L2 D3+z0 K16 T16 8-bit,2112200,19.2045,15.7081,0.56930,28.0710,0.6267,2.0071,342.2,0.3623,0.9684
b,smoke,smoke_test8,smoke|grid_k16,neural_grid,grid G32 C8 H48 L2 D3+z0 K16 T16 8-bit,2112200,18.7054,15.2962,0.58516,27.0035,0.6522,2.0071,342.2,0.2597,0.8760
b,smoke,smoke_test9,smoke|grid_k16,neural_grid,grid G32 C8 H48 L2 D3+z0 K16 T16 8-bit,2112200,20.6916,16.6103,0.60935,29.7609,0.9918,2.0071,342.2,0.3472,0.9888
b_fit,smoke,smoke_train,smoke|grid_k16|fit,neural_grid,grid G32 C8 H48 L2 D3+z0 K16 T16,2112200,0.0000,24.1716,0.00000,0.0000,0.0000,2.0071,342.2,,
b,explosion,explosion_test0,explosion|nearest,flipbook_library,nearest of 45 BC3,47185920,15.2961,9.9764,0.76194,26.2703,2.9498,0.0000,0.0,0.3259,1.5209
b,explosion,explosion_test0,explosion|blend2,flipbook_library,blend of 2 nearest BC3,47185920,15.8776,10.9118,0.74728,27.0013,2.2444,0.0000,0.0,0.2570,1.4076
b,explosion,explosion_test0,explosion|oracle,flipbook_library,best of 45 raw (oracle),188743680,,10.1685,,99.0000,1.0000,0.0000,0.0,,
b,explosion,explosion_test1,explosion|nearest,flipbook_library,nearest of 45 BC3,47185920,23.0107,13.5171,0.91777,33.6598,1.6640,0.0000,0.0,0.3964,0.8465
b,explosion,explosion_test1,explosion|blend2,flipbook_library,blend of 2 nearest BC3,47185920,23.5859,14.4016,0.91504,34.5826,1.0380,0.0000,0.0,0.3121,0.8197
b,explosion,explosion_test1,explosion|oracle,flipbook_library,best of 45 raw (oracle),188743680,,13.5662,,99.0000,1.0000,0.0000,0.0,,
b,explosion,explosion_test2,explosion|nearest,flipbook_library,nearest of 45 BC3,47185920,15.8577,10.4434,0.79452,27.1903,2.9011,0.0000,0.0,0.5505,1.5838
b,explosion,explosion_test2,explosion|blend2,flipbook_library,blend of 2 nearest BC3,47185920,16.4268,11.4392,0.77542,27.6761,2.4121,0.0000,0.0,0.4505,1.5029
b,explosion,explosion_test2,explosion|oracle,flipbook_library,best of 45 raw (oracle),188743680,,10.4563,,99.0000,1.0000,0.0000,0.0,,
b,explosion,explosion_test3,explosion|nearest,flipbook_library,nearest of 45 BC3,47185920,14.2496,10.4879,0.68868,23.7712,0.5720,0.0000,0.0,0.0798,0.7837
b,explosion,explosion_test3,explosion|blend2,flipbook_library,blend of 2 nearest BC3,47185920,14.6398,11.0045,0.69145,24.1983,0.4250,0.0000,0.0,0.1612,0.7231
b,explosion,explosion_test3,explosion|oracle,flipbook_library,best of 45 raw (oracle),188743680,,10.7116,,99.0000,1.0000,0.0000,0.0,,
b,explosion,explosion_test4,explosion|nearest,flipbook_library,nearest of 45 BC3,47185920,19.2008,16.5569,0.80632,22.2985,1.1644,0.0000,0.0,0.0985,1.0607
b,explosion,explosion_test4,explosion|blend2,flipbook_library,blend of 2 nearest BC3,47185920,20.0353,17.7196,0.79016,22.9714,0.9968,0.0000,0.0,0.0657,1.0322
b,explosion,explosion_test4,explosion|oracle,flipbook_library,best of 45 raw (oracle),188743680,,16.5561,,99.0000,1.0000,0.0000,0.0,,
b,explosion,explosion_test5,explosion|nearest,flipbook_library,nearest of 45 BC3,47185920,24.1704,14.4257,0.92896,34.5722,1.5306,0.0000,0.0,0.2631,0.8602
b,explosion,explosion_test5,explosion|blend2,flipbook_library,blend of 2 nearest BC3,47185920,25.7733,16.2354,0.93106,35.9049,0.9412,0.0000,0.0,0.2893,0.8337
b,explosion,explosion_test5,explosion|oracle,flipbook_library,best of 45 raw (oracle),188743680,,14.4618,,99.0000,1.0000,0.0000,0.0,,
b,explosion,explosion_test6,explosion|nearest,flipbook_library,nearest of 45 BC3,47185920,20.1633,11.3382,0.88304,32.2620,1.1459,0.0000,0.0,0.2400,0.7192
b,explosion,explosion_test6,explosion|blend2,flipbook_library,blend of 2 nearest BC3,47185920,21.1563,12.3631,0.89292,33.0008,0.6661,0.0000,0.0,0.2686,0.6867
b,explosion,explosion_test6,explosion|oracle,flipbook_library,best of 45 raw (oracle),188743680,,11.7952,,99.0000,1.0000,0.0000,0.0,,
b,explosion,explosion_test7,explosion|nearest,flipbook_library,nearest of 45 BC3,47185920,13.0694,11.1194,0.61766,20.6241,1.6240,0.0000,0.0,0.2050,1.1884
b,explosion,explosion_test7,explosion|blend2,flipbook_library,blend of 2 nearest BC3,47185920,13.6037,11.7941,0.60999,21.0140,1.3902,0.0000,0.0,0.1654,1.1294
b,explosion,explosion_test7,explosion|oracle,flipbook_library,best of 45 raw (oracle),188743680,,11.1221,,99.0000,1.0000,0.0000,0.0,,
b,explosion,explosion_test8,explosion|nearest,flipbook_library,nearest of 45 BC3,47185920,16.2048,13.8762,0.77708,21.6427,1.2876,0.0000,0.0,0.1504,1.0959
b,explosion,explosion_test8,explosion|blend2,flipbook_library,blend of 2 nearest BC3,47185920,16.3311,14.0394,0.77872,21.7671,1.2123,0.0000,0.0,0.1344,1.0917
b,explosion,explosion_test8,explosion|oracle,flipbook_library,best of 45 raw (oracle),188743680,,14.1493,,99.0000,1.0000,0.0000,0.0,,
b,explosion,explosion_test9,explosion|nearest,flipbook_library,nearest of 45 BC3,47185920,16.3247,11.1804,0.75830,25.8913,2.3603,0.0000,0.0,0.3398,1.3956
b,explosion,explosion_test9,explosion|blend2,flipbook_library,blend of 2 nearest BC3,47185920,17.0333,12.1994,0.75058,26.5185,1.8384,0.0000,0.0,0.2095,1.3351
b,explosion,explosion_test9,explosion|oracle,flipbook_library,best of 45 raw (oracle),188743680,,11.3337,,99.0000,1.0000,0.0000,0.0,,
b,explosion,explosion_test0,explosion|grid_k8,neural_grid,grid G32 C8 H32 L2 D3+z0 K8 T16 8-bit,1056200,19.0008,12.9521,0.80831,28.3003,2.1023,1.0295,267.6,0.0769,1.2757
b,explosion,explosion_test1,explosion|grid_k8,neural_grid,grid G32 C8 H32 L2 D3+z0 K8 T16 8-bit,1056200,26.6167,17.5608,0.93374,35.7005,1.3078,1.0295,267.6,0.1700,0.9721
b,explosion,explosion_test2,explosion|grid_k8,neural_grid,grid G32 C8 H32 L2 D3+z0 K8 T16 8-bit,1056200,20.9689,14.5203,0.85863,29.5256,2.2388,1.0295,267.6,0.2705,1.3821
b,explosion,explosion_test3,explosion|grid_k8,neural_grid,grid G32 C8 H32 L2 D3+z0 K8 T16 8-bit,1056200,16.0953,13.4766,0.63767,24.1944,0.7704,1.0295,267.6,0.2544,1.2868
b,explosion,explosion_test4,explosion|grid_k8,neural_grid,grid G32 C8 H32 L2 D3+z0 K8 T16 8-bit,1056200,20.2309,17.7729,0.79567,23.1520,1.0610,1.0295,267.6,0.0937,1.0542
b,explosion,explosion_test5,explosion|grid_k8,neural_grid,grid G32 C8 H32 L2 D3+z0 K8 T16 8-bit,1056200,27.3317,17.8672,0.94142,36.2240,1.2663,1.0295,267.6,0.1482,0.9572
b,explosion,explosion_test6,explosion|grid_k8,neural_grid,grid G32 C8 H32 L2 D3+z0 K8 T16 8-bit,1056200,23.4609,15.4389,0.88968,33.6884,1.3621,1.0295,267.6,0.2267,1.0101
b,explosion,explosion_test7,explosion|grid_k8,neural_grid,grid G32 C8 H32 L2 D3+z0 K8 T16 8-bit,1056200,14.8665,12.7412,0.63329,21.9646,1.0979,1.0295,267.6,0.1227,1.1451
b,explosion,explosion_test8,explosion|grid_k8,neural_grid,grid G32 C8 H32 L2 D3+z0 K8 T16 8-bit,1056200,17.9796,15.5776,0.78604,22.2487,1.1781,1.0295,267.6,0.0547,1.0982
b,explosion,explosion_test9,explosion|grid_k8,neural_grid,grid G32 C8 H32 L2 D3+z0 K8 T16 8-bit,1056200,19.3092,13.6329,0.80521,27.7789,1.7835,1.0295,267.6,0.1111,1.1941
b_fit,explosion,explosion_train,explosion|grid_k8|fit,neural_grid,grid G32 C8 H32 L2 D3+z0 K8 T16,1056200,0.0000,26.5414,0.00000,0.0000,0.0000,1.0295,267.6,,
b,explosion,explosion_test0,explosion|grid_k16,neural_grid,grid G32 C8 H48 L2 D3+z0 K16 T16 8-bit,2112200,19.3608,13.5806,0.79244,28.5155,1.7814,1.8361,473.1,0.1271,1.2323
b,explosion,explosion_test1,explosion|grid_k16,neural_grid,grid G32 C8 H48 L2 D3+z0 K16 T16 8-bit,2112200,26.4546,18.3289,0.90304,35.0738,1.5754,1.8361,473.1,0.2346,1.1448
b,explosion,explosion_test2,explosion|grid_k16,neural_grid,grid G32 C8 H48 L2 D3+z0 K16 T16 8-bit,2112200,20.6926,14.4508,0.84509,29.3643,2.0452,1.8361,473.1,0.2997,1.3417
b,explosion,explosion_test3,explosion|grid_k16,neural_grid,grid G32 C8 H48 L2 D3+z0 K16 T16 8-bit,2112200,16.4204,13.8206,0.63706,24.9536,0.4679,1.8361,473.1,0.3948,0.9885
b,explosion,explosion_test4,explosion|grid_k16,neural_grid,grid G32 C8 H48 L2 D3+z0 K16 T16 8-bit,2112200,20.2627,17.8742,0.78253,22.9977,1.0140,1.8361,473.1,0.1173,1.0422
b,explosion,explosion_test5,explosion|grid_k16,neural_grid,grid G32 C8 H48 L2 D3+z0 K16 T16 8-bit,2112200,27.0512,18.3376,0.92170,35.8193,1.2955,1.8361,473.1,0.1694,1.0518
b,explosion,explosion_test6,explosion|grid_k16,neural_grid,grid G32 C8 H48 L2 D3+z0 K16 T16 8-bit,2112200,23.3833,16.0533,0.85751,33.0352,1.4772,1.8361,473.1,0.1924,1.1855
b,explosion,explosion_test7,explosion|grid_k16,neural_grid,grid G32 C8 H48 L2 D3+z0 K16 T16 8-bit,2112200,15.7212,13.6724,0.60183,22.7463,0.6841,1.8361,473.1,0.3068,1.0650
b,explosion,explosion_test8,explosion|grid_k16,neural_grid,grid G32 C8 H48 L2 D3+z0 K16 T16 8-bit,2112200,18.1567,15.7744,0.76012,22.2253,1.0220,1.8361,473.1,0.0633,1.0951
b,explosion,explosion_test9,explosion|grid_k16,neural_grid,grid G32 C8 H48 L2 D3+z0 K16 T16 8-bit,2112200,19.3632,13.8402,0.79487,27.7615,1.6456,1.8361,473.1,0.1412,1.1814
b_fit,explosion,explosion_train,explosion|grid_k16|fit,neural_grid,grid G32 C8 H48 L2 D3+z0 K16 T16,2112200,0.0000,26.3756,0.00000,0.0000,0.0000,1.8361,473.1,,
