effect,case,f1,f2,f4,f8,f15,f30,f60,f90,f120,f180,f240
fire,start+1e-3_same_seed,73.94,72.07,71.32,69.92,66.74,61.86,56.65,52.88,47.81,37.75,34.79
fire,start+1e-1_same_seed,50.21,47.84,45.74,43.45,40.17,33.44,27.21,26.04,26.08,25.80,26.05
fire,same_start_other_seed,22.77,20.42,17.75,15.76,13.57,12.76,12.41,13.55,13.29,12.93,12.90
fire,other_start_same_seed,15.19,15.50,16.03,16.78,17.14,19.07,19.81,20.88,19.80,21.70,22.14
smoke,start+1e-3_same_seed,71.43,69.96,68.15,66.27,64.85,61.60,52.93,48.06,45.30,38.60,31.70
smoke,start+1e-1_same_seed,48.05,46.19,43.67,40.83,37.82,32.23,23.92,21.28,20.58,19.18,18.21
smoke,same_start_other_seed,25.08,24.26,23.02,21.08,18.50,15.01,13.28,13.45,13.63,13.58,12.91
smoke,other_start_same_seed,12.54,12.60,12.71,12.88,13.22,13.56,14.66,15.63,15.83,16.38,17.24
explosion,start+1e-3_same_seed,72.24,70.43,69.86,69.04,67.92,64.71,60.42,57.90,,,
explosion,start+1e-1_same_seed,48.07,45.88,44.59,42.84,39.78,33.64,27.72,27.26,,,
explosion,same_start_other_seed,54.22,46.03,36.74,28.10,20.86,16.09,13.77,15.59,,,
explosion,other_start_same_seed,16.64,16.79,17.07,17.33,16.85,14.49,13.55,15.71,,,
