effect,setting,method,spectrum_l1,motion_ratio,coverage_l1,emission_l1,mean_frame_psnr
fire,0,coarse_sim,0.9124,0.6958,0.0043,0.0031,31.553
fire,0,coarse_sim_detail,0.2075,1.0812,0.0046,0.0035,31.043
fire,0,flipbook_nearest,0.1167,1.3812,0.0029,0.0022,32.661
fire,0,grid_k8,0.2228,0.7245,0.0027,0.0020,36.556
fire,0,neural,0.2712,1.1491,0.0031,0.0026,36.960
fire,0,real_other_seed,0.0876,0.7507,0.0024,0.0021,34.290
fire,1,coarse_sim,1.0175,0.4489,0.0030,0.0022,34.627
fire,1,coarse_sim_detail,0.1923,0.7567,0.0030,0.0020,36.096
fire,1,flipbook_nearest,0.2447,0.6373,0.0032,0.0021,33.512
fire,1,grid_k8,0.3085,0.6983,0.0031,0.0020,32.118
fire,1,neural,0.0643,0.7296,0.0031,0.0017,36.242
fire,1,real_other_seed,0.0729,1.1000,0.0041,0.0027,39.529
fire,2,coarse_sim,0.8127,0.7093,0.0031,0.0019,36.855
fire,2,coarse_sim_detail,0.2365,1.0489,0.0033,0.0021,36.033
fire,2,flipbook_nearest,0.2376,1.8441,0.0055,0.0041,27.748
fire,2,grid_k8,0.0887,1.2079,0.0029,0.0021,33.746
fire,2,neural,0.3033,1.5819,0.0037,0.0033,31.958
fire,2,real_other_seed,0.0824,1.3078,0.0040,0.0030,40.299
fire,3,coarse_sim,0.8624,0.5667,0.0074,0.0060,29.485
fire,3,coarse_sim_detail,0.2845,0.9317,0.0073,0.0059,28.895
fire,3,flipbook_nearest,0.2676,0.7579,0.0028,0.0026,30.567
fire,3,grid_k8,0.2720,0.8104,0.0033,0.0026,28.264
fire,3,neural,0.1114,0.9010,0.0039,0.0037,30.940
fire,3,real_other_seed,0.0891,1.2194,0.0039,0.0037,34.124
fire,4,coarse_sim,0.9244,0.5725,0.0085,0.0082,26.695
fire,4,coarse_sim_detail,0.1408,0.8288,0.0083,0.0082,26.459
fire,4,flipbook_nearest,0.0281,1.0993,0.0044,0.0037,29.555
fire,4,grid_k8,0.2523,0.8642,0.0038,0.0034,30.379
fire,4,neural,0.2753,0.4700,0.0113,0.0093,27.277
fire,4,real_other_seed,0.0625,0.8933,0.0038,0.0039,33.956
fire,5,coarse_sim,1.0476,0.3550,0.0032,0.0026,31.703
fire,5,coarse_sim_detail,0.0910,0.6553,0.0029,0.0024,32.097
fire,5,flipbook_nearest,0.3216,0.5608,0.0020,0.0016,34.094
fire,5,grid_k8,0.4394,0.5902,0.0019,0.0016,31.618
fire,5,neural,0.1385,0.5893,0.0027,0.0019,35.879
fire,5,real_other_seed,0.1924,0.8010,0.0023,0.0019,36.984
fire,6,coarse_sim,0.7305,0.6288,0.0044,0.0028,33.752
fire,6,coarse_sim_detail,0.4811,1.1329,0.0045,0.0030,33.073
fire,6,flipbook_nearest,0.1154,0.6863,0.0020,0.0014,32.084
fire,6,grid_k8,0.1164,0.9345,0.0018,0.0014,34.028
fire,6,neural,0.3413,0.7965,0.0031,0.0021,40.889
fire,6,real_other_seed,0.0602,1.0663,0.0021,0.0016,37.537
fire,7,coarse_sim,0.9242,0.6180,0.0081,0.0061,30.822
fire,7,coarse_sim_detail,0.2732,0.9712,0.0080,0.0062,30.548
fire,7,flipbook_nearest,0.1154,1.4941,0.0083,0.0072,27.823
fire,7,grid_k8,0.3320,0.7280,0.0055,0.0051,29.024
fire,7,neural,0.1981,0.4890,0.0078,0.0069,28.071
fire,7,real_other_seed,0.0472,1.1166,0.0049,0.0045,38.021
fire,8,coarse_sim,1.0142,0.5209,0.0065,0.0055,31.943
fire,8,coarse_sim_detail,0.0842,0.6957,0.0064,0.0056,32.471
fire,8,flipbook_nearest,0.0562,1.4191,0.0072,0.0070,25.004
fire,8,grid_k8,0.2060,0.9454,0.0038,0.0034,26.257
fire,8,neural,0.0907,1.1507,0.0085,0.0079,32.331
fire,8,real_other_seed,0.0609,0.9234,0.0033,0.0026,34.663
fire,9,coarse_sim,0.8198,0.7931,0.0063,0.0043,30.414
fire,9,coarse_sim_detail,0.3027,1.2761,0.0065,0.0047,29.906
fire,9,flipbook_nearest,0.0739,1.3787,0.0046,0.0032,29.404
fire,9,grid_k8,0.2616,0.7869,0.0028,0.0023,34.579
fire,9,neural,0.1594,1.0733,0.0049,0.0040,37.229
fire,9,real_other_seed,0.0482,1.4011,0.0045,0.0036,34.511
smoke,0,coarse_sim,1.4542,0.3632,0.0347,0.0000,29.271
smoke,0,coarse_sim_detail,0.2741,0.6810,0.0325,0.0000,29.133
smoke,0,flipbook_nearest,0.0990,1.2625,0.0164,0.0000,25.186
smoke,0,grid_k8,0.4324,0.8236,0.0132,0.0000,28.446
smoke,0,neural,0.1667,0.5621,0.0268,0.0001,28.004
smoke,0,real_other_seed,0.0776,1.0013,0.0101,0.0000,30.803
smoke,1,coarse_sim,0.9101,0.6073,0.0185,0.0000,32.150
smoke,1,coarse_sim_detail,0.2526,1.0214,0.0156,0.0000,31.628
smoke,1,flipbook_nearest,0.0307,1.1265,0.0120,0.0000,29.242
smoke,1,grid_k8,0.4055,1.2178,0.0127,0.0000,30.176
smoke,1,neural,0.1116,1.1297,0.0117,0.0003,28.320
smoke,1,real_other_seed,0.0780,1.3175,0.0237,0.0000,31.870
smoke,2,coarse_sim,0.8001,0.3961,0.0165,0.0000,30.659
smoke,2,coarse_sim_detail,0.2238,0.6502,0.0165,0.0000,31.080
smoke,2,flipbook_nearest,0.2250,1.4421,0.0285,0.0000,23.840
smoke,2,grid_k8,0.3161,1.2482,0.0142,0.0000,27.329
smoke,2,neural,0.1416,0.9133,0.0136,0.0001,31.832
smoke,2,real_other_seed,0.0824,0.9526,0.0177,0.0000,33.237
smoke,3,coarse_sim,1.0899,0.4578,0.0424,0.0000,24.142
smoke,3,coarse_sim_detail,0.2264,0.9000,0.0350,0.0000,25.145
smoke,3,flipbook_nearest,0.2644,0.7962,0.0238,0.0000,24.952
smoke,3,grid_k8,0.4564,0.8516,0.0173,0.0000,26.032
smoke,3,neural,0.0521,0.8981,0.0360,0.0001,28.065
smoke,3,real_other_seed,0.0344,1.1021,0.0203,0.0000,27.612
smoke,4,coarse_sim,1.2546,0.4037,0.0210,0.0000,26.884
smoke,4,coarse_sim_detail,0.3030,0.7499,0.0189,0.0000,27.054
smoke,4,flipbook_nearest,0.1506,1.0700,0.0314,0.0000,20.487
smoke,4,grid_k8,0.3051,1.0558,0.0205,0.0001,25.001
smoke,4,neural,0.2985,1.0594,0.0388,0.0001,25.536
smoke,4,real_other_seed,0.1321,1.0503,0.0181,0.0000,27.250
smoke,5,coarse_sim,0.9918,0.4176,0.0175,0.0000,30.936
smoke,5,coarse_sim_detail,0.2856,0.8379,0.0134,0.0000,31.684
smoke,5,flipbook_nearest,0.0384,0.8505,0.0108,0.0000,26.977
smoke,5,grid_k8,0.4602,0.9352,0.0118,0.0000,28.438
smoke,5,neural,0.0921,0.7769,0.0209,0.0001,27.281
smoke,5,real_other_seed,0.0291,0.9301,0.0144,0.0000,34.749
smoke,6,coarse_sim,1.0690,0.5614,0.0466,0.0000,26.583
smoke,6,coarse_sim_detail,0.3933,1.1923,0.0406,0.0000,27.472
smoke,6,flipbook_nearest,0.0708,1.0102,0.0145,0.0000,27.676
smoke,6,grid_k8,0.3573,1.1318,0.0150,0.0000,31.750
smoke,6,neural,0.1171,0.9142,0.0129,0.0001,33.245
smoke,6,real_other_seed,0.0568,1.2054,0.0262,0.0000,31.416
smoke,7,coarse_sim,0.8670,0.4535,0.0409,0.0000,24.923
smoke,7,coarse_sim_detail,0.2606,0.8830,0.0348,0.0000,26.265
smoke,7,flipbook_nearest,0.0670,1.0706,0.0367,0.0000,23.108
smoke,7,grid_k8,0.4795,0.9237,0.0267,0.0000,24.790
smoke,7,neural,0.1606,0.8376,0.0470,0.0001,26.329
smoke,7,real_other_seed,0.0474,0.9500,0.0320,0.0000,25.674
smoke,8,coarse_sim,1.0433,0.3371,0.0209,0.0000,24.948
smoke,8,coarse_sim_detail,0.1730,0.5166,0.0240,0.0000,25.309
smoke,8,flipbook_nearest,0.2931,1.2239,0.0478,0.0000,21.484
smoke,8,grid_k8,0.4908,1.1062,0.0283,0.0000,23.767
smoke,8,neural,0.1422,0.8323,0.0225,0.0001,26.528
smoke,8,real_other_seed,0.1677,0.8253,0.0256,0.0000,25.772
smoke,9,coarse_sim,1.3049,0.5171,0.0256,0.0000,25.714
smoke,9,coarse_sim_detail,0.2898,0.9485,0.0202,0.0000,25.970
smoke,9,flipbook_nearest,0.1183,1.0427,0.0138,0.0000,26.198
smoke,9,grid_k8,0.3880,0.8952,0.0148,0.0001,28.939
smoke,9,neural,0.1519,0.8056,0.0173,0.0001,26.861
smoke,9,real_other_seed,0.0578,1.0860,0.0202,0.0000,29.520
explosion,0,coarse_sim,1.1644,0.5896,0.0081,0.0000,25.722
explosion,0,coarse_sim_detail,0.3187,0.6512,0.0105,0.0000,25.459
explosion,0,flipbook_nearest,0.1702,1.1794,0.0781,0.0000,21.505
explosion,0,grid_k8,0.2565,1.0060,0.0180,0.0000,24.642
explosion,0,neural,0.4761,0.4862,0.0420,0.0000,25.105
explosion,0,real_other_seed,0.0831,1.0084,0.0079,0.0000,25.706
explosion,1,coarse_sim,0.7443,0.7113,0.0017,0.0000,29.047
explosion,1,coarse_sim_detail,0.3167,0.7746,0.0031,0.0000,28.615
explosion,1,flipbook_nearest,0.0877,0.5966,0.0222,0.0000,25.826
explosion,1,grid_k8,0.1938,0.7172,0.0128,0.0000,27.718
explosion,1,neural,0.3248,1.1222,0.0386,0.0000,24.384
explosion,1,real_other_seed,0.2836,0.8544,0.0114,0.0000,28.101
explosion,2,coarse_sim,0.6463,0.8783,0.0066,0.0000,30.153
explosion,2,coarse_sim_detail,0.3014,0.9049,0.0060,0.0000,29.884
explosion,2,flipbook_nearest,0.2343,1.3090,0.0769,0.0000,21.866
explosion,2,grid_k8,0.1372,1.1545,0.0107,0.0000,27.164
explosion,2,neural,0.1737,0.6370,0.0447,0.0000,24.579
explosion,2,real_other_seed,0.2003,1.2235,0.0225,0.0000,27.527
explosion,3,coarse_sim,0.9198,0.6631,0.0176,0.0000,23.723
explosion,3,coarse_sim_detail,0.1281,0.7463,0.0170,0.0000,23.291
explosion,3,flipbook_nearest,0.0524,0.7486,0.0667,0.0000,21.431
explosion,3,grid_k8,0.3048,1.2625,0.0340,0.0000,23.685
explosion,3,neural,0.1342,1.1479,0.0818,0.0000,22.851
explosion,3,real_other_seed,0.1089,1.1935,0.0395,0.0000,24.334
explosion,4,coarse_sim,0.7209,0.7909,0.0519,0.0000,22.749
explosion,4,coarse_sim_detail,0.1614,0.8471,0.0514,0.0000,22.361
explosion,4,flipbook_nearest,0.0619,1.0076,0.0360,0.0000,25.521
explosion,4,grid_k8,0.1948,1.0104,0.0338,0.0001,26.455
explosion,4,neural,0.2792,0.9085,0.0483,0.0000,26.676
explosion,4,real_other_seed,0.0396,0.9978,0.0166,0.0000,28.273
explosion,5,coarse_sim,0.8987,0.7726,0.0110,0.0000,29.012
explosion,5,coarse_sim_detail,0.1774,0.8854,0.0076,0.0000,28.740
explosion,5,flipbook_nearest,0.1426,0.9403,0.0094,0.0000,27.049
explosion,5,grid_k8,0.1645,1.0954,0.0133,0.0000,28.220
explosion,5,neural,0.1752,1.6508,0.0591,0.0000,22.688
explosion,5,real_other_seed,0.0977,1.4483,0.0192,0.0000,26.451
explosion,6,coarse_sim,0.8995,0.7534,0.0116,0.0000,27.874
explosion,6,coarse_sim_detail,0.1380,0.8495,0.0072,0.0000,27.586
explosion,6,flipbook_nearest,0.2187,0.5684,0.0225,0.0000,26.419
explosion,6,grid_k8,0.2868,0.8358,0.0050,0.0000,29.005
explosion,6,neural,0.1528,0.9964,0.0264,0.0000,26.826
explosion,6,real_other_seed,0.1640,0.8540,0.0127,0.0000,29.518
explosion,7,coarse_sim,0.4634,0.7907,0.0287,0.0000,23.839
explosion,7,coarse_sim_detail,0.3138,0.8770,0.0235,0.0000,23.725
explosion,7,flipbook_nearest,0.1486,1.1466,0.0959,0.0000,19.433
explosion,7,grid_k8,0.1622,1.1171,0.0609,0.0000,22.829
explosion,7,neural,0.1100,0.9469,0.0333,0.0000,26.093
explosion,7,real_other_seed,0.0497,0.9878,0.0233,0.0000,26.115
explosion,8,coarse_sim,0.3209,0.8176,0.0350,0.0000,25.163
explosion,8,coarse_sim_detail,0.5138,0.8558,0.0271,0.0000,25.393
explosion,8,flipbook_nearest,0.1537,1.0703,0.0810,0.0000,22.084
explosion,8,grid_k8,0.0650,1.0759,0.0536,0.0000,25.188
explosion,8,neural,0.0492,0.9633,0.0169,0.0000,28.297
explosion,8,real_other_seed,0.1002,1.0781,0.0301,0.0000,27.992
explosion,9,coarse_sim,1.0421,0.6794,0.0066,0.0000,25.649
explosion,9,coarse_sim_detail,0.2372,0.7759,0.0091,0.0000,25.170
explosion,9,flipbook_nearest,0.1366,1.1416,0.0596,0.0000,21.068
explosion,9,grid_k8,0.2666,1.0033,0.0152,0.0000,23.190
explosion,9,neural,0.1216,1.4632,0.1264,0.0000,19.446
explosion,9,real_other_seed,0.0367,1.0271,0.0118,0.0000,23.535
