model,isa,size,median_ms,p90_ms,restart_ms,macs_px,stored_kb,resident_kb,scratch_kb
rollout_fire,avx2,64,1.2722,2.3077,32.37,2510,81.6,162.8,2026.2
rollout_fire,avx2,128,3.2537,5.4281,50.26,1012,81.6,162.8,3468.2
rollout_fire,avx2,256,9.7526,15.7593,157.58,637,81.6,162.8,9136.2
rollout_fire,baseline,128,4.1878,7.8756,107.04,1012,81.6,162.8,3468.2
rollout_fire,avx512,128,4.4343,6.6798,89.61,1012,81.6,162.8,3468.2
coarse_sim_fire,scalar,128,1.6478,2.5495,,,,,
rollout_smoke,avx2,64,1.3377,2.0796,0.31,2510,145.7,418.8,2026.2
rollout_smoke,avx2,128,4.0950,4.9355,0.95,1012,145.7,418.8,3468.2
rollout_smoke,avx2,256,9.5996,14.1702,3.96,637,145.7,418.8,9136.2
rollout_smoke,baseline,128,4.4307,7.5650,2.37,1012,145.7,418.8,3468.2
rollout_smoke,avx512,128,3.1469,4.1599,1.32,1012,145.7,418.8,3468.2
coarse_sim_smoke,scalar,128,4.2433,6.4698,,,,,
rollout_explosion,avx2,64,1.1925,1.8232,0.60,2510,274.2,803.6,2026.2
rollout_explosion,avx2,128,2.6250,3.3451,1.45,1012,274.2,803.6,3468.2
rollout_explosion,avx2,256,7.4721,8.7904,3.49,637,274.2,803.6,9136.2
rollout_explosion,baseline,128,3.5303,4.1509,1.41,1012,274.2,803.6,3468.2
rollout_explosion,avx512,128,3.3030,4.6331,1.34,1012,274.2,803.6,3468.2
coarse_sim_explosion,scalar,128,2.9885,3.4591,,,,,
