effect,run,method,config,bytes,frames,ms_per_frame,entropy_ms_per_frame,working_kb,resident_kb,peak_rss_kb,load,reps,cpu
fire,b0,g3a,k0_q0.4026_v0.00_m1.00_s61.2866n_f0_o0.301,50,240,8.674,0.002,2714,163,,6.95,3,3
fire,b0,g3a,k8_q3.2210_v0.00_m1.00_s3.2210n_f0_o0.301,394,240,8.737,0.040,2722,163,,6.96,3,3
fire,b0,g3a,k1_q3.2210_v0.00_m1.00_s3.2210n_f0_o0.301,711,240,9.280,0.283,2722,163,,7.04,3,3
fire,b0,g3a,k2_q1.6105_v0.00_m1.00_s1.6105n_f0_o0.301,1652,240,9.050,0.157,2722,164,,7.04,3,3
fire,b0,g3a,k2_q0.8052_v0.00_m1.00_s0.8052n_f0_o0.301,3790,240,9.096,0.173,2722,166,,6.95,3,3
fire,b0,g3a,k0_q0.4026_v0.00_m1.00_s0.4026n_f0_kf1_r64_qf0.2013_o0.301,8164,240,10.743,1.166,2762,171,,7.23,3,3
fire,b0,g3a,k0_q0.4026_v0.00_m1.00_s0.4026n_f0_kf1_r64_qf0.0712_o0.301,25230,240,10.807,1.255,2762,187,,7.18,3,3
fire,b0,g3a,k1_q0.1007_v1.00_m0.00_s0.1007n_f0_kf1_r128_qf0.1007_o0.301,81085,240,13.936,4.713,2962,242,,7.14,3,3
fire,b0,g3a,k0_q0.4026_v0.00_m1.00_s0.4026n_f0_kf1_r128_qf0.0503_o0.301,119349,240,14.899,5.014,2954,279,,7.18,3,3
fire,b0,g3a,k0_q0.4026_v0.00_m1.00_s0.4026n_f0_kf1_r128_qf0.0252_o0.301,199187,240,15.241,5.381,2954,357,,7.42,3,3
fire,b0,x264_444,12,124083,240,0.192,,,,53700,7.39,3,3
fire,b0,x264_444,18,68206,240,0.163,,,,54024,7.39,3,3
fire,b0,x264_444,24,40095,240,0.138,,,,53976,7.60,3,3
fire,b0,x264_444,30,25999,240,0.117,,,,53816,7.60,3,3
fire,b0,x264_444,36,16782,240,0.104,,,,53768,7.60,3,3
fire,b0,x264_444,42,13258,240,0.087,,,,53856,7.55,3,3
fire,b0,x264_444,47,9976,240,0.083,,,,53852,7.55,3,3
fire,b0,x264_444,51,7840,240,0.087,,,,53864,7.55,3,3
fire,b0,x265_444,12,169759,240,0.275,,,,72768,7.59,3,3
fire,b0,x265_444,18,94818,240,0.217,,,,72780,7.70,3,3
fire,b0,x265_444,24,52210,240,0.183,,,,72760,7.70,3,3
fire,b0,x265_444,30,28738,240,0.200,,,,72928,7.88,3,3
fire,b0,x265_444,36,16537,240,0.138,,,,72708,7.88,3,3
fire,b0,x265_444,42,9902,240,0.117,,,,72804,7.89,3,3
fire,b0,x265_444,47,6911,240,0.117,,,,72620,7.89,3,3
fire,b0,x265_444,51,5820,240,0.117,,,,72644,7.90,3,3
fire,b0,vp9a,10,144391,240,0.167,,,,50336,7.90,3,3
fire,b0,vp9a,20,92700,240,0.129,,,,50208,7.83,3,3
fire,b0,vp9a,30,62185,240,0.129,,,,50112,7.83,3,3
fire,b0,vp9a,40,39030,240,0.142,,,,50096,7.76,3,3
fire,b0,vp9a,48,28284,240,0.079,,,,50140,7.76,3,3
fire,b0,vp9a,55,22329,240,0.071,,,,50296,7.70,3,3
fire,b0,vp9a,60,19195,240,0.062,,,,50100,7.70,3,3
fire,b0,vp9a,63,17315,240,0.054,,,,50152,7.73,3,3
fire,b0,aom_444,10,109106,240,0.217,,,,51404,7.61,3,3
fire,b0,aom_444,20,66210,240,0.183,,,,51372,7.44,3,3
fire,b0,aom_444,30,44521,240,0.171,,,,51328,7.37,3,3
fire,b0,aom_444,40,28486,240,0.154,,,,51500,7.29,3,3
fire,b0,aom_444,48,20631,240,0.121,,,,51552,7.43,3,3
fire,b0,aom_444,55,15647,240,0.117,,,,51332,7.51,3,3
fire,b0,aom_444,60,11788,240,0.100,,,,51192,7.47,3,3
fire,b0,aom_444,63,8831,240,0.083,,,,51364,7.47,3,3
smoke,b0,g3a,k0_q0.4026_v0.00_m1.00_s61.2866n_f0_o0.301,50,240,8.563,0.002,2714,419,,7.28,3,3
smoke,b0,g3a,k32_q1.6105_v0.00_m1.00_s1.6105n_f0_o0.301,441,240,9.089,0.014,2722,419,,7.24,3,3
smoke,b0,g3a,k4_q1.6105_v0.00_m1.00_s1.6105n_f0_o0.301,1095,240,9.146,0.090,2722,420,,7.19,3,3
smoke,b0,g3a,k4_q0.8052_v0.00_m1.00_s0.8052n_f0_o0.301,2401,240,9.494,0.104,2722,421,,7.16,3,3
smoke,b0,g3a,k2_q0.4026_v0.00_m1.00_s0.4026n_f0_o0.301,6464,240,9.316,0.204,2722,425,,7.13,3,3
smoke,b0,g3a,k0_q0.4026_v0.00_m1.00_s0.4026n_f0_kf1_r64_qf0.1007_o0.301,24208,240,10.995,1.293,2762,442,,7.37,3,3
smoke,b0,g3a,k0_q0.4026_v0.00_m1.00_s0.4026n_f0_kf1_r128_qf0.0712_o0.301,117633,240,14.178,4.755,2954,534,,7.35,3,3
smoke,b0,g3a,k0_q0.4026_v0.00_m1.00_s0.4026n_f0_kf1_r128_qf0.0252_o0.301,240975,240,15.160,5.574,2954,654,,7.19,3,3
smoke,b0,x264_444,12,209674,240,0.283,,,,54088,7.17,3,3
smoke,b0,x264_444,18,120603,240,0.225,,,,53804,7.16,3,3
smoke,b0,x264_444,24,70485,240,0.200,,,,53928,7.16,3,3
smoke,b0,x264_444,30,40653,240,0.179,,,,53884,7.31,3,3
smoke,b0,x264_444,36,25069,240,0.125,,,,53884,7.31,3,3
smoke,b0,x264_444,42,15620,240,0.096,,,,53744,7.28,3,3
smoke,b0,x264_444,47,10880,240,0.092,,,,53964,7.28,3,3
smoke,b0,x264_444,51,8969,240,0.087,,,,53844,7.50,3,3
smoke,b0,x265_444,12,269241,240,0.400,,,,72804,7.54,3,3
smoke,b0,x265_444,18,157717,240,0.454,,,,72908,7.54,3,3
smoke,b0,x265_444,24,91555,240,0.250,,,,72960,7.66,3,3
smoke,b0,x265_444,30,51466,240,0.213,,,,72888,7.60,3,3
smoke,b0,x265_444,36,28389,240,0.192,,,,72832,7.64,3,3
smoke,b0,x265_444,42,15766,240,0.163,,,,72752,7.64,3,3
smoke,b0,x265_444,47,9607,240,0.133,,,,72660,7.58,3,3
smoke,b0,x265_444,51,7475,240,0.163,,,,72704,7.58,3,3
smoke,b0,vp9a,10,278728,240,0.317,,,,50336,7.62,3,3
smoke,b0,vp9a,20,178801,240,0.233,,,,50392,7.57,3,3
smoke,b0,vp9a,30,118927,240,0.196,,,,50384,7.60,3,3
smoke,b0,vp9a,40,71602,240,0.171,,,,50276,7.72,3,3
smoke,b0,vp9a,48,49014,240,0.113,,,,50160,7.66,3,3
smoke,b0,vp9a,55,35709,240,0.100,,,,50272,7.66,3,3
smoke,b0,vp9a,60,28928,240,0.092,,,,50092,7.53,3,3
smoke,b0,vp9a,63,24171,240,0.071,,,,50308,7.53,3,3
smoke,b0,aom_444,10,164417,240,0.329,,,,51356,7.41,3,3
smoke,b0,aom_444,20,107619,240,0.267,,,,51400,7.40,3,3
smoke,b0,aom_444,30,74918,240,0.250,,,,51336,7.34,3,3
smoke,b0,aom_444,40,49110,240,0.233,,,,51148,7.28,3,3
smoke,b0,aom_444,48,35342,240,0.163,,,,51408,7.24,3,3
smoke,b0,aom_444,55,26375,240,0.154,,,,51248,7.28,3,3
smoke,b0,aom_444,60,19290,240,0.192,,,,51220,7.26,3,3
smoke,b0,aom_444,63,12976,240,0.117,,,,51332,7.32,3,3
explosion,b0,g3a,k0_q0.4026_v0.00_m1.00_s61.2866n_f0_o0.301,50,89,8.147,0.005,2714,804,,7.53,3,3
explosion,b0,g3a,k32_q1.6105_v0.00_m1.00_s1.6105n_f0_o0.301,137,89,7.785,0.013,2722,804,,7.41,3,3
explosion,b0,g3a,k4_q1.6105_v0.00_m1.00_s1.6105n_f0_o0.301,159,89,8.251,0.077,2722,804,,7.38,3,3
explosion,b0,g3a,k16_q0.8052_v0.00_m1.00_s0.8052n_f0_o0.301,322,89,7.970,0.027,2722,804,,7.38,3,3
explosion,b0,g3a,k2_q0.8052_v0.00_m1.00_s0.8052n_f0_o0.301,492,89,8.405,0.148,2722,804,,7.43,3,3
explosion,b0,g3a,k4_q0.4026_v0.00_m1.00_s0.4026n_f0_o0.301,997,89,8.014,0.095,2722,804,,7.39,3,3
explosion,b0,g3a,k2_q0.2013_v0.00_m1.00_s0.2013n_f0_o0.301,2558,89,8.020,0.176,2722,806,,7.39,3,3
explosion,b0,g3a,k1_q0.1007_v1.00_m0.00_s0.1007n_f0_kf1_r128_qf0.1007_o0.301,31502,89,13.899,4.864,2962,834,,7.26,3,3
explosion,b0,g3a,k1_q0.1007_v1.00_m0.00_s0.1007n_f0_kf1_r128_qf0.0503_o0.301,50869,89,14.258,5.103,2962,853,,7.16,3,3
explosion,b0,g3a,k0_q0.4026_v0.00_m1.00_s0.4026n_f0_kf1_r128_qf0.0252_o0.301,66205,89,13.717,4.825,2954,868,,7.15,3,3
explosion,b0,x264_444,12,54790,89,0.225,,,,53860,7.13,3,3
explosion,b0,x264_444,18,32105,89,0.180,,,,54052,7.13,3,3
explosion,b0,x264_444,24,19482,89,0.180,,,,53956,7.13,3,3
explosion,b0,x264_444,30,12267,89,0.157,,,,53920,7.13,3,3
explosion,b0,x264_444,36,8362,89,0.135,,,,53972,7.12,3,3
explosion,b0,x264_444,42,5566,89,0.112,,,,53880,7.12,3,3
explosion,b0,x264_444,47,4418,89,0.112,,,,53980,7.12,3,3
explosion,b0,x264_444,51,3878,89,0.112,,,,53832,7.12,3,3
explosion,b0,x265_444,12,83127,89,0.382,,,,72932,7.11,3,3
explosion,b0,x265_444,18,47839,89,0.315,,,,72892,7.11,3,3
explosion,b0,x265_444,24,27260,89,0.281,,,,72848,7.11,3,3
explosion,b0,x265_444,30,15666,89,0.247,,,,72676,7.10,3,3
explosion,b0,x265_444,36,9307,89,0.213,,,,72796,7.10,3,3
explosion,b0,x265_444,42,5626,89,0.202,,,,72704,7.10,3,3
explosion,b0,x265_444,47,3835,89,0.180,,,,72744,7.10,3,3
explosion,b0,x265_444,51,3118,89,0.169,,,,72688,7.09,3,3
explosion,b0,vp9a,10,87219,89,0.258,,,,50288,7.09,3,3
explosion,b0,vp9a,20,55575,89,0.225,,,,50148,7.09,3,3
explosion,b0,vp9a,30,37058,89,0.157,,,,50304,7.09,3,3
explosion,b0,vp9a,40,22978,89,0.135,,,,50168,7.09,3,3
explosion,b0,vp9a,48,16245,89,0.112,,,,50260,7.09,3,3
explosion,b0,vp9a,55,12311,89,0.191,,,,50192,7.32,3,3
explosion,b0,vp9a,60,10346,89,0.090,,,,50252,7.32,3,3
explosion,b0,vp9a,63,8943,89,0.090,,,,50160,7.32,3,3
explosion,b0,aom_444,10,52064,89,0.281,,,,51192,7.51,3,3
explosion,b0,aom_444,20,33902,89,0.258,,,,51328,7.46,3,3
explosion,b0,aom_444,30,24002,89,0.247,,,,51288,7.46,3,3
explosion,b0,aom_444,40,16302,89,0.202,,,,51316,7.43,3,3
explosion,b0,aom_444,48,12334,89,0.202,,,,51292,7.55,3,3
explosion,b0,aom_444,55,9461,89,0.169,,,,51488,7.55,3,3
explosion,b0,aom_444,60,7105,89,0.157,,,,51352,7.51,3,3
explosion,b0,aom_444,63,4968,89,0.124,,,,51200,7.51,3,3
