clips,other,active_psnr,runs,g3b_unreached,other_unreached,other_at_floor,g3b_bytes,other_bytes,bytes_ratio,ratio_lo,ratio_hi
study_a_clips,aom_444,24,12,0,0,9,87046,3931,22.583,20.539,24.934
study_a_clips,aom_444,26,12,0,0,4,87046,4634,19.271,17.067,21.842
study_a_clips,aom_444,28,12,0,0,1,87046,6159,14.850,12.444,17.803
study_a_clips,aom_444,30,12,0,0,0,87114,8466,10.987,8.955,13.546
study_a_clips,aom_444,32,12,0,0,0,89125,11428,8.475,6.830,10.641
study_a_clips,aom_444,34,12,0,0,0,94373,15425,6.741,5.458,8.497
study_a_clips,aom_444,36,12,0,0,0,103210,20796,5.506,4.519,6.911
study_a_clips,aom_444,38,12,0,0,0,115715,27987,4.582,3.803,5.677
study_a_clips,aom_444,40,12,0,0,0,132544,37448,3.902,3.257,4.758
study_a_clips,aom_444,42,12,0,0,0,155537,49907,3.407,2.822,4.149
study_a_clips,aom_444,44,12,0,0,0,181632,67054,2.933,2.405,3.585
study_a_clips,aom_444,46,12,0,0,0,209521,91392,2.425,2.006,2.923
study_a_clips,aom_444,48,12,0,0,0,253090,127489,2.031,1.709,2.394
study_a_clips,aom_444,50,12,0,0,0,288856,185264,1.570,1.393,1.758
study_a_clips,flipbook_bc3,24,12,0,0,0,87046,71776,1.418,1.020,1.951
study_a_clips,flipbook_bc3,26,12,0,0,0,87046,191990,0.591,0.385,0.863
study_a_clips,flipbook_bc3,28,12,0,0,0,87046,343948,0.307,0.212,0.437
study_a_clips,flipbook_bc3,30,11,0,1,0,87113,498871,0.198,0.144,0.270
study_a_clips,flipbook_bc3,32,8,0,4,0,89754,534969,0.170,0.152,0.192
study_a_clips,flipbook_bc3,34,8,0,4,0,93420,718176,0.130,0.122,0.140
study_a_clips,flipbook_bc3,36,6,0,6,0,105457,958065,0.109,0.097,0.122
study_a_clips,flipbook_bc3,38,0,0,12,,,,,,
study_a_clips,flipbook_bc3,40,0,0,12,,,,,,
study_a_clips,flipbook_bc3,42,0,0,12,,,,,,
study_a_clips,flipbook_bc3,44,0,0,12,,,,,,
study_a_clips,flipbook_bc3,46,0,0,12,,,,,,
study_a_clips,flipbook_bc3,48,0,0,12,,,,,,
study_a_clips,flipbook_bc3,50,0,0,12,,,,,,
study_a_clips,flipbook_bc3_packed,24,12,0,0,0,87046,16305,6.176,4.549,8.659
study_a_clips,flipbook_bc3_packed,26,12,0,0,0,87046,33480,3.149,2.202,4.451
study_a_clips,flipbook_bc3_packed,28,12,0,0,0,87046,56244,1.826,1.308,2.626
study_a_clips,flipbook_bc3_packed,30,11,0,1,0,87113,76144,1.271,0.968,1.788
study_a_clips,flipbook_bc3_packed,32,8,0,4,0,89754,98693,0.984,0.773,1.375
study_a_clips,flipbook_bc3_packed,34,8,0,4,0,93420,124377,0.792,0.661,1.015
study_a_clips,flipbook_bc3_packed,36,6,0,6,0,105457,173243,0.610,0.575,0.650
study_a_clips,flipbook_bc3_packed,38,0,0,12,,,,,,
study_a_clips,flipbook_bc3_packed,40,0,0,12,,,,,,
study_a_clips,flipbook_bc3_packed,42,0,0,12,,,,,,
study_a_clips,flipbook_bc3_packed,44,0,0,12,,,,,,
study_a_clips,flipbook_bc3_packed,46,0,0,12,,,,,,
study_a_clips,flipbook_bc3_packed,48,0,0,12,,,,,,
study_a_clips,flipbook_bc3_packed,50,0,0,12,,,,,,
study_a_clips,flipbook_raw,24,12,0,0,0,87046,235884,0.421,0.312,0.574
study_a_clips,flipbook_raw,26,12,0,0,0,87046,477030,0.199,0.155,0.250
study_a_clips,flipbook_raw,28,6,0,6,0,89147,577446,0.160,0.132,0.199
study_a_clips,flipbook_raw,30,3,0,9,0,89570,777274,0.121,0.084,0.186
study_a_clips,flipbook_raw,32,1,0,11,,,,,,
study_a_clips,flipbook_raw,34,0,0,12,,,,,,
study_a_clips,flipbook_raw,36,0,0,12,,,,,,
study_a_clips,flipbook_raw,38,0,0,12,,,,,,
study_a_clips,flipbook_raw,40,0,0,12,,,,,,
study_a_clips,flipbook_raw,42,0,0,12,,,,,,
study_a_clips,flipbook_raw,44,0,0,12,,,,,,
study_a_clips,flipbook_raw,46,0,0,12,,,,,,
study_a_clips,flipbook_raw,48,0,0,12,,,,,,
study_a_clips,flipbook_raw,50,0,0,12,,,,,,
study_a_clips,flipbook_raw_packed,24,12,0,0,0,87046,25316,3.862,2.967,5.271
study_a_clips,flipbook_raw_packed,26,12,0,0,0,87046,41849,2.283,1.807,2.915
study_a_clips,flipbook_raw_packed,28,6,0,6,0,89147,59458,1.684,1.176,2.655
study_a_clips,flipbook_raw_packed,30,3,0,9,0,89570,67692,1.556,0.959,3.707
study_a_clips,flipbook_raw_packed,32,1,0,11,,,,,,
study_a_clips,flipbook_raw_packed,34,0,0,12,,,,,,
study_a_clips,flipbook_raw_packed,36,0,0,12,,,,,,
study_a_clips,flipbook_raw_packed,38,0,0,12,,,,,,
study_a_clips,flipbook_raw_packed,40,0,0,12,,,,,,
study_a_clips,flipbook_raw_packed,42,0,0,12,,,,,,
study_a_clips,flipbook_raw_packed,44,0,0,12,,,,,,
study_a_clips,flipbook_raw_packed,46,0,0,12,,,,,,
study_a_clips,flipbook_raw_packed,48,0,0,12,,,,,,
study_a_clips,flipbook_raw_packed,50,0,0,12,,,,,,
study_a_clips,svt,24,12,0,0,9,87046,4088,21.972,19.233,25.031
study_a_clips,svt,26,12,0,0,3,87046,5596,16.876,13.306,20.956
study_a_clips,svt,28,12,0,0,0,87046,10950,10.418,6.836,15.119
study_a_clips,svt,30,8,0,4,0,89171,7974,11.878,9.346,15.260
study_a_clips,svt,32,8,0,4,0,89754,11140,8.609,6.733,11.127
study_a_clips,svt,34,8,0,4,0,93420,16348,6.088,4.860,7.667
study_a_clips,svt,36,6,0,6,0,104687,25734,4.182,3.344,5.124
study_a_clips,svt,38,4,0,8,0,132900,32402,4.229,3.700,4.833
study_a_clips,svt,40,4,0,8,0,159129,43443,3.783,3.298,4.338
study_a_clips,svt,42,4,0,8,0,191088,58903,3.346,2.924,3.829
study_a_clips,svt,44,0,0,12,,,,,,
study_a_clips,svt,46,0,0,12,,,,,,
study_a_clips,svt,48,0,0,12,,,,,,
study_a_clips,svt,50,0,0,12,,,,,,
study_a_clips,vp9a,24,12,0,0,8,87046,8096,10.949,9.854,12.212
study_a_clips,vp9a,26,12,0,0,1,87046,10677,8.633,7.072,10.432
study_a_clips,vp9a,28,12,0,0,0,87046,18175,5.692,4.045,7.736
study_a_clips,vp9a,30,8,0,4,0,89171,16046,5.844,4.697,7.359
study_a_clips,vp9a,32,8,0,4,0,89754,22090,4.264,3.461,5.304
study_a_clips,vp9a,34,8,0,4,0,93420,32091,3.030,2.531,3.607
study_a_clips,vp9a,36,5,0,7,0,107917,44082,2.476,2.208,2.772
study_a_clips,vp9a,38,4,0,8,0,132900,56405,2.389,2.219,2.571
study_a_clips,vp9a,40,4,0,8,0,159129,73137,2.204,2.055,2.364
study_a_clips,vp9a,42,4,0,8,0,191088,96353,2.006,1.882,2.139
study_a_clips,vp9a,44,0,0,12,,,,,,
study_a_clips,vp9a,46,0,0,12,,,,,,
study_a_clips,vp9a,48,0,0,12,,,,,,
study_a_clips,vp9a,50,0,0,12,,,,,,
study_a_clips,x264_rgb,24,12,0,0,5,87046,8146,11.474,9.316,14.234
study_a_clips,x264_rgb,26,12,0,0,1,87046,11504,8.415,6.498,11.023
study_a_clips,x264_rgb,28,12,0,0,0,87046,14883,6.531,5.012,8.621
study_a_clips,x264_rgb,30,12,0,0,0,87114,18862,5.188,3.956,6.925
study_a_clips,x264_rgb,32,12,0,0,0,89125,24352,4.160,3.146,5.632
study_a_clips,x264_rgb,34,12,0,0,0,94373,32396,3.349,2.542,4.536
study_a_clips,x264_rgb,36,12,0,0,0,103210,43239,2.747,2.139,3.649
study_a_clips,x264_rgb,38,12,0,0,0,115715,57401,2.307,1.854,2.970
study_a_clips,x264_rgb,40,12,0,0,0,132544,75514,1.993,1.641,2.490
study_a_clips,x264_rgb,42,12,0,0,0,155537,98380,1.780,1.483,2.187
study_a_clips,x264_rgb,44,12,0,0,0,181632,128168,1.587,1.313,1.956
study_a_clips,x264_rgb,46,12,0,0,0,209521,165724,1.399,1.156,1.725
study_a_clips,x264_rgb,48,12,0,0,0,253090,213223,1.284,1.067,1.574
study_a_clips,x264_rgb,50,12,0,0,0,288856,272471,1.131,0.954,1.366
study_a_clips,x265_444,24,12,0,0,0,87046,4585,20.238,16.474,24.637
study_a_clips,x265_444,26,12,0,0,0,87046,6627,14.150,11.357,17.560
study_a_clips,x265_444,28,12,0,0,0,87046,9294,10.259,8.043,13.118
study_a_clips,x265_444,30,12,0,0,0,87114,12835,7.542,5.809,9.880
study_a_clips,x265_444,32,12,0,0,0,89125,17641,5.677,4.389,7.480
study_a_clips,x265_444,34,12,0,0,0,94373,23885,4.454,3.505,5.805
study_a_clips,x265_444,36,12,0,0,0,103210,32214,3.600,2.887,4.613
study_a_clips,x265_444,38,12,0,0,0,115715,42918,2.999,2.449,3.757
study_a_clips,x265_444,40,10,0,2,0,132876,52237,2.762,2.249,3.440
study_a_clips,x265_444,42,8,0,4,0,160034,61134,2.767,2.394,3.270
study_a_clips,x265_444,44,5,0,7,0,211605,91065,2.366,2.184,2.575
study_a_clips,x265_444,46,0,0,12,,,,,,
study_a_clips,x265_444,48,0,0,12,,,,,,
study_a_clips,x265_444,50,0,0,12,,,,,,
