effect,family,domain,seed,run,site,nested_bits_active,nested_bits_all,nested_sq_err
fire,hand,linear,0,0,3,2.21711,2.17154,0.000617
fire,hand,linear,0,1,0,3.35442,3.26644,0.001680
fire,hand,linear,0,2,3,1.82605,1.79883,0.000645
fire,hand,linear,0,3,0,2.80601,2.75012,0.001955
fire,hand,linear,0,4,3,2.25933,2.21528,0.001096
fire,hand,linear,0,5,3,1.69048,1.67821,0.000329
fire,hand,linear,0,6,2,2.52785,2.46845,0.002081
fire,hand,linear,0,7,4,3.43946,3.36436,0.002289
fire,hand,linear,0,8,3,1.90771,1.86911,0.000389
fire,hand,linear,0,9,4,2.44223,2.40247,0.001978
fire,hand,linear,0,10,4,3.01192,2.97063,0.004023
fire,hand,linear,0,11,1,2.48661,2.42008,0.001181
fire,hand,linear,0,12,3,1.90692,1.86904,0.000490
fire,hand,linear,0,13,1,3.22715,3.14401,0.002187
fire,hand,linear,0,14,0,3.12436,3.05288,0.001849
fire,hand,linear,0,15,1,2.72759,2.66160,0.001564
fire,hand,linear,0,16,2,1.98834,1.95738,0.000829
fire,hand,linear,0,17,0,2.85306,2.80078,0.001662
fire,hand,linear,0,18,2,2.20381,2.17267,0.000924
fire,hand,linear,0,19,1,2.80679,2.77247,0.001692
fire,hand,linear,0,20,1,3.21135,3.12190,0.002522
fire,hand,linear,0,21,4,2.84913,2.79453,0.002069
fire,hand,linear,0,22,2,2.19644,2.13870,0.000868
fire,hand,linear,0,23,0,2.93872,2.88539,0.001726
fire,hand,linear,0,24,1,2.87686,2.80140,0.001290
fire,hand,linear,0,25,2,2.53746,2.48461,0.002218
fire,hand,linear,0,26,0,3.12473,3.08975,0.001092
fire,hand,linear,0,27,2,2.44148,2.40765,0.001364
fire,hand,linear,0,28,0,2.33254,2.26877,0.000711
fire,hand,linear,0,29,0,2.84908,2.79181,0.001888
fire,hand,linear,0,30,1,2.74309,2.70282,0.001109
fire,hand,linear,0,31,1,2.91885,2.86338,0.001031
fire,hand,linear,0,32,3,2.30652,2.27229,0.000946
fire,hand,linear,0,33,0,2.17540,2.14109,0.000774
fire,hand,linear,0,34,4,2.70474,2.63818,0.002300
fire,hand,linear,0,35,2,2.36376,2.30825,0.001478
fire,hand,linear,0,36,3,2.76375,2.72349,0.001329
fire,hand,linear,0,37,0,2.77012,2.72891,0.000843
fire,hand,linear,0,38,1,3.43478,3.35768,0.001594
fire,hand,linear,0,39,2,2.35918,2.32061,0.000790
fire,hand,linear,0,40,0,2.47135,2.43499,0.000425
fire,hand,linear,0,41,1,2.99326,2.92835,0.001359
fire,hand,linear,0,42,0,2.58881,2.54445,0.000469
fire,hand,linear,0,43,4,2.20378,2.15967,0.001308
fire,hand,linear,0,44,2,2.88466,2.84977,0.001504
fire,hand,linear,0,45,4,2.94289,2.89746,0.001225
fire,hand,linear,0,46,1,2.47251,2.42480,0.001489
fire,hand,linear,0,47,1,2.91529,2.85139,0.001972
fire,hand+diff,linear,0,0,3,2.22760,2.18433,0.000633
fire,hand+diff,linear,0,1,0,3.41815,3.32979,0.001427
fire,hand+diff,linear,0,2,3,1.79527,1.77009,0.000665
fire,hand+diff,linear,0,3,0,2.83830,2.78205,0.001732
fire,hand+diff,linear,0,4,3,2.22720,2.18577,0.001111
fire,hand+diff,linear,0,5,3,1.67033,1.65888,0.000341
fire,hand+diff,linear,0,6,2,2.45196,2.39473,0.001729
fire,hand+diff,linear,0,7,4,3.40464,3.33266,0.002307
fire,hand+diff,linear,0,8,3,1.92530,1.88767,0.000400
fire,hand+diff,linear,0,9,4,2.40623,2.36730,0.001986
fire,hand+diff,linear,0,10,4,2.95163,2.91113,0.004045
fire,hand+diff,linear,0,11,1,2.45990,2.39504,0.000997
fire,hand+diff,linear,0,12,3,1.86665,1.83206,0.000508
fire,hand+diff,linear,0,13,1,3.25393,3.17132,0.001958
fire,hand+diff,linear,0,14,0,3.11114,3.04029,0.001492
fire,hand+diff,linear,0,15,1,2.73236,2.66763,0.001351
fire,hand+diff,linear,0,16,2,1.94564,1.91642,0.000713
fire,hand+diff,linear,0,17,0,2.88535,2.83301,0.001441
fire,hand+diff,linear,0,18,2,2.14850,2.12013,0.000735
fire,hand+diff,linear,0,19,1,2.78947,2.75575,0.001387
fire,hand+diff,linear,0,20,1,3.21966,3.13104,0.002097
fire,hand+diff,linear,0,21,4,2.82037,2.76665,0.002080
fire,hand+diff,linear,0,22,2,2.16294,2.10691,0.000744
fire,hand+diff,linear,0,23,0,2.97262,2.91957,0.001528
fire,hand+diff,linear,0,24,1,2.87237,2.79955,0.001090
fire,hand+diff,linear,0,25,2,2.48271,2.43190,0.001836
fire,hand+diff,linear,0,26,0,3.20252,3.16674,0.000959
fire,hand+diff,linear,0,27,2,2.38837,2.35612,0.001172
fire,hand+diff,linear,0,28,0,2.32740,2.26398,0.000608
fire,hand+diff,linear,0,29,0,2.83261,2.77600,0.001559
fire,hand+diff,linear,0,30,1,2.70963,2.67085,0.000903
fire,hand+diff,linear,0,31,1,2.92101,2.86602,0.000861
fire,hand+diff,linear,0,32,3,2.30498,2.27107,0.000963
fire,hand+diff,linear,0,33,0,2.14151,2.10864,0.000632
fire,hand+diff,linear,0,34,4,2.73039,2.66432,0.002317
fire,hand+diff,linear,0,35,2,2.31653,2.26311,0.001212
fire,hand+diff,linear,0,36,3,2.75592,2.71810,0.001367
fire,hand+diff,linear,0,37,0,2.75379,2.71393,0.000694
fire,hand+diff,linear,0,38,1,3.49421,3.41703,0.001419
fire,hand+diff,linear,0,39,2,2.34916,2.31181,0.000645
fire,hand+diff,linear,0,40,0,2.49053,2.45466,0.000366
fire,hand+diff,linear,0,41,1,3.00504,2.94145,0.001146
fire,hand+diff,linear,0,42,0,2.59883,2.55542,0.000421
fire,hand+diff,linear,0,43,4,2.14517,2.10256,0.001318
fire,hand+diff,linear,0,44,2,2.81339,2.77994,0.001239
fire,hand+diff,linear,0,45,4,2.96859,2.92463,0.001235
fire,hand+diff,linear,0,46,1,2.45861,2.41247,0.001246
fire,hand+diff,linear,0,47,1,2.87815,2.81483,0.001604
fire,hand+plain,linear,0,0,3,2.22527,2.18032,0.000527
fire,hand+plain,linear,0,1,0,3.37766,3.28931,0.001430
fire,hand+plain,linear,0,2,3,1.83418,1.80732,0.000525
fire,hand+plain,linear,0,3,0,2.82747,2.77140,0.001764
fire,hand+plain,linear,0,4,3,2.26694,2.22327,0.000974
fire,hand+plain,linear,0,5,3,1.69407,1.68191,0.000274
fire,hand+plain,linear,0,6,2,2.52753,2.46893,0.001748
fire,hand+plain,linear,0,7,4,3.46043,3.38407,0.002288
fire,hand+plain,linear,0,8,3,1.90656,1.86886,0.000322
fire,hand+plain,linear,0,9,4,2.57543,2.53314,0.001975
fire,hand+plain,linear,0,10,4,3.23703,3.19182,0.004022
fire,hand+plain,linear,0,11,1,2.50619,2.43962,0.001090
fire,hand+plain,linear,0,12,3,1.89595,1.85912,0.000435
fire,hand+plain,linear,0,13,1,3.24946,3.16595,0.002077
fire,hand+plain,linear,0,14,0,3.13112,3.05988,0.001529
fire,hand+plain,linear,0,15,1,2.75484,2.68850,0.001475
fire,hand+plain,linear,0,16,2,1.98569,1.95508,0.000745
fire,hand+plain,linear,0,17,0,2.86936,2.81691,0.001445
fire,hand+plain,linear,0,18,2,2.21231,2.18149,0.000760
fire,hand+plain,linear,0,19,1,2.83173,2.79717,0.001546
fire,hand+plain,linear,0,20,1,3.22687,3.13722,0.002306
fire,hand+plain,linear,0,21,4,2.93607,2.87925,0.002069
fire,hand+plain,linear,0,22,2,2.20344,2.14625,0.000759
fire,hand+plain,linear,0,23,0,2.95625,2.90287,0.001547
fire,hand+plain,linear,0,24,1,2.91649,2.84021,0.001202
fire,hand+plain,linear,0,25,2,2.52778,2.47533,0.001912
fire,hand+plain,linear,0,26,0,3.14436,3.10931,0.000971
fire,hand+plain,linear,0,27,2,2.44131,2.40783,0.001201
fire,hand+plain,linear,0,28,0,2.34618,2.28243,0.000646
fire,hand+plain,linear,0,29,0,2.86018,2.80287,0.001569
fire,hand+plain,linear,0,30,1,2.76865,2.72824,0.001021
fire,hand+plain,linear,0,31,1,2.95369,2.89779,0.000951
fire,hand+plain,linear,0,32,3,2.32106,2.28681,0.000800
fire,hand+plain,linear,0,33,0,2.18692,2.15263,0.000651
fire,hand+plain,linear,0,34,4,2.82140,2.75150,0.002300
fire,hand+plain,linear,0,35,2,2.35996,2.30509,0.001218
fire,hand+plain,linear,0,36,3,2.75993,2.72053,0.001032
fire,hand+plain,linear,0,37,0,2.78367,2.74249,0.000712
fire,hand+plain,linear,0,38,1,3.46134,3.38567,0.001509
fire,hand+plain,linear,0,39,2,2.36674,2.32880,0.000669
fire,hand+plain,linear,0,40,0,2.49993,2.46347,0.000381
fire,hand+plain,linear,0,41,1,3.02882,2.96348,0.001264
fire,hand+plain,linear,0,42,0,2.60818,2.56377,0.000451
fire,hand+plain,linear,0,43,4,2.28115,2.23528,0.001305
fire,hand+plain,linear,0,44,2,2.88407,2.84941,0.001252
fire,hand+plain,linear,0,45,4,2.96368,2.91698,0.001223
fire,hand+plain,linear,0,46,1,2.48407,2.43625,0.001376
fire,hand+plain,linear,0,47,1,2.94150,2.87778,0.001785
fire,hand,linear,1,0,3,2.22438,2.17816,0.000621
fire,hand,linear,1,1,0,3.35776,3.26953,0.001688
fire,hand,linear,1,2,3,1.82351,1.79607,0.000649
fire,hand,linear,1,3,0,2.80647,2.75042,0.001961
fire,hand,linear,1,4,3,2.26030,2.21590,0.001104
fire,hand,linear,1,5,3,1.68659,1.67427,0.000331
fire,hand,linear,1,6,2,2.52874,2.46908,0.002093
fire,hand,linear,1,7,4,3.45936,3.38362,0.002300
fire,hand,linear,1,8,3,1.90322,1.86433,0.000392
fire,hand,linear,1,9,4,2.45231,2.41222,0.001987
fire,hand,linear,1,10,4,3.02884,2.98719,0.004048
fire,hand,linear,1,11,1,2.49256,2.42560,0.001190
fire,hand,linear,1,12,3,1.90851,1.87025,0.000492
fire,hand,linear,1,13,1,3.23300,3.14952,0.002206
fire,hand,linear,1,14,0,3.12283,3.05117,0.001858
fire,hand,linear,1,15,1,2.72895,2.66266,0.001575
fire,hand,linear,1,16,2,1.98923,1.95816,0.000834
fire,hand,linear,1,17,0,2.85243,2.80006,0.001671
fire,hand,linear,1,18,2,2.19993,2.16870,0.000931
fire,hand,linear,1,19,1,2.81073,2.77631,0.001709
fire,hand,linear,1,20,1,3.22445,3.13440,0.002538
fire,hand,linear,1,21,4,2.86119,2.80629,0.002079
fire,hand,linear,1,22,2,2.19617,2.13815,0.000873
fire,hand,linear,1,23,0,2.94393,2.89033,0.001733
fire,hand,linear,1,24,1,2.88131,2.80552,0.001302
fire,hand,linear,1,25,2,2.53985,2.48679,0.002233
fire,hand,linear,1,26,0,3.12958,3.09449,0.001096
fire,hand,linear,1,27,2,2.43871,2.40472,0.001372
fire,hand,linear,1,28,0,2.33774,2.27366,0.000714
fire,hand,linear,1,29,0,2.85269,2.79522,0.001898
fire,hand,linear,1,30,1,2.75609,2.71544,0.001122
fire,hand,linear,1,31,1,2.92092,2.86523,0.001040
fire,hand,linear,1,32,3,2.30370,2.26937,0.000953
fire,hand,linear,1,33,0,2.17868,2.14423,0.000777
fire,hand,linear,1,34,4,2.71467,2.64769,0.002311
fire,hand,linear,1,35,2,2.36310,2.30741,0.001487
fire,hand,linear,1,36,3,2.76796,2.72730,0.001342
fire,hand,linear,1,37,0,2.78842,2.74682,0.000847
fire,hand,linear,1,38,1,3.44105,3.36380,0.001604
fire,hand,linear,1,39,2,2.36207,2.32330,0.000796
fire,hand,linear,1,40,0,2.47198,2.43549,0.000427
fire,hand,linear,1,41,1,3.00523,2.93980,0.001372
fire,hand,linear,1,42,0,2.59355,2.54897,0.000472
fire,hand,linear,1,43,4,2.21133,2.16694,0.001313
fire,hand,linear,1,44,2,2.89530,2.86021,0.001515
fire,hand,linear,1,45,4,2.95878,2.91290,0.001231
fire,hand,linear,1,46,1,2.47774,2.42977,0.001495
fire,hand,linear,1,47,1,2.91476,2.85056,0.001987
fire,hand+diff,linear,1,0,3,2.18690,2.14260,0.000559
fire,hand+diff,linear,1,1,0,3.40874,3.32034,0.001542
fire,hand+diff,linear,1,2,3,1.77105,1.74550,0.000561
fire,hand+diff,linear,1,3,0,2.82233,2.76632,0.001835
fire,hand+diff,linear,1,4,3,2.20522,2.16279,0.000998
fire,hand+diff,linear,1,5,3,1.64760,1.63626,0.000287
fire,hand+diff,linear,1,6,2,2.44685,2.38914,0.001887
fire,hand+diff,linear,1,7,4,3.36145,3.28998,0.002128
fire,hand+diff,linear,1,8,3,1.89852,1.86109,0.000348
fire,hand+diff,linear,1,9,4,2.38305,2.34435,0.001799
fire,hand+diff,linear,1,10,4,2.92819,2.88801,0.003705
fire,hand+diff,linear,1,11,1,2.45719,2.39184,0.001086
fire,hand+diff,linear,1,12,3,1.87625,1.84061,0.000432
fire,hand+diff,linear,1,13,1,3.23562,3.15289,0.002079
fire,hand+diff,linear,1,14,0,3.09551,3.02469,0.001656
fire,hand+diff,linear,1,15,1,2.72042,2.65545,0.001458
fire,hand+diff,linear,1,16,2,1.94452,1.91489,0.000766
fire,hand+diff,linear,1,17,0,2.87193,2.81962,0.001540
fire,hand+diff,linear,1,18,2,2.14163,2.11255,0.000821
fire,hand+diff,linear,1,19,1,2.78095,2.74730,0.001541
fire,hand+diff,linear,1,20,1,3.21980,3.13071,0.002295
fire,hand+diff,linear,1,21,4,2.80954,2.75527,0.001948
fire,hand+diff,linear,1,22,2,2.15109,2.09475,0.000798
fire,hand+diff,linear,1,23,0,2.96151,2.90845,0.001618
fire,hand+diff,linear,1,24,1,2.86397,2.79022,0.001189
fire,hand+diff,linear,1,25,2,2.47778,2.42664,0.002010
fire,hand+diff,linear,1,26,0,3.18942,3.15374,0.001019
fire,hand+diff,linear,1,27,2,2.37973,2.34736,0.001257
fire,hand+diff,linear,1,28,0,2.32079,2.25721,0.000656
fire,hand+diff,linear,1,29,0,2.82457,2.76795,0.001710
fire,hand+diff,linear,1,30,1,2.71120,2.67203,0.001006
fire,hand+diff,linear,1,31,1,2.90932,2.85407,0.000944
fire,hand+diff,linear,1,32,3,2.26409,2.23062,0.000860
fire,hand+diff,linear,1,33,0,2.13490,2.10176,0.000698
fire,hand+diff,linear,1,34,4,2.71478,2.64881,0.002113
fire,hand+diff,linear,1,35,2,2.31299,2.25908,0.001328
fire,hand+diff,linear,1,36,3,2.73206,2.69445,0.001151
fire,hand+diff,linear,1,37,0,2.75116,2.71094,0.000763
fire,hand+diff,linear,1,38,1,3.48431,3.40731,0.001506
fire,hand+diff,linear,1,39,2,2.33905,2.30145,0.000711
fire,hand+diff,linear,1,40,0,2.48769,2.45177,0.000392
fire,hand+diff,linear,1,41,1,2.99774,2.93356,0.001250
fire,hand+diff,linear,1,42,0,2.59630,2.55242,0.000443
fire,hand+diff,linear,1,43,4,2.13158,2.08920,0.001178
fire,hand+diff,linear,1,44,2,2.80777,2.77423,0.001358
fire,hand+diff,linear,1,45,4,2.88539,2.84246,0.001094
fire,hand+diff,linear,1,46,1,2.45883,2.41221,0.001362
fire,hand+diff,linear,1,47,1,2.86501,2.80145,0.001776
fire,hand+plain,linear,1,0,3,2.22508,2.17931,0.000616
fire,hand+plain,linear,1,1,0,3.36720,3.27890,0.001669
fire,hand+plain,linear,1,2,3,1.83043,1.80331,0.000642
fire,hand+plain,linear,1,3,0,2.81378,2.75782,0.001945
fire,hand+plain,linear,1,4,3,2.26517,2.22106,0.001093
fire,hand+plain,linear,1,5,3,1.69181,1.67954,0.000329
fire,hand+plain,linear,1,6,2,2.57859,2.51824,0.002067
fire,hand+plain,linear,1,7,4,3.43465,3.35980,0.002280
fire,hand+plain,linear,1,8,3,1.90854,1.86997,0.000389
fire,hand+plain,linear,1,9,4,2.45216,2.41228,0.001968
fire,hand+plain,linear,1,10,4,3.02751,2.98600,0.004005
fire,hand+plain,linear,1,11,1,2.49449,2.42806,0.001088
fire,hand+plain,linear,1,12,3,1.90488,1.86706,0.000490
fire,hand+plain,linear,1,13,1,3.23817,3.15486,0.002073
fire,hand+plain,linear,1,14,0,3.13454,3.06292,0.001832
fire,hand+plain,linear,1,15,1,2.74104,2.67492,0.001472
fire,hand+plain,linear,1,16,2,2.03340,2.00140,0.000823
fire,hand+plain,linear,1,17,0,2.86011,2.80759,0.001652
fire,hand+plain,linear,1,18,2,2.24579,2.21434,0.000916
fire,hand+plain,linear,1,19,1,2.81590,2.78150,0.001543
fire,hand+plain,linear,1,20,1,3.21601,3.12652,0.002300
fire,hand+plain,linear,1,21,4,2.85676,2.80193,0.002056
fire,hand+plain,linear,1,22,2,2.20913,2.15132,0.000861
fire,hand+plain,linear,1,23,0,2.94651,2.89308,0.001716
fire,hand+plain,linear,1,24,1,2.89515,2.81933,0.001198
fire,hand+plain,linear,1,25,2,2.55555,2.50315,0.002200
fire,hand+plain,linear,1,26,0,3.13443,3.09934,0.001086
fire,hand+plain,linear,1,27,2,2.46501,2.43138,0.001354
fire,hand+plain,linear,1,28,0,2.33995,2.27605,0.000711
fire,hand+plain,linear,1,29,0,2.85883,2.80137,0.001874
fire,hand+plain,linear,1,30,1,2.75643,2.71612,0.001019
fire,hand+plain,linear,1,31,1,2.93356,2.87792,0.000950
fire,hand+plain,linear,1,32,3,2.31399,2.27966,0.000942
fire,hand+plain,linear,1,33,0,2.18385,2.14940,0.000770
fire,hand+plain,linear,1,34,4,2.71882,2.65198,0.002292
fire,hand+plain,linear,1,35,2,2.37286,2.31740,0.001467
fire,hand+plain,linear,1,36,3,2.77120,2.73091,0.001324
fire,hand+plain,linear,1,37,0,2.78746,2.74602,0.000839
fire,hand+plain,linear,1,38,1,3.44458,3.36844,0.001509
fire,hand+plain,linear,1,39,2,2.40174,2.36321,0.000786
fire,hand+plain,linear,1,40,0,2.48505,2.44849,0.000423
fire,hand+plain,linear,1,41,1,3.01443,2.94928,0.001261
fire,hand+plain,linear,1,42,0,2.59728,2.55277,0.000468
fire,hand+plain,linear,1,43,4,2.20415,2.16006,0.001300
fire,hand+plain,linear,1,44,2,2.87337,2.83907,0.001492
fire,hand+plain,linear,1,45,4,2.94565,2.90022,0.001220
fire,hand+plain,linear,1,46,1,2.47392,2.42623,0.001370
fire,hand+plain,linear,1,47,1,2.92157,2.85811,0.001779
fire,hand,linear,2,0,3,2.25100,2.20326,0.000595
fire,hand,linear,2,1,0,3.36019,3.27209,0.001583
fire,hand,linear,2,2,3,1.88620,1.85787,0.000623
fire,hand,linear,2,3,0,2.86709,2.81013,0.001862
fire,hand,linear,2,4,3,2.30250,2.25694,0.001054
fire,hand,linear,2,5,3,1.77106,1.75782,0.000321
fire,hand,linear,2,6,2,2.63845,2.57585,0.001868
fire,hand,linear,2,7,4,3.46659,3.39038,0.002151
fire,hand,linear,2,8,3,1.94232,1.90205,0.000378
fire,hand,linear,2,9,4,2.58793,2.54544,0.001849
fire,hand,linear,2,10,4,3.25376,3.20836,0.003760
fire,hand,linear,2,11,1,2.54363,2.47468,0.001112
fire,hand,linear,2,12,3,1.94110,1.90124,0.000477
fire,hand,linear,2,13,1,3.26222,3.17795,0.002074
fire,hand,linear,2,14,0,3.17688,3.10413,0.001735
fire,hand,linear,2,15,1,2.80026,2.73180,0.001463
fire,hand,linear,2,16,2,2.11613,2.08283,0.000748
fire,hand,linear,2,17,0,2.86163,2.80893,0.001592
fire,hand,linear,2,18,2,2.31069,2.27810,0.000838
fire,hand,linear,2,19,1,2.90160,2.86608,0.001590
fire,hand,linear,2,20,1,3.30975,3.21757,0.002389
fire,hand,linear,2,21,4,2.94124,2.88423,0.001928
fire,hand,linear,2,22,2,2.27433,2.21406,0.000771
fire,hand,linear,2,23,0,3.00674,2.95180,0.001648
fire,hand,linear,2,24,1,2.96315,2.88475,0.001221
fire,hand,linear,2,25,2,2.64127,2.58636,0.001985
fire,hand,linear,2,26,0,3.10013,3.06529,0.001043
fire,hand,linear,2,27,2,2.57866,2.54257,0.001212
fire,hand,linear,2,28,0,2.33472,2.27064,0.000688
fire,hand,linear,2,29,0,2.84913,2.79155,0.001800
fire,hand,linear,2,30,1,2.86359,2.82085,0.001036
fire,hand,linear,2,31,1,3.00446,2.94711,0.000970
fire,hand,linear,2,32,3,2.37592,2.34031,0.000907
fire,hand,linear,2,33,0,2.20115,2.16624,0.000745
fire,hand,linear,2,34,4,2.84327,2.77285,0.002155
fire,hand,linear,2,35,2,2.45391,2.39582,0.001289
fire,hand,linear,2,36,3,2.86014,2.81750,0.001272
fire,hand,linear,2,37,0,2.78887,2.74743,0.000814
fire,hand,linear,2,38,1,3.48849,3.41219,0.001525
fire,hand,linear,2,39,2,2.44330,2.40293,0.000723
fire,hand,linear,2,40,0,2.50030,2.46345,0.000407
fire,hand,linear,2,41,1,3.05572,2.98912,0.001283
fire,hand,linear,2,42,0,2.60462,2.55957,0.000451
fire,hand,linear,2,43,4,2.27501,2.22956,0.001194
fire,hand,linear,2,44,2,3.01924,2.98283,0.001323
fire,hand,linear,2,45,4,2.97103,2.92461,0.001132
fire,hand,linear,2,46,1,2.57324,2.52297,0.001383
fire,hand,linear,2,47,1,2.94854,2.88329,0.001864
fire,hand+diff,linear,2,0,3,2.19187,2.14799,0.000513
fire,hand+diff,linear,2,1,0,3.38947,3.30135,0.001397
fire,hand+diff,linear,2,2,3,1.76638,1.74133,0.000487
fire,hand+diff,linear,2,3,0,2.81575,2.75990,0.001695
fire,hand+diff,linear,2,4,3,2.20047,2.15859,0.000913
fire,hand+diff,linear,2,5,3,1.64836,1.63715,0.000250
fire,hand+diff,linear,2,6,2,2.43606,2.37887,0.001704
fire,hand+diff,linear,2,7,4,3.35706,3.28692,0.001941
fire,hand+diff,linear,2,8,3,1.90949,1.87249,0.000312
fire,hand+diff,linear,2,9,4,2.38560,2.34709,0.001620
fire,hand+diff,linear,2,10,4,2.92256,2.88273,0.003339
fire,hand+diff,linear,2,11,1,2.45673,2.39161,0.001065
fire,hand+diff,linear,2,12,3,1.88373,1.84883,0.000383
fire,hand+diff,linear,2,13,1,3.24674,3.16440,0.002051
fire,hand+diff,linear,2,14,0,3.11450,3.04361,0.001457
fire,hand+diff,linear,2,15,1,2.73079,2.66609,0.001427
fire,hand+diff,linear,2,16,2,1.93342,1.90410,0.000707
fire,hand+diff,linear,2,17,0,2.84797,2.79679,0.001413
fire,hand+diff,linear,2,18,2,2.13646,2.10786,0.000722
fire,hand+diff,linear,2,19,1,2.78936,2.75560,0.001507
fire,hand+diff,linear,2,20,1,3.21332,3.12503,0.002253
fire,hand+diff,linear,2,21,4,2.81778,2.76343,0.001810
fire,hand+diff,linear,2,22,2,2.14884,2.09280,0.000737
fire,hand+diff,linear,2,23,0,2.94846,2.89624,0.001495
fire,hand+diff,linear,2,24,1,2.85067,2.77759,0.001161
fire,hand+diff,linear,2,25,2,2.46771,2.41708,0.001808
fire,hand+diff,linear,2,26,0,3.14388,3.10876,0.000945
fire,hand+diff,linear,2,27,2,2.37075,2.33865,0.001159
fire,hand+diff,linear,2,28,0,2.32222,2.25928,0.000601
fire,hand+diff,linear,2,29,0,2.82138,2.76442,0.001517
fire,hand+diff,linear,2,30,1,2.70548,2.66671,0.000973
fire,hand+diff,linear,2,31,1,2.90927,2.85433,0.000920
fire,hand+diff,linear,2,32,3,2.26184,2.22848,0.000784
fire,hand+diff,linear,2,33,0,2.13517,2.10276,0.000625
fire,hand+diff,linear,2,34,4,2.70896,2.64364,0.001886
fire,hand+diff,linear,2,35,2,2.30557,2.25208,0.001190
fire,hand+diff,linear,2,36,3,2.72789,2.69097,0.000992
fire,hand+diff,linear,2,37,0,2.79458,2.75427,0.000694
fire,hand+diff,linear,2,38,1,3.48523,3.40688,0.001471
fire,hand+diff,linear,2,39,2,2.33468,2.29739,0.000632
fire,hand+diff,linear,2,40,0,2.47227,2.43672,0.000361
fire,hand+diff,linear,2,41,1,2.99932,2.93570,0.001227
fire,hand+diff,linear,2,42,0,2.59859,2.55542,0.000415
fire,hand+diff,linear,2,43,4,2.14109,2.09904,0.001042
fire,hand+diff,linear,2,44,2,2.79306,2.75980,0.001219
fire,hand+diff,linear,2,45,4,2.87969,2.83810,0.000952
fire,hand+diff,linear,2,46,1,2.45049,2.40406,0.001327
fire,hand+diff,linear,2,47,1,2.88852,2.82486,0.001736
fire,hand+plain,linear,2,0,3,2.21603,2.17098,0.000527
fire,hand+plain,linear,2,1,0,3.34900,3.26132,0.001425
fire,hand+plain,linear,2,2,3,1.82321,1.79628,0.000524
fire,hand+plain,linear,2,3,0,2.80309,2.74741,0.001756
fire,hand+plain,linear,2,4,3,2.25307,2.20941,0.000982
fire,hand+plain,linear,2,5,3,1.68923,1.67703,0.000272
fire,hand+plain,linear,2,6,2,2.51460,2.45620,0.001741
fire,hand+plain,linear,2,7,4,3.44399,3.36923,0.002150
fire,hand+plain,linear,2,8,3,1.90154,1.86364,0.000324
fire,hand+plain,linear,2,9,4,2.44318,2.40355,0.001798
fire,hand+plain,linear,2,10,4,3.01428,2.97304,0.003683
fire,hand+plain,linear,2,11,1,2.47925,2.41369,0.000995
fire,hand+plain,linear,2,12,3,1.89544,1.85836,0.000435
fire,hand+plain,linear,2,13,1,3.22798,3.14539,0.001941
fire,hand+plain,linear,2,14,0,3.10089,3.03024,0.001515
fire,hand+plain,linear,2,15,1,2.73209,2.66683,0.001368
fire,hand+plain,linear,2,16,2,1.98464,1.95399,0.000744
fire,hand+plain,linear,2,17,0,2.84421,2.79241,0.001439
fire,hand+plain,linear,2,18,2,2.20912,2.17822,0.000758
fire,hand+plain,linear,2,19,1,2.79804,2.76386,0.001393
fire,hand+plain,linear,2,20,1,3.19299,3.10427,0.002075
fire,hand+plain,linear,2,21,4,2.84643,2.79190,0.001954
fire,hand+plain,linear,2,22,2,2.19532,2.13821,0.000755
fire,hand+plain,linear,2,23,0,2.92840,2.87547,0.001540
fire,hand+plain,linear,2,24,1,2.87354,2.79840,0.001101
fire,hand+plain,linear,2,25,2,2.51983,2.46755,0.001900
fire,hand+plain,linear,2,26,0,3.11776,3.08299,0.000967
fire,hand+plain,linear,2,27,2,2.43650,2.40330,0.001197
fire,hand+plain,linear,2,28,0,2.32749,2.26418,0.000646
fire,hand+plain,linear,2,29,0,2.84134,2.78439,0.001561
fire,hand+plain,linear,2,30,1,2.74049,2.70081,0.000914
fire,hand+plain,linear,2,31,1,2.90933,2.85416,0.000865
fire,hand+plain,linear,2,32,3,2.30613,2.27203,0.000802
fire,hand+plain,linear,2,33,0,2.17488,2.14080,0.000648
fire,hand+plain,linear,2,34,4,2.71744,2.65074,0.002120
fire,hand+plain,linear,2,35,2,2.35653,2.30156,0.001207
fire,hand+plain,linear,2,36,3,2.74929,2.70981,0.001037
fire,hand+plain,linear,2,37,0,2.76102,2.72011,0.000710
fire,hand+plain,linear,2,38,1,3.41823,3.34176,0.001421
fire,hand+plain,linear,2,39,2,2.36348,2.32565,0.000666
fire,hand+plain,linear,2,40,0,2.47968,2.44359,0.000381
fire,hand+plain,linear,2,41,1,2.99750,2.93365,0.001156
fire,hand+plain,linear,2,42,0,2.58673,2.54267,0.000453
fire,hand+plain,linear,2,43,4,2.19269,2.14891,0.001180
fire,hand+plain,linear,2,44,2,2.87667,2.84215,0.001247
fire,hand+plain,linear,2,45,4,2.94162,2.89652,0.001095
fire,hand+plain,linear,2,46,1,2.46300,2.41561,0.001242
fire,hand+plain,linear,2,47,1,2.89438,2.83231,0.001583
