effect,family,domain,seed,kind,index,bits,cost_ms,config
fire,hand,linear,0,nested,0,2.1313,0.906,"inputs A+A_sl+A-A_sl+bias | mixers - | avm - 0.15 | scale height | loss laplace | lr 0.01/0.002 | ep 8"
fire,hand,linear,0,nested,1,2.1596,0.993,"inputs A+A_sl+A-A_sl+bias | mixers - | avm channel 0.15 | scale height | loss laplace | lr 0.02/0.002 | ep 8"
fire,hand,linear,0,nested,2,2.2626,0.906,"inputs A+A_sl+A-A_sl+bias | mixers - | avm - 0.15 | scale height | loss laplace | lr 0.01/0.002 | ep 8"
fire,hand,linear,0,nested,3,2.2659,0.906,"inputs A+A_sl+A-A_sl+bias | mixers - | avm - 0.15 | scale height | loss laplace | lr 0.01/0.002 | ep 8"
fire,hand,linear,0,nested,4,2.2022,0.906,"inputs A+A_sl+A-A_sl+bias | mixers - | avm - 0.15 | scale height | loss laplace | lr 0.01/0.002 | ep 8"
fire,hand,linear,0,global,0,2.1941,0.993,"inputs A+A_sl+A-A_sl+bias | mixers - | avm channel 0.15 | scale height | loss laplace | lr 0.02/0.002 | ep 8"
fire,hand,linear,0,global,1,2.1958,0.906,"inputs A+A_sl+A-A_sl+bias | mixers - | avm - 0.15 | scale height | loss laplace | lr 0.01/0.002 | ep 8"
fire,hand,linear,0,global,2,2.1970,0.906,"inputs A+A_sl+A-A_sl+bias | mixers - | avm height 0.15 | scale height | loss laplace | lr 0.02/0.002 | ep 8"
fire,hand,linear,0,global,3,2.1983,0.906,"inputs A+A_sl+A-A_sl+bias | mixers - | avm off | scale height | loss laplace | lr 0.02/0.002 | ep 8"
fire,hand,linear,0,global,4,2.1996,0.906,"inputs A+A_sl+A-A_sl+bias | mixers - | avm - 0.15 | scale height | loss laplace | lr 0.02/0.002 | ep 8"
fire,hand,linear,0,global,5,2.2002,0.993,"inputs A+A_sl+A-A_sl+bias | mixers - | avm ctrl 0.15 | scale height | loss laplace | lr 0.02/0.002 | ep 8"
fire,hand,linear,0,global,6,2.2019,0.993,"inputs A+A_sl+A-A_sl+bias | mixers -,channel | avm - 0.15 | scale height | loss laplace | lr 0.02/0.002 | ep 8"
fire,hand,linear,0,global,7,2.2031,0.906,"inputs A+A_sl+A-A_sl+bias | mixers - | avm - 0.15 | scale height | loss laplace | lr 0.02/0.002 | ep 6"
fire,hand,linear,0,global,8,2.2033,0.993,"inputs A+A_sl+A-A_sl+bias | mixers -,ctrl | avm - 0.15 | scale height | loss laplace | lr 0.02/0.002 | ep 8"
fire,hand,linear,0,global,9,2.2034,0.993,"inputs A+A_sl+A-A_sl+bias | mixers - | avm channel 0.3 | scale height | loss laplace | lr 0.02/0.002 | ep 8"
fire,hand+diff,linear,0,nested,0,2.1226,0.993,"inputs A+A_sl+A-A_sl+bias | mixers -,diff4,diff8 | avm diff4 0.3 | scale diff8 | loss laplace | lr 0.05/0.005 | ep 8"
fire,hand+diff,linear,0,nested,1,2.1457,0.993,"inputs A+A_sl+A-A_sl+bias | mixers -,diff4,diff8 | avm diff4 0.3 | scale diff8 | loss laplace | lr 0.05/0.005 | ep 8"
fire,hand+diff,linear,0,nested,2,2.2616,0.906,"inputs A+A_sl+A-A_sl+bias | mixers - | avm diff8 0.3 | scale diff8 | loss laplace | lr 0.02/0.02 | ep 6"
fire,hand+diff,linear,0,nested,3,2.2862,0.906,"inputs A+A_sl+A-A_sl+bias | mixers - | avm off | scale diff4 | loss laplace | lr 0.02/0.002 | ep 2"
fire,hand+diff,linear,0,nested,4,2.2166,0.906,"inputs A+A_sl+A-A_sl+bias | mixers - | avm off | scale diff4 | loss laplace | lr 0.02/0.005 | ep 3"
fire,hand+diff,linear,0,global,0,2.1937,0.906,"inputs A+A_sl+A-A_sl+bias | mixers - | avm off | scale diff8 | loss laplace | lr 0.02/0.005 | ep 4"
fire,hand+diff,linear,0,global,1,2.1945,0.906,"inputs A+A_sl+A-A_sl+bias | mixers - | avm off | scale diff8 | loss laplace | lr 0.02/0.002 | ep 3"
fire,hand+diff,linear,0,global,2,2.1984,0.906,"inputs A+A_sl+A-A_sl+bias | mixers - | avm off | scale diff8 | loss laplace | lr 0.01/0.005 | ep 3"
fire,hand+diff,linear,0,global,3,2.2032,0.993,"inputs A+A_sl+A-A_sl+bias | mixers -,channel | avm off | scale diff8 | loss laplace | lr 0.02/0.005 | ep 3"
fire,hand+diff,linear,0,global,4,2.2037,0.906,"inputs A+A_sl+A-A_sl+bias | mixers - | avm off | scale diff4 | loss laplace | lr 0.02/0.005 | ep 3"
fire,hand+diff,linear,0,global,5,2.2043,0.993,"inputs A+A_sl+A-A_sl+bias | mixers -,ctrl | avm off | scale diff8 | loss laplace | lr 0.02/0.005 | ep 3"
fire,hand+diff,linear,0,global,6,2.2045,0.906,"inputs A+A_sl+A-A_sl+bias | mixers - | avm - 0.15 | scale diff8 | loss laplace | lr 0.02/0.005 | ep 3"
fire,hand+diff,linear,0,global,7,2.2066,0.993,"inputs A+A_sl+A-A_sl+bias | mixers -,diff16 | avm off | scale diff8 | loss laplace | lr 0.02/0.005 | ep 3"
fire,hand+diff,linear,0,global,8,2.2067,0.906,"inputs A+A_sl+A-A_sl+bias | mixers - | avm off | scale diff8 | loss laplace | lr 0.02/0.005 | ep 3"
fire,hand+diff,linear,0,global,9,2.2089,0.993,"inputs A+A_sl+A-A_sl+bias | mixers -,diff4 | avm off | scale diff8 | loss laplace | lr 0.02/0.005 | ep 3"
fire,hand+plain,linear,0,nested,0,2.1579,0.993,"inputs A+A_sl+A-A_sl+bias | mixers - | avm plain8 0.3 | scale height | loss laplace | lr 0.02/0.02 | ep 8"
fire,hand+plain,linear,0,nested,1,2.1852,0.993,"inputs A+A_sl+A-A_sl+bias | mixers - | avm plain8 0.15 | scale height | loss laplace | lr 0.02/0.02 | ep 6"
fire,hand+plain,linear,0,nested,2,2.2850,0.993,"inputs A+A_sl+A-A_sl+bias | mixers - | avm plain8 0.3 | scale height | loss laplace | lr 0.02/0.01 | ep 6"
fire,hand+plain,linear,0,nested,3,2.2878,0.993,"inputs A+A_sl+A-A_sl+bias | mixers - | avm plain8 0.3 | scale height | loss laplace | lr 0.02/0.01 | ep 6"
fire,hand+plain,linear,0,nested,4,2.2607,0.931,"inputs A+A_sl+A-A_sl+a_phi1+a_phi2+a_phi3+bias | mixers - | avm - 0.15 | scale - | loss laplace | lr 0.01/0.002 | ep 8"
fire,hand+plain,linear,0,global,0,2.2131,0.993,"inputs A+A_sl+A-A_sl+bias | mixers - | avm plain8 0.3 | scale height | loss laplace | lr 0.02/0.01 | ep 6"
fire,hand+plain,linear,0,global,1,2.2157,0.993,"inputs A+A_sl+A-A_sl+bias | mixers - | avm plain8 0.3 | scale height | loss laplace | lr 0.02/0.02 | ep 8"
fire,hand+plain,linear,0,global,2,2.2177,0.993,"inputs A+A_sl+A-A_sl+bias | mixers - | avm plain8 0.15 | scale height | loss laplace | lr 0.02/0.02 | ep 6"
fire,hand+plain,linear,0,global,3,2.2213,0.993,"inputs A+A_sl+A-A_sl+bias | mixers - | avm plain8 0.3 | scale height | loss laplace | lr 0.01/0.02 | ep 6"
fire,hand+plain,linear,0,global,4,2.2237,0.993,"inputs A+A_sl+A-A_sl+bias | mixers - | avm plain8 0.3 | scale height | loss laplace | lr 0.02/0.02 | ep 6"
fire,hand+plain,linear,0,global,5,2.2262,0.993,"inputs A+A_sl+A-A_sl+bias | mixers - | avm plain16 0.3 | scale height | loss laplace | lr 0.02/0.02 | ep 6"
fire,hand+plain,linear,0,global,6,2.2297,0.993,"inputs A+A_sl+A-A_sl+bias | mixers - | avm plain8 0.3 | scale height | loss laplace | lr 0.05/0.02 | ep 6"
fire,hand+plain,linear,0,global,7,2.2297,0.993,"inputs A+A_sl+A-A_sl+bias | mixers -,plain8 | avm plain8 0.3 | scale height | loss laplace | lr 0.02/0.02 | ep 6"
fire,hand+plain,linear,0,global,8,2.2305,0.993,"inputs A+A_sl+A-A_sl+bias | mixers - | avm channel 0.3 | scale height | loss laplace | lr 0.02/0.02 | ep 6"
fire,hand+plain,linear,0,global,9,2.2308,0.993,"inputs A+A_sl+A-A_sl+bias | mixers -,height | avm plain8 0.3 | scale height | loss laplace | lr 0.02/0.02 | ep 6"
fire,hand,linear,1,nested,0,2.1272,0.906,"inputs A+A_sl+A-A_sl+bias | mixers - | avm off | scale height | loss laplace | lr 0.005/0.002 | ep 8"
fire,hand,linear,1,nested,1,2.1558,0.906,"inputs A+A_sl+A-A_sl+bias | mixers - | avm off | scale height | loss laplace | lr 0.005/0.002 | ep 8"
fire,hand,linear,1,nested,2,2.2610,0.906,"inputs A+A_sl+A-A_sl+bias | mixers - | avm off | scale height | loss laplace | lr 0.005/0.002 | ep 8"
fire,hand,linear,1,nested,3,2.2639,0.906,"inputs A+A_sl+A-A_sl+bias | mixers - | avm off | scale height | loss laplace | lr 0.005/0.002 | ep 8"
fire,hand,linear,1,nested,4,2.2003,0.993,"inputs A+A_sl+A-A_sl+bias | mixers -,ctrl | avm off | scale height | loss laplace | lr 0.005/0.002 | ep 8"
fire,hand,linear,1,global,0,2.1916,0.906,"inputs A+A_sl+A-A_sl+bias | mixers - | avm off | scale height | loss laplace | lr 0.005/0.002 | ep 8"
fire,hand,linear,1,global,1,2.1938,0.906,"inputs A+A_sl+A-A_sl+bias | mixers - | avm off | scale height | loss laplace | lr 0.01/0.002 | ep 8"
fire,hand,linear,1,global,2,2.1954,0.906,"inputs A+A_sl+A-A_sl+bias | mixers - | avm - 0.15 | scale height | loss laplace | lr 0.01/0.002 | ep 8"
fire,hand,linear,1,global,3,2.1962,0.993,"inputs A+A_sl+A-A_sl+bias | mixers -,channel | avm off | scale height | loss laplace | lr 0.005/0.002 | ep 8"
fire,hand,linear,1,global,4,2.1978,0.906,"inputs A+A_sl+A-A_sl+bias | mixers - | avm off | scale height | loss laplace | lr 0.02/0.002 | ep 8"
fire,hand,linear,1,global,5,2.1978,0.993,"inputs A+A_sl+A-A_sl+bias | mixers -,channel | avm off | scale height | loss laplace | lr 0.01/0.002 | ep 8"
fire,hand,linear,1,global,6,2.1984,0.993,"inputs A+A_sl+A-A_sl+bias | mixers -,channel | avm - 0.15 | scale height | loss laplace | lr 0.01/0.002 | ep 8"
fire,hand,linear,1,global,7,2.1989,0.993,"inputs A+A_sl+A-A_sl+bias | mixers -,ctrl | avm off | scale height | loss laplace | lr 0.01/0.002 | ep 8"
fire,hand,linear,1,global,8,2.1994,0.906,"inputs A+A_sl+A-A_sl+bias | mixers - | avm off | scale height | loss laplace | lr 0.01/0.005 | ep 8"
fire,hand,linear,1,global,9,2.2007,0.993,"inputs A+A_sl+A-A_sl+bias | mixers -,channel | avm off | scale height | loss laplace | lr 0.02/0.002 | ep 8"
fire,hand+diff,linear,1,nested,0,2.1025,0.993,"inputs A+A_sl+A-A_sl+bias | mixers - | avm diff4 0.15 | scale diff8 | loss laplace | lr 0.005/0.005 | ep 8"
fire,hand+diff,linear,1,nested,1,2.1294,0.993,"inputs A+A_sl+A-A_sl+bias | mixers - | avm diff4 0.15 | scale diff8 | loss laplace | lr 0.005/0.005 | ep 8"
fire,hand+diff,linear,1,nested,2,2.2374,0.993,"inputs A+A_sl+A-A_sl+bias | mixers - | avm diff4 0.15 | scale diff8 | loss laplace | lr 0.005/0.005 | ep 8"
fire,hand+diff,linear,1,nested,3,2.2419,0.993,"inputs A+A_sl+A-A_sl+bias | mixers - | avm diff4 0.15 | scale diff8 | loss laplace | lr 0.005/0.005 | ep 8"
fire,hand+diff,linear,1,nested,4,2.1856,0.993,"inputs A+A_sl+A-A_sl+bias | mixers - | avm diff4 0.15 | scale diff8 | loss laplace | lr 0.005/0.005 | ep 8"
fire,hand+diff,linear,1,global,0,2.1660,0.993,"inputs A+A_sl+A-A_sl+bias | mixers - | avm diff4 0.15 | scale diff8 | loss laplace | lr 0.005/0.005 | ep 8"
fire,hand+diff,linear,1,global,1,2.1712,0.993,"inputs A+A_sl+A-A_sl+bias | mixers - | avm diff4 0.15 | scale diff8 | loss laplace | lr 0.002/0.01 | ep 8"
fire,hand+diff,linear,1,global,2,2.1720,0.993,"inputs A+A_sl+A-A_sl+bias | mixers - | avm diff4 0.15 | scale diff8 | loss laplace | lr 0.005/0.01 | ep 8"
fire,hand+diff,linear,1,global,3,2.1722,0.993,"inputs A+A_sl+A-A_sl+bias | mixers - | avm diff16 0.15 | scale diff8 | loss laplace | lr 0.005/0.01 | ep 8"
fire,hand+diff,linear,1,global,4,2.1727,0.906,"inputs A+A_sl+A-A_sl+bias | mixers - | avm diff8 0.15 | scale diff8 | loss laplace | lr 0.005/0.01 | ep 8"
fire,hand+diff,linear,1,global,5,2.1727,0.993,"inputs A+A_sl+A-A_sl+bias | mixers - | avm diff4 0.3 | scale diff8 | loss laplace | lr 0.005/0.01 | ep 8"
fire,hand+diff,linear,1,global,6,2.1731,0.993,"inputs A+A_sl+A-A_sl+bias | mixers - | avm diff4 0.15 | scale diff8 | loss laplace | lr 0.01/0.01 | ep 8"
fire,hand+diff,linear,1,global,7,2.1747,0.906,"inputs A+A_sl+A-A_sl+bias | mixers - | avm diff4 0.15 | scale diff4 | loss laplace | lr 0.005/0.01 | ep 8"
fire,hand+diff,linear,1,global,8,2.1754,0.984,"inputs A+A_sl+A-A_sl | mixers - | avm diff4 0.15 | scale diff8 | loss laplace | lr 0.005/0.005 | ep 8"
fire,hand+diff,linear,1,global,9,2.1760,0.993,"inputs A+A_sl+A-A_sl+bias | mixers - | avm diff4 0.15 | scale diff16 | loss laplace | lr 0.005/0.01 | ep 8"
fire,hand+plain,linear,1,nested,0,2.1455,0.993,"inputs A+A_sl+A-A_sl+bias | mixers - | avm plain4 0.15 | scale height | loss laplace | lr 0.005/0.01 | ep 8"
fire,hand+plain,linear,1,nested,1,2.1693,0.993,"inputs A+A_sl+A-A_sl+bias | mixers - | avm plain8 0.15 | scale height | loss laplace | lr 0.005/0.01 | ep 6"
fire,hand+plain,linear,1,nested,2,2.2762,0.993,"inputs A+A_sl+A-A_sl+bias | mixers - | avm plain4 0.15 | scale plain8 | loss laplace | lr 0.005/0.005 | ep 8"
fire,hand+plain,linear,1,nested,3,2.2799,0.993,"inputs A+A_sl+A-A_sl+bias | mixers - | avm plain4 0.15 | scale height | loss laplace | lr 0.005/0.01 | ep 8"
fire,hand+plain,linear,1,nested,4,2.2145,0.993,"inputs A+A_sl+A-A_sl+bias | mixers - | avm plain4 0.15 | scale height | loss laplace | lr 0.005/0.01 | ep 8"
fire,hand+plain,linear,1,global,0,2.2063,0.993,"inputs A+A_sl+A-A_sl+bias | mixers - | avm plain4 0.15 | scale height | loss laplace | lr 0.005/0.01 | ep 8"
fire,hand+plain,linear,1,global,1,2.2075,0.984,"inputs A+A_sl+A-A_sl | mixers - | avm plain16 0.15 | scale height | loss laplace | lr 0.005/0.01 | ep 8"
fire,hand+plain,linear,1,global,2,2.2075,0.984,"inputs A+A_sl+A-A_sl | mixers - | avm plain8 0.15 | scale height | loss laplace | lr 0.005/0.01 | ep 8"
fire,hand+plain,linear,1,global,3,2.2096,0.984,"inputs A+A_sl+A-A_sl | mixers - | avm plain4 0.15 | scale height | loss laplace | lr 0.005/0.005 | ep 8"
fire,hand+plain,linear,1,global,4,2.2106,0.984,"inputs A+A_sl+A-A_sl | mixers - | avm plain4 0.15 | scale height | loss laplace | lr 0.002/0.01 | ep 8"
fire,hand+plain,linear,1,global,5,2.2121,0.984,"inputs A+A_sl+A-A_sl | mixers - | avm channel 0.15 | scale height | loss laplace | lr 0.005/0.01 | ep 8"
fire,hand+plain,linear,1,global,6,2.2122,0.897,"inputs A+A_sl+A-A_sl | mixers - | avm off | scale height | loss laplace | lr 0.005/0.01 | ep 8"
fire,hand+plain,linear,1,global,7,2.2145,0.897,"inputs A+A_sl+A-A_sl | mixers - | avm height 0.15 | scale height | loss laplace | lr 0.005/0.01 | ep 8"
fire,hand+plain,linear,1,global,8,2.2152,0.984,"inputs A+A_sl+A-A_sl | mixers - | avm plain4 0.15 | scale height | loss laplace | lr 0.005/0.01 | ep 8"
fire,hand+plain,linear,1,global,9,2.2153,0.984,"inputs A+A_sl+A-A_sl | mixers - | avm ctrl 0.15 | scale height | loss laplace | lr 0.005/0.01 | ep 8"
fire,hand,linear,2,nested,0,2.2057,0.976,"inputs A+A_sl+A-A_sl+L+rA+a_up+bias | mixers - | avm lvl 0.15 | scale - | loss laplace | lr 0.005/0.002 | ep 3"
fire,hand,linear,2,nested,1,2.2156,0.976,"inputs A+A_sl+A-A_sl+L+rA+a_up+bias | mixers - | avm lvl 0.15 | scale - | loss laplace | lr 0.01/0.002 | ep 3"
fire,hand,linear,2,nested,2,2.3142,0.976,"inputs A+A_sl+A-A_sl+L+rA+a_up+bias | mixers - | avm lvl 0.3 | scale - | loss laplace | lr 0.01/0.002 | ep 3"
fire,hand,linear,2,nested,3,2.3269,0.950,"inputs A+A_sl+A-A_sl+bias | mixers - | avm lvl 0.15 | scale - | loss laplace | lr 0.01/0.002 | ep 6"
fire,hand,linear,2,nested,4,2.2563,0.976,"inputs A+A_sl+A-A_sl+L+rA+a_up+bias | mixers - | avm lvl 0.15 | scale - | loss laplace | lr 0.01/0.002 | ep 4"
fire,hand,linear,2,global,0,2.2583,0.976,"inputs A+A_sl+A-A_sl+L+rA+a_up+bias | mixers - | avm lvl 0.15 | scale - | loss laplace | lr 0.01/0.002 | ep 4"
fire,hand,linear,2,global,1,2.2594,0.976,"inputs A+A_sl+A-A_sl+L+rA+a_up+bias | mixers - | avm lvl 0.15 | scale - | loss laplace | lr 0.01/0.002 | ep 3"
fire,hand,linear,2,global,2,2.2600,0.950,"inputs A+A_sl+A-A_sl+bias | mixers - | avm lvl 0.15 | scale - | loss laplace | lr 0.01/0.002 | ep 4"
fire,hand,linear,2,global,3,2.2600,0.976,"inputs A+A_sl+A-A_sl+L+rA+a_up+bias | mixers -,lvl | avm lvl 0.15 | scale - | loss laplace | lr 0.01/0.002 | ep 3"
fire,hand,linear,2,global,4,2.2607,0.976,"inputs A+A_sl+A-A_sl+L+rA+a_up+bias | mixers - | avm lvl 0.3 | scale - | loss laplace | lr 0.01/0.002 | ep 3"
fire,hand,linear,2,global,5,2.2623,0.950,"inputs A+A_sl+A-A_sl+bias | mixers - | avm lvl 0.15 | scale - | loss laplace | lr 0.005/0.002 | ep 3"
fire,hand,linear,2,global,6,2.2627,0.976,"inputs A+A_sl+A-A_sl+L+rA+a_up+bias | mixers - | avm lvl 0.15 | scale - | loss laplace | lr 0.005/0.002 | ep 3"
fire,hand,linear,2,global,7,2.2652,0.932,"inputs A+A_sl+A-A_sl+L+rA+a_up+bias | mixers - | avm height 0.15 | scale - | loss laplace | lr 0.01/0.002 | ep 3"
fire,hand,linear,2,global,8,2.2653,0.845,"inputs A+A_sl+A-A_sl+L+rA+a_up+bias | mixers - | avm - 0.15 | scale - | loss laplace | lr 0.01/0.002 | ep 3"
fire,hand,linear,2,global,9,2.2658,0.932,"inputs A+A_sl+A-A_sl+L+rA+a_up+bias | mixers - | avm channel 0.15 | scale - | loss laplace | lr 0.01/0.002 | ep 3"
fire,hand+diff,linear,2,nested,0,2.1027,0.993,"inputs A+A_sl+A-A_sl+bias | mixers - | avm diff16 0.3 | scale diff4 | loss laplace | lr 0.02/0.002 | ep 8"
fire,hand+diff,linear,2,nested,1,2.1345,0.932,"inputs A+A_sl+A-A_sl+L+rA+a_up+bias | mixers - | avm diff16 0.15 | scale diff16 | loss laplace | lr 0.01/0.002 | ep 8"
fire,hand+diff,linear,2,nested,2,2.2355,0.993,"inputs A+A_sl+A-A_sl+bias | mixers - | avm diff16 0.3 | scale diff8 | loss laplace | lr 0.02/0.002 | ep 8"
fire,hand+diff,linear,2,nested,3,2.2443,0.993,"inputs A+A_sl+A-A_sl+bias | mixers -,diff8 | avm diff16 0.3 | scale diff8 | loss laplace | lr 0.002/0.002 | ep 6"
fire,hand+diff,linear,2,nested,4,2.1891,0.993,"inputs A+A_sl+A-A_sl+bias | mixers -,diff8 | avm diff16 0.3 | scale diff8 | loss laplace | lr 0.002/0.002 | ep 6"
fire,hand+diff,linear,2,global,0,2.1654,0.993,"inputs A+A_sl+A-A_sl+bias | mixers - | avm diff16 0.3 | scale diff8 | loss laplace | lr 0.02/0.002 | ep 8"
fire,hand+diff,linear,2,global,1,2.1668,0.906,"inputs A+A_sl+A-A_sl+bias | mixers - | avm diff16 0.3 | scale diff16 | loss laplace | lr 0.01/0.002 | ep 8"
fire,hand+diff,linear,2,global,2,2.1669,0.993,"inputs A+A_sl+A-A_sl+bias | mixers - | avm diff16 0.3 | scale diff4 | loss laplace | lr 0.02/0.002 | ep 8"
fire,hand+diff,linear,2,global,3,2.1687,0.932,"inputs A+A_sl+A-A_sl+L+rA+a_up+bias | mixers - | avm diff16 0.3 | scale diff16 | loss laplace | lr 0.02/0.002 | ep 8"
fire,hand+diff,linear,2,global,4,2.1689,0.993,"inputs A+A_sl+A-A_sl+bias | mixers -,channel | avm diff16 0.3 | scale diff16 | loss laplace | lr 0.02/0.002 | ep 8"
fire,hand+diff,linear,2,global,5,2.1698,0.906,"inputs A+A_sl+A-A_sl+bias | mixers - | avm diff16 0.3 | scale diff16 | loss laplace | lr 0.02/0.002 | ep 8"
fire,hand+diff,linear,2,global,6,2.1698,0.906,"inputs A+A_sl+A-A_sl+bias | mixers - | avm diff16 0.15 | scale diff16 | loss laplace | lr 0.02/0.002 | ep 8"
fire,hand+diff,linear,2,global,7,2.1706,0.993,"inputs A+A_sl+A-A_sl+bias | mixers - | avm diff4 0.3 | scale diff16 | loss laplace | lr 0.02/0.002 | ep 8"
fire,hand+diff,linear,2,global,8,2.1712,0.993,"inputs A+A_sl+A-A_sl+bias | mixers - | avm diff8 0.3 | scale diff16 | loss laplace | lr 0.02/0.002 | ep 8"
fire,hand+diff,linear,2,global,9,2.1717,0.993,"inputs A+A_sl+A-A_sl+bias | mixers -,ctrl | avm diff16 0.3 | scale diff16 | loss laplace | lr 0.02/0.002 | ep 8"
fire,hand+plain,linear,2,nested,0,2.1355,0.993,"inputs A+A_sl+A-A_sl+bias | mixers - | avm plain8 0.3 | scale height | loss laplace | lr 0.005/0.002 | ep 6"
fire,hand+plain,linear,2,nested,1,2.1609,0.993,"inputs A+A_sl+A-A_sl+bias | mixers - | avm plain8 0.3 | scale height | loss laplace | lr 0.005/0.005 | ep 8"
fire,hand+plain,linear,2,nested,2,2.2655,0.993,"inputs A+A_sl+A-A_sl+bias | mixers - | avm plain8 0.3 | scale height | loss laplace | lr 0.005/0.002 | ep 6"
fire,hand+plain,linear,2,nested,3,2.2688,0.993,"inputs A+A_sl+A-A_sl+bias | mixers - | avm plain8 0.3 | scale height | loss laplace | lr 0.005/0.002 | ep 6"
fire,hand+plain,linear,2,nested,4,2.2080,0.993,"inputs A+A_sl+A-A_sl+bias | mixers - | avm plain8 0.15 | scale height | loss laplace | lr 0.005/0.002 | ep 4"
fire,hand+plain,linear,2,global,0,2.1962,0.993,"inputs A+A_sl+A-A_sl+bias | mixers - | avm plain8 0.3 | scale height | loss laplace | lr 0.005/0.005 | ep 8"
fire,hand+plain,linear,2,global,1,2.1968,0.993,"inputs A+A_sl+A-A_sl+bias | mixers - | avm plain8 0.15 | scale height | loss laplace | lr 0.005/0.005 | ep 6"
fire,hand+plain,linear,2,global,2,2.1969,0.993,"inputs A+A_sl+A-A_sl+bias | mixers - | avm plain8 0.3 | scale height | loss laplace | lr 0.005/0.002 | ep 6"
fire,hand+plain,linear,2,global,3,2.2034,0.993,"inputs A+A_sl+A-A_sl+bias | mixers - | avm plain8 0.3 | scale height | loss laplace | lr 0.005/0.005 | ep 6"
fire,hand+plain,linear,2,global,4,2.2035,0.993,"inputs A+A_sl+A-A_sl+bias | mixers - | avm plain8 0.3 | scale height | loss laplace | lr 0.002/0.005 | ep 6"
fire,hand+plain,linear,2,global,5,2.2043,0.993,"inputs A+A_sl+A-A_sl+bias | mixers - | avm plain8 0.3 | scale height | loss laplace | lr 0.005/0.002 | ep 4"
fire,hand+plain,linear,2,global,6,2.2045,0.993,"inputs A+A_sl+A-A_sl+bias | mixers - | avm plain16 0.3 | scale height | loss laplace | lr 0.005/0.005 | ep 6"
fire,hand+plain,linear,2,global,7,2.2049,0.993,"inputs A+A_sl+A-A_sl+bias | mixers - | avm plain8 0.3 | scale height | loss laplace | lr 0.01/0.005 | ep 6"
fire,hand+plain,linear,2,global,8,2.2088,0.993,"inputs A+A_sl+A-A_sl+bias | mixers - | avm plain8 0.15 | scale height | loss laplace | lr 0.005/0.005 | ep 4"
fire,hand+plain,linear,2,global,9,2.2094,0.993,"inputs A+A_sl+A-A_sl+bias | mixers -,plain8 | avm plain8 0.3 | scale height | loss laplace | lr 0.005/0.005 | ep 6"
