effect,step,train_loss,lr,seconds,val_loss_t50,val_loss_t200,val_loss_t500,val_loss_t800
fire,500,0.41612,5.000e-04,343.1,0.51323,0.19894,0.09925,0.06187
fire,1000,0.11018,4.969e-04,675.6,0.39456,0.17407,0.08274,0.04746
fire,1500,0.08041,4.878e-04,862.7,0.33737,0.14265,0.06641,0.03411
fire,2000,0.07270,4.729e-04,1040.0,0.29085,0.11920,0.05543,0.02596
fire,2500,0.06804,4.526e-04,1214.3,0.24352,0.10463,0.04873,0.02143
fire,3000,0.06428,4.274e-04,1379.0,0.21387,0.09602,0.04462,0.01898
fire,3500,0.06165,3.981e-04,1555.4,0.19680,0.09069,0.04197,0.01750
fire,4000,0.06026,3.654e-04,1802.1,0.18647,0.08724,0.04023,0.01659
fire,4500,0.05789,3.302e-04,1976.9,0.17964,0.08479,0.03901,0.01593
fire,5000,0.05748,2.936e-04,2145.1,0.17477,0.08296,0.03810,0.01545
fire,5500,0.05575,2.564e-04,2313.9,0.17099,0.08151,0.03739,0.01504
fire,6000,0.05439,2.198e-04,2480.1,0.16811,0.08035,0.03682,0.01473
fire,6500,0.05351,1.846e-04,2641.2,0.16588,0.07937,0.03633,0.01448
fire,7000,0.05348,1.519e-04,2806.6,0.16409,0.07857,0.03594,0.01429
fire,7500,0.05266,1.226e-04,2977.4,0.16256,0.07790,0.03562,0.01413
fire,8000,0.05120,9.744e-05,3142.2,0.16128,0.07736,0.03536,0.01400
fire,8500,0.05116,7.712e-05,3308.4,0.16023,0.07692,0.03515,0.01390
fire,9000,0.05158,6.219e-05,3478.8,0.15942,0.07658,0.03497,0.01382
fire,9500,0.05077,5.307e-05,3650.3,0.15878,0.07629,0.03483,0.01376
fire,10000,0.04993,5.000e-05,3826.2,0.15825,0.07606,0.03471,0.01371
