phase,setting,seed,method,spectrum_l1,motion_ratio,coverage_l1,emission_l1,mean_frame_psnr,detail_score
tune,0,1981000,rolled,0.6768,1.2138,0.0031,0.0025,30.449,1.3222
tune,0,1981001,rolled,0.6730,1.0519,0.0019,0.0021,27.478,1.3622
tune,0,1981000,stored,0.6450,1.2263,0.0019,0.0016,29.794,1.2756
tune,0,1981001,stored,0.6842,1.0350,0.0023,0.0022,28.038,1.1035
tune,0,1981000,fresh,0.6611,0.9712,0.0047,0.0040,31.178,1.0206
tune,0,1981001,fresh,0.6807,0.6788,0.0040,0.0040,28.937,1.2880
tune,0,1981000,sdedit_t300,0.6483,1.2004,0.0019,0.0016,29.781,1.2306
tune,0,1981001,sdedit_t300,0.6911,1.0382,0.0022,0.0022,28.068,1.1262
tune,0,1981000,sdedit_t400,0.6493,1.1921,0.0019,0.0016,29.786,1.2151
tune,0,1981001,sdedit_t400,0.6925,1.0361,0.0022,0.0022,28.082,1.1227
tune,0,1981000,sdedit_t500,0.6504,1.1765,0.0019,0.0016,29.818,1.1839
tune,0,1981001,sdedit_t500,0.6975,1.0323,0.0022,0.0022,28.122,1.1162
tune,1,1981010,rolled,0.8854,0.4965,0.0042,0.0021,34.833,2.6516
tune,1,1981011,rolled,0.6877,0.6641,0.0026,0.0015,34.478,1.3705
tune,1,1981010,stored,0.8318,0.6122,0.0035,0.0019,33.943,2.1365
tune,1,1981011,stored,0.6372,0.8076,0.0025,0.0015,32.586,0.9797
tune,1,1981010,fresh,0.8684,0.3616,0.0047,0.0027,33.559,3.4786
tune,1,1981011,fresh,0.5940,0.4313,0.0039,0.0024,33.499,2.6291
tune,1,1981010,sdedit_t300,0.8990,0.5792,0.0036,0.0020,33.593,2.3189
tune,1,1981011,sdedit_t300,0.6545,0.7817,0.0025,0.0015,32.767,1.0695
tune,1,1981010,sdedit_t400,0.8995,0.5640,0.0037,0.0020,33.556,2.3666
tune,1,1981011,sdedit_t400,0.6572,0.7745,0.0025,0.0015,32.819,1.0944
tune,1,1981010,sdedit_t500,0.9022,0.5454,0.0037,0.0020,33.489,2.4349
tune,1,1981011,sdedit_t500,0.6584,0.7670,0.0025,0.0015,32.909,1.1245
tune,2,1981020,rolled,0.8671,0.7948,0.0068,0.0060,29.648,1.6001
tune,2,1981021,rolled,0.9097,1.2386,0.0091,0.0081,28.176,1.9833
tune,2,1981020,stored,0.7997,0.8112,0.0058,0.0050,31.495,1.3108
tune,2,1981021,stored,0.9180,1.2599,0.0077,0.0070,30.091,1.8436
tune,2,1981020,fresh,0.8139,0.7688,0.0059,0.0048,31.921,1.3096
tune,2,1981021,fresh,0.8818,1.0302,0.0064,0.0055,30.008,1.3712
tune,2,1981020,sdedit_t300,0.7907,0.8050,0.0057,0.0049,31.537,1.3171
tune,2,1981021,sdedit_t300,0.9046,1.2597,0.0077,0.0068,30.359,1.8091
tune,2,1981020,sdedit_t400,0.7922,0.8016,0.0057,0.0049,31.557,1.3204
tune,2,1981021,sdedit_t400,0.9071,1.2609,0.0077,0.0067,30.380,1.8096
tune,2,1981020,sdedit_t500,0.7940,0.7920,0.0056,0.0049,31.606,1.3270
tune,2,1981021,sdedit_t500,0.9146,1.2562,0.0077,0.0067,30.352,1.8079
tune,3,1981030,rolled,0.7851,0.9390,0.0031,0.0025,31.473,0.9001
tune,3,1981031,rolled,0.9103,0.7864,0.0024,0.0019,32.422,1.3982
tune,3,1981030,stored,0.8023,0.9174,0.0025,0.0022,33.313,1.0066
tune,3,1981031,stored,0.8594,0.6787,0.0023,0.0019,32.989,1.9815
tune,3,1981030,fresh,0.7456,0.9090,0.0029,0.0024,32.769,0.9015
tune,3,1981031,fresh,0.6562,0.7020,0.0027,0.0020,31.779,1.5632
tune,3,1981030,sdedit_t300,0.8087,0.9120,0.0025,0.0021,33.270,1.0411
tune,3,1981031,sdedit_t300,0.8033,0.6839,0.0023,0.0019,32.615,1.9190
tune,3,1981030,sdedit_t400,0.8084,0.9099,0.0025,0.0021,33.254,1.0452
tune,3,1981031,sdedit_t400,0.8001,0.6882,0.0023,0.0019,32.579,1.9014
tune,3,1981030,sdedit_t500,0.8078,0.9070,0.0025,0.0021,33.228,1.0511
tune,3,1981031,sdedit_t500,0.7938,0.6969,0.0023,0.0019,32.519,1.8695
tune,4,1981040,rolled,0.8612,0.6433,0.0037,0.0029,31.858,1.4361
tune,4,1981041,rolled,0.7001,0.5398,0.0029,0.0020,33.596,2.0444
tune,4,1981040,stored,0.6888,0.4860,0.0041,0.0028,34.530,2.0733
tune,4,1981041,stored,0.7323,0.5887,0.0025,0.0017,32.321,1.8426
tune,4,1981040,fresh,0.8231,0.3764,0.0049,0.0030,30.701,3.0212
tune,4,1981041,fresh,0.6478,0.5677,0.0034,0.0020,32.390,2.0431
tune,4,1981040,sdedit_t300,0.7014,0.4941,0.0041,0.0028,34.821,2.0693
tune,4,1981041,sdedit_t300,0.7727,0.5700,0.0026,0.0018,32.367,1.9705
tune,4,1981040,sdedit_t400,0.7016,0.4939,0.0041,0.0028,34.835,2.0692
tune,4,1981041,sdedit_t400,0.7792,0.5697,0.0026,0.0018,32.352,1.9744
tune,4,1981040,sdedit_t500,0.7021,0.4941,0.0041,0.0028,34.847,2.0685
tune,4,1981041,sdedit_t500,0.7885,0.5697,0.0026,0.0018,32.330,1.9784
tune,5,1981050,rolled,0.6563,1.1134,0.0038,0.0033,28.225,0.8866
tune,5,1981051,rolled,0.4976,0.8432,0.0033,0.0031,33.518,0.8390
tune,5,1981050,stored,0.7517,1.2239,0.0048,0.0046,27.675,1.2190
tune,5,1981051,stored,0.5523,0.8975,0.0048,0.0042,33.545,0.8962
tune,5,1981050,fresh,0.6839,0.9646,0.0045,0.0039,27.670,0.9950
tune,5,1981051,fresh,0.6615,0.5519,0.0058,0.0048,29.297,2.1635
tune,5,1981050,sdedit_t300,0.7512,1.1565,0.0042,0.0040,28.087,1.0841
tune,5,1981051,sdedit_t300,0.5470,0.8204,0.0047,0.0040,32.599,1.0964
tune,5,1981050,sdedit_t400,0.7536,1.1409,0.0042,0.0039,28.141,1.0616
tune,5,1981051,sdedit_t400,0.5517,0.8097,0.0048,0.0040,32.431,1.1368
tune,5,1981050,sdedit_t500,0.7609,1.1264,0.0041,0.0038,28.210,1.0401
tune,5,1981051,sdedit_t500,0.5515,0.7825,0.0048,0.0040,32.160,1.2075
tune,6,1981060,rolled,0.6880,0.5747,0.0036,0.0028,27.996,2.2329
tune,6,1981061,rolled,0.8168,0.8190,0.0054,0.0041,29.527,1.3406
tune,6,1981060,stored,0.7221,0.6727,0.0049,0.0045,29.774,1.6892
tune,6,1981061,stored,0.6917,0.6057,0.0043,0.0035,28.854,1.9844
tune,6,1981060,fresh,0.7680,0.8103,0.0057,0.0058,29.632,1.3028
tune,6,1981061,fresh,0.6522,0.4756,0.0046,0.0033,26.121,2.5680
tune,6,1981060,sdedit_t300,0.7300,0.6584,0.0049,0.0045,29.805,1.7273
tune,6,1981061,sdedit_t300,0.6869,0.5974,0.0042,0.0034,28.497,2.0149
tune,6,1981060,sdedit_t400,0.7286,0.6600,0.0049,0.0045,29.818,1.7213
tune,6,1981061,sdedit_t400,0.6862,0.6011,0.0043,0.0034,28.553,2.0043
tune,6,1981060,sdedit_t500,0.7248,0.6596,0.0049,0.0045,29.831,1.7144
tune,6,1981061,sdedit_t500,0.6847,0.6069,0.0043,0.0035,28.697,1.9827
tune,7,1981070,rolled,0.8217,0.8768,0.0017,0.0015,38.917,1.0424
tune,7,1981071,rolled,0.2952,0.5800,0.0037,0.0021,31.997,2.4877
tune,7,1981070,stored,0.7635,0.7722,0.0019,0.0013,37.009,1.3235
tune,7,1981071,stored,0.4549,0.5787,0.0033,0.0017,32.173,2.3721
tune,7,1981070,fresh,0.8339,0.9566,0.0016,0.0010,37.721,1.1632
tune,7,1981071,fresh,0.7107,0.4284,0.0040,0.0022,31.885,3.4613
tune,7,1981070,sdedit_t300,0.7568,0.7590,0.0020,0.0013,37.057,1.4099
tune,7,1981071,sdedit_t300,0.4860,0.5616,0.0033,0.0018,32.206,2.4701
tune,7,1981070,sdedit_t400,0.7527,0.7584,0.0020,0.0013,37.064,1.4094
tune,7,1981071,sdedit_t400,0.4925,0.5616,0.0033,0.0018,32.207,2.4721
tune,7,1981070,sdedit_t500,0.7428,0.7590,0.0020,0.0013,37.066,1.4005
tune,7,1981071,sdedit_t500,0.4992,0.5628,0.0033,0.0018,32.205,2.4662
tune,8,1981080,rolled,0.5378,0.7768,0.0013,0.0010,34.078,1.4638
tune,8,1981081,rolled,0.9020,1.1875,0.0026,0.0023,34.753,1.3954
tune,8,1981080,stored,0.5901,0.8513,0.0007,0.0005,32.650,1.1629
tune,8,1981081,stored,0.9086,1.0896,0.0025,0.0021,32.652,1.3889
tune,8,1981080,fresh,0.7253,0.8733,0.0007,0.0007,34.370,1.0648
tune,8,1981081,fresh,0.9534,1.5617,0.0030,0.0026,32.682,2.0790
tune,8,1981080,sdedit_t300,0.5756,0.8731,0.0006,0.0006,33.154,1.0402
tune,8,1981081,sdedit_t300,0.9860,1.1113,0.0026,0.0022,32.422,1.4898
tune,8,1981080,sdedit_t400,0.5747,0.8802,0.0006,0.0006,33.263,1.0195
tune,8,1981081,sdedit_t400,0.9957,1.1146,0.0026,0.0022,32.388,1.5067
tune,8,1981080,sdedit_t500,0.5731,0.8905,0.0006,0.0006,33.425,0.9866
tune,8,1981081,sdedit_t500,1.0094,1.1210,0.0026,0.0022,32.342,1.5345
tune,9,1981090,rolled,0.7384,0.7316,0.0039,0.0027,32.255,1.5374
tune,9,1981091,rolled,0.5728,0.6224,0.0019,0.0017,33.622,1.6138
tune,9,1981090,stored,0.8169,0.9002,0.0047,0.0039,32.717,1.0037
tune,9,1981091,stored,0.5748,0.7227,0.0014,0.0014,33.200,1.2583
tune,9,1981090,fresh,0.8999,0.8010,0.0027,0.0025,32.355,1.4187
tune,9,1981091,fresh,0.6705,0.4887,0.0026,0.0018,32.796,2.7132
tune,9,1981090,sdedit_t300,0.8190,0.8883,0.0046,0.0038,32.752,1.0197
tune,9,1981091,sdedit_t300,0.5778,0.7155,0.0014,0.0014,33.326,1.2816
tune,9,1981090,sdedit_t400,0.8169,0.8798,0.0045,0.0038,32.760,1.0226
tune,9,1981091,sdedit_t400,0.5776,0.7139,0.0014,0.0014,33.328,1.2825
tune,9,1981090,sdedit_t500,0.8083,0.8620,0.0044,0.0037,32.768,1.0245
tune,9,1981091,sdedit_t500,0.5740,0.7140,0.0014,0.0014,33.363,1.2783
validate,0,1982000,rolled,0.8749,1.3859,0.0048,0.0060,27.103,2.1975
validate,0,1982001,rolled,0.3732,0.6770,0.0073,0.0061,30.563,1.6963
validate,0,1982000,sdedit_t300,0.7473,1.0723,0.0027,0.0034,31.748,1.2223
validate,0,1982001,sdedit_t300,0.4714,0.7112,0.0072,0.0060,29.015,1.5830
validate,1,1982010,rolled,0.9453,0.7715,0.0034,0.0026,34.410,1.3882
validate,1,1982011,rolled,0.8859,0.7808,0.0029,0.0014,34.840,1.5220
validate,1,1982010,sdedit_t300,1.0912,0.8658,0.0025,0.0021,32.689,1.8330
validate,1,1982011,sdedit_t300,0.8184,0.8675,0.0026,0.0016,37.271,1.1019
validate,2,1982020,rolled,0.8265,0.9787,0.0044,0.0047,31.986,1.0990
validate,2,1982021,rolled,0.8176,1.2813,0.0091,0.0086,28.837,1.9679
validate,2,1982020,sdedit_t300,0.7973,1.0243,0.0049,0.0044,33.136,1.0742
validate,2,1982021,sdedit_t300,0.8983,1.2256,0.0095,0.0087,27.840,2.0351
validate,3,1982030,rolled,0.7038,0.9332,0.0024,0.0018,35.973,1.1587
validate,3,1982031,rolled,0.8058,1.3847,0.0073,0.0052,32.493,2.0044
validate,3,1982030,sdedit_t300,0.7170,0.9779,0.0031,0.0022,38.485,0.8571
validate,3,1982031,sdedit_t300,0.8655,1.4742,0.0082,0.0063,31.128,2.3078
validate,4,1982040,rolled,0.6847,0.7521,0.0033,0.0026,33.544,1.6590
validate,4,1982041,rolled,0.6028,0.5568,0.0038,0.0026,31.367,2.2807
validate,4,1982040,sdedit_t300,0.5645,0.6699,0.0040,0.0029,35.122,1.9067
validate,4,1982041,sdedit_t300,0.6238,0.5892,0.0038,0.0026,31.887,2.2363
validate,5,1982050,rolled,0.7237,0.9219,0.0048,0.0044,34.453,0.8752
validate,5,1982051,rolled,0.7368,1.2856,0.0079,0.0081,29.278,1.6557
validate,5,1982050,sdedit_t300,0.6444,0.7812,0.0037,0.0035,31.949,1.3368
validate,5,1982051,sdedit_t300,0.7658,1.2735,0.0070,0.0063,28.995,1.5301
validate,6,1982060,rolled,0.6866,0.6426,0.0034,0.0027,29.270,1.7933
validate,6,1982061,rolled,0.7853,0.8830,0.0067,0.0062,30.027,1.1060
validate,6,1982060,sdedit_t300,0.6731,0.6669,0.0028,0.0027,28.914,1.7074
validate,6,1982061,sdedit_t300,0.7921,0.8696,0.0058,0.0049,31.916,0.9769
validate,7,1982070,rolled,0.9927,1.2147,0.0025,0.0022,34.764,1.7720
validate,7,1982071,rolled,0.6299,0.6723,0.0016,0.0009,37.724,1.4869
validate,7,1982070,sdedit_t300,0.8792,0.9602,0.0013,0.0012,38.299,1.2208
validate,7,1982071,sdedit_t300,0.6383,0.6835,0.0017,0.0009,38.163,1.5476
validate,8,1982080,rolled,0.6976,1.0763,0.0008,0.0007,35.787,1.1112
validate,8,1982081,rolled,1.0263,1.7132,0.0045,0.0034,31.834,2.5756
validate,8,1982080,sdedit_t300,0.7394,1.0240,0.0018,0.0014,36.561,1.1066
validate,8,1982081,sdedit_t300,0.9813,1.3605,0.0038,0.0032,31.633,2.0559
validate,9,1982090,rolled,0.9439,1.0394,0.0042,0.0036,32.079,1.5124
validate,9,1982091,rolled,0.6176,0.5957,0.0016,0.0011,31.967,1.9309
validate,9,1982090,sdedit_t300,0.9357,1.1796,0.0057,0.0047,29.817,1.8706
validate,9,1982091,sdedit_t300,0.6147,0.6426,0.0019,0.0015,31.916,1.7129
