effect,contexts,k,versus,nmi,explained_share,mi_bits,h_contexts_bits,h_versus_bits
fire,diffusion,4,heat,0.4734,0.4542,0.6657,1.4657,1.3467
fire,diffusion,4,height,0.0518,0.0612,0.0897,1.4657,2.0000
fire,diffusion,4,flow,0.3878,0.4033,0.5911,1.4657,1.5833
fire,diffusion,4,controls,0.0070,0.0098,0.0144,1.4657,2.6556
fire,diffusion,4,hand_made_joint,0.2256,0.6514,0.9547,1.4657,6.9970
fire,diffusion,4,plain_k4,0.3944,0.3399,0.4982,1.4657,1.0604
fire,diffusion,4,diffusion_seed2,0.9941,0.9938,1.4566,1.4657,1.4647
fire,plain,4,heat,0.3966,0.4501,0.4773,1.0604,1.3467
fire,plain,4,height,0.0167,0.0241,0.0255,1.0604,2.0000
fire,plain,4,flow,0.3194,0.3982,0.4223,1.0604,1.5833
fire,plain,4,controls,0.0365,0.0640,0.0678,1.0604,2.6556
fire,plain,4,hand_made_joint,0.1696,0.6443,0.6832,1.0604,6.9970
fire,diffusion,8,heat,0.3560,0.2787,0.6634,2.3801,1.3467
fire,diffusion,8,height,0.1118,0.1029,0.2449,2.3801,2.0000
fire,diffusion,8,flow,0.3198,0.2663,0.6338,2.3801,1.5833
fire,diffusion,8,controls,0.0399,0.0422,0.1005,2.3801,2.6556
fire,diffusion,8,hand_made_joint,0.2794,0.5505,1.3102,2.3801,6.9970
fire,diffusion,8,plain_k8,0.4157,0.3549,0.8446,2.3801,1.6831
fire,diffusion,8,diffusion_seed2,0.6993,0.6989,1.6636,2.3801,2.3778
fire,plain,8,heat,0.3754,0.3378,0.5686,1.6831,1.3467
fire,plain,8,height,0.0426,0.0466,0.0784,1.6831,2.0000
fire,plain,8,flow,0.3622,0.3515,0.5916,1.6831,1.5833
fire,plain,8,controls,0.0373,0.0480,0.0808,1.6831,2.6556
fire,plain,8,hand_made_joint,0.2248,0.5796,0.9756,1.6831,6.9970
fire,diffusion,16,heat,0.2928,0.2011,0.7250,3.6062,1.3467
fire,diffusion,16,height,0.1369,0.1064,0.3837,3.6062,2.0000
fire,diffusion,16,flow,0.2655,0.1910,0.6889,3.6062,1.5833
fire,diffusion,16,controls,0.0633,0.0549,0.1981,3.6062,2.6556
fire,diffusion,16,hand_made_joint,0.3203,0.4709,1.6983,3.6062,6.9970
fire,diffusion,16,plain_k16,0.3680,0.3113,1.1225,3.6062,2.4936
fire,diffusion,16,diffusion_seed2,0.8324,0.8246,2.9735,3.6062,3.5380
fire,plain,16,heat,0.3387,0.2608,0.6504,2.4936,1.3467
fire,plain,16,height,0.0517,0.0466,0.1161,2.4936,2.0000
fire,plain,16,flow,0.3984,0.3257,0.8121,2.4936,1.5833
fire,plain,16,controls,0.0440,0.0454,0.1132,2.4936,2.6556
fire,plain,16,hand_made_joint,0.2770,0.5271,1.3144,2.4936,6.9970
