phase,setting,seed,method,window,spectrum_l1,motion_ratio,coverage_l1,emission_l1,mean_frame_psnr,detail_score
tune,0,1960000,none,0,0.0868,0.7714,0.0301,0.0001,28.449,0.4652
tune,0,1960000,none,1,0.1262,0.9084,0.0225,0.0002,31.034,0.3004
tune,0,1960000,none,2,0.0920,0.9155,0.0240,0.0004,28.182,0.2582
tune,0,1960000,none,3,0.1400,0.8887,0.0383,0.0005,25.673,0.6811
tune,0,1960000,none,4,0.1164,1.0046,0.0297,0.0005,25.535,0.2356
tune,0,1960000,none,5,0.1140,0.9243,0.0310,0.0004,25.435,0.3972
tune,0,1960000,prior_n4_t20_b0.25,0,0.0918,0.7779,0.0301,0.0001,28.598,0.4798
tune,0,1960000,prior_n4_t20_b0.25,1,0.1318,0.8832,0.0247,0.0002,30.825,0.3441
tune,0,1960000,prior_n4_t20_b0.25,2,0.1672,0.8660,0.0304,0.0002,26.747,0.3232
tune,0,1960000,prior_n4_t20_b0.25,3,0.1525,0.9214,0.0393,0.0001,25.766,0.4235
tune,0,1960000,prior_n4_t20_b0.25,4,0.1694,0.9439,0.0294,0.0002,24.309,0.3643
tune,0,1960000,prior_n4_t20_b0.25,5,0.1908,1.0933,0.0465,0.0006,20.883,0.3880
tune,0,1960000,prior_n4_t20_b0.5,0,0.0917,0.7749,0.0302,0.0001,28.665,0.4919
tune,0,1960000,prior_n4_t20_b0.5,1,0.1371,0.8596,0.0247,0.0002,30.287,0.3857
tune,0,1960000,prior_n4_t20_b0.5,2,0.1716,0.9302,0.0292,0.0001,26.690,0.2826
tune,0,1960000,prior_n4_t20_b0.5,3,0.4690,0.8542,0.0516,0.0002,17.857,0.6455
tune,0,1960000,prior_n4_t20_b0.5,4,0.1583,0.5784,0.0472,0.0002,20.400,1.2387
tune,0,1960000,prior_n4_t20_b0.5,5,0.1939,1.4814,0.0564,0.0005,22.372,0.9971
tune,0,1960000,prior_n4_t20_b1,0,0.0913,0.7697,0.0304,0.0001,28.693,0.5032
tune,0,1960000,prior_n4_t20_b1,1,0.1390,0.8291,0.0248,0.0002,29.958,0.4330
tune,0,1960000,prior_n4_t20_b1,2,0.1623,0.8947,0.0312,0.0001,26.675,0.3042
tune,0,1960000,prior_n4_t20_b1,3,0.4509,0.1297,0.0918,0.0003,19.198,5.0296
tune,0,1960000,prior_n4_t20_b1,4,1.7691,0.0198,0.0990,0.0002,19.044,10.7154
tune,0,1960000,prior_n4_t20_b1,5,1.8007,0.0204,0.0990,0.0002,19.044,10.7539
tune,0,1960000,prior_n4_t50_b0.25,0,0.0938,0.7771,0.0301,0.0001,28.524,0.4893
tune,0,1960000,prior_n4_t50_b0.25,1,0.1263,0.8687,0.0248,0.0002,30.369,0.3606
tune,0,1960000,prior_n4_t50_b0.25,2,0.1491,0.8663,0.0299,0.0002,26.547,0.2989
tune,0,1960000,prior_n4_t50_b0.25,3,0.1465,1.0176,0.0457,0.0005,23.797,0.3865
tune,0,1960000,prior_n4_t50_b0.25,4,0.1172,1.0858,0.0304,0.0007,26.179,0.3425
tune,0,1960000,prior_n4_t50_b0.25,5,0.1274,1.0064,0.0334,0.0006,25.596,0.3292
tune,0,1960000,prior_n4_t50_b0.5,0,0.0982,0.7607,0.0301,0.0002,28.500,0.5274
tune,0,1960000,prior_n4_t50_b0.5,1,0.1259,0.8436,0.0251,0.0002,29.934,0.4070
tune,0,1960000,prior_n4_t50_b0.5,2,0.1349,0.8712,0.0299,0.0002,26.182,0.3063
tune,0,1960000,prior_n4_t50_b0.5,3,0.1489,0.8013,0.0454,0.0001,24.600,0.5830
tune,0,1960000,prior_n4_t50_b0.5,4,0.1176,0.8445,0.0329,0.0001,28.426,0.3159
tune,0,1960000,prior_n4_t50_b0.5,5,0.1560,0.8142,0.0562,0.0002,21.010,0.6371
tune,0,1960000,prior_n4_t50_b1,0,0.1154,0.7300,0.0298,0.0002,28.430,0.6019
tune,0,1960000,prior_n4_t50_b1,1,0.1451,0.8099,0.0259,0.0002,29.360,0.5082
tune,0,1960000,prior_n4_t50_b1,2,0.1491,0.8645,0.0285,0.0001,26.326,0.3236
tune,0,1960000,prior_n4_t50_b1,3,0.1308,0.8656,0.0301,0.0001,28.082,0.4838
tune,0,1960000,prior_n4_t50_b1,4,0.1693,0.5432,0.0558,0.0003,23.587,1.4130
tune,0,1960000,prior_n4_t50_b1,5,0.1057,0.7118,0.0496,0.0003,25.400,0.8922
tune,0,1960000,prior_n4_t100_b0.25,0,0.0969,0.7656,0.0301,0.0001,28.569,0.5271
tune,0,1960000,prior_n4_t100_b0.25,1,0.1169,0.8722,0.0255,0.0002,30.233,0.3709
tune,0,1960000,prior_n4_t100_b0.25,2,0.1369,0.8706,0.0273,0.0001,26.133,0.3194
tune,0,1960000,prior_n4_t100_b0.25,3,0.1294,0.9350,0.0249,0.0001,27.754,0.3906
tune,0,1960000,prior_n4_t100_b0.25,4,0.1506,0.8388,0.0353,0.0002,27.176,0.4437
tune,0,1960000,prior_n4_t100_b0.25,5,0.5443,0.0802,0.0938,0.0002,19.192,5.9022
tune,0,1960000,prior_n4_t100_b0.5,0,0.1074,0.7361,0.0299,0.0002,28.533,0.6040
tune,0,1960000,prior_n4_t100_b0.5,1,0.1114,0.8395,0.0259,0.0002,29.837,0.4340
tune,0,1960000,prior_n4_t100_b0.5,2,0.1295,0.8821,0.0275,0.0001,26.123,0.2863
tune,0,1960000,prior_n4_t100_b0.5,3,0.1342,0.9276,0.0274,0.0002,27.567,0.4200
tune,0,1960000,prior_n4_t100_b0.5,4,0.1077,0.9169,0.0262,0.0002,29.146,0.2306
tune,0,1960000,prior_n4_t100_b0.5,5,0.1405,0.7641,0.0215,0.0002,28.006,0.4972
tune,0,1960000,prior_n4_t100_b1,0,0.1183,0.6945,0.0296,0.0002,28.375,0.7012
tune,0,1960000,prior_n4_t100_b1,1,0.1346,0.8159,0.0270,0.0002,28.950,0.5269
tune,0,1960000,prior_n4_t100_b1,2,0.1321,0.8980,0.0271,0.0002,26.167,0.2415
tune,0,1960000,prior_n4_t100_b1,3,0.1433,0.9371,0.0315,0.0002,27.061,0.4516
tune,0,1960000,prior_n4_t100_b1,4,0.1306,0.9007,0.0268,0.0003,28.949,0.3051
tune,0,1960000,prior_n4_t100_b1,5,0.1379,0.7515,0.0278,0.0002,27.537,0.5564
tune,0,1960000,prior_n8_t20_b0.25,0,0.0911,0.7759,0.0301,0.0001,28.548,0.4742
tune,0,1960000,prior_n8_t20_b0.25,1,0.1289,0.8997,0.0237,0.0002,30.904,0.3132
tune,0,1960000,prior_n8_t20_b0.25,2,0.1157,0.8610,0.0249,0.0003,28.421,0.2753
tune,0,1960000,prior_n8_t20_b0.25,3,0.0997,0.8907,0.0346,0.0006,27.390,0.5807
tune,0,1960000,prior_n8_t20_b0.25,4,0.0895,1.0074,0.0292,0.0005,26.908,0.2218
tune,0,1960000,prior_n8_t20_b0.25,5,0.1285,0.9306,0.0319,0.0006,25.868,0.4019
tune,0,1960000,prior_n8_t20_b0.5,0,0.0901,0.7795,0.0302,0.0001,28.601,0.4759
tune,0,1960000,prior_n8_t20_b0.5,1,0.1325,0.8830,0.0247,0.0002,30.814,0.3448
tune,0,1960000,prior_n8_t20_b0.5,2,0.1655,0.8672,0.0305,0.0002,26.748,0.3198
tune,0,1960000,prior_n8_t20_b0.5,3,0.1520,0.9404,0.0395,0.0002,24.613,0.3896
tune,0,1960000,prior_n8_t20_b0.5,4,0.1735,0.7321,0.0364,0.0003,20.177,0.9307
tune,0,1960000,prior_n8_t20_b0.5,5,0.3580,1.1138,0.1071,0.0001,20.498,0.5498
tune,0,1960000,prior_n8_t20_b1,0,0.0928,0.7774,0.0302,0.0001,28.677,0.4895
tune,0,1960000,prior_n8_t20_b1,1,0.1389,0.8576,0.0247,0.0002,30.253,0.3888
tune,0,1960000,prior_n8_t20_b1,2,0.1761,0.9451,0.0292,0.0001,26.681,0.2776
tune,0,1960000,prior_n8_t20_b1,3,0.2781,0.8662,0.0350,0.0002,21.545,0.7095
tune,0,1960000,prior_n8_t20_b1,4,0.1647,0.7893,0.0335,0.0002,27.234,0.5244
tune,0,1960000,prior_n8_t20_b1,5,0.2358,0.2087,0.0831,0.0002,19.063,3.5977
tune,0,1960000,prior_n8_t50_b0.25,0,0.0932,0.7797,0.0301,0.0001,28.513,0.4768
tune,0,1960000,prior_n8_t50_b0.25,1,0.1251,0.8832,0.0250,0.0002,30.827,0.3393
tune,0,1960000,prior_n8_t50_b0.25,2,0.1517,0.8865,0.0296,0.0002,26.480,0.2758
tune,0,1960000,prior_n8_t50_b0.25,3,0.1501,0.8763,0.0428,0.0002,25.345,0.4544
tune,0,1960000,prior_n8_t50_b0.25,4,0.3769,0.9209,0.0912,0.0001,19.451,0.4943
tune,0,1960000,prior_n8_t50_b0.25,5,1.7070,0.0193,0.0991,0.0002,19.045,10.8163
tune,0,1960000,prior_n8_t50_b0.5,0,0.0943,0.7796,0.0301,0.0001,28.530,0.4868
tune,0,1960000,prior_n8_t50_b0.5,1,0.1272,0.8730,0.0248,0.0002,30.306,0.3559
tune,0,1960000,prior_n8_t50_b0.5,2,0.1532,0.8724,0.0301,0.0002,26.554,0.2998
tune,0,1960000,prior_n8_t50_b0.5,3,0.1932,0.9638,0.0381,0.0004,23.135,0.4287
tune,0,1960000,prior_n8_t50_b0.5,4,0.0888,0.9606,0.0316,0.0005,28.318,0.2188
tune,0,1960000,prior_n8_t50_b0.5,5,0.1084,0.9684,0.0290,0.0007,26.139,0.2603
tune,0,1960000,prior_n8_t50_b1,0,0.0963,0.7646,0.0302,0.0002,28.495,0.5201
tune,0,1960000,prior_n8_t50_b1,1,0.1259,0.8511,0.0251,0.0002,29.927,0.3948
tune,0,1960000,prior_n8_t50_b1,2,0.1387,0.8691,0.0305,0.0002,26.212,0.3051
tune,0,1960000,prior_n8_t50_b1,3,0.1874,0.9340,0.0443,0.0002,25.200,0.3908
tune,0,1960000,prior_n8_t50_b1,4,0.1450,0.9330,0.0194,0.0002,27.959,0.2524
tune,0,1960000,prior_n8_t50_b1,5,0.1725,0.5017,0.0589,0.0003,21.002,1.7555
tune,0,1960000,prior_n8_t100_b0.25,0,0.0934,0.7793,0.0301,0.0001,28.540,0.4876
tune,0,1960000,prior_n8_t100_b0.25,1,0.1175,0.8868,0.0250,0.0002,30.724,0.3351
tune,0,1960000,prior_n8_t100_b0.25,2,0.1474,0.8783,0.0280,0.0001,26.176,0.3097
tune,0,1960000,prior_n8_t100_b0.25,3,0.1197,0.9390,0.0290,0.0002,28.918,0.3257
tune,0,1960000,prior_n8_t100_b0.25,4,0.1480,0.8438,0.0431,0.0002,27.425,0.4718
tune,0,1960000,prior_n8_t100_b0.25,5,2.1848,0.0100,0.0994,0.0001,19.052,12.7878
tune,0,1960000,prior_n8_t100_b0.5,0,0.0955,0.7672,0.0301,0.0001,28.549,0.5242
tune,0,1960000,prior_n8_t100_b0.5,1,0.1147,0.8696,0.0255,0.0002,30.185,0.3701
tune,0,1960000,prior_n8_t100_b0.5,2,0.1365,0.8703,0.0275,0.0001,26.105,0.3200
tune,0,1960000,prior_n8_t100_b0.5,3,0.1310,0.9351,0.0250,0.0001,27.643,0.3934
tune,0,1960000,prior_n8_t100_b0.5,4,0.1521,0.8448,0.0364,0.0002,27.337,0.4377
tune,0,1960000,prior_n8_t100_b0.5,5,1.1901,0.0318,0.0979,0.0002,19.067,8.6524
tune,0,1960000,prior_n8_t100_b1,0,0.1061,0.7407,0.0299,0.0002,28.496,0.5972
tune,0,1960000,prior_n8_t100_b1,1,0.1146,0.8496,0.0259,0.0002,29.825,0.4263
tune,0,1960000,prior_n8_t100_b1,2,0.1284,0.8853,0.0277,0.0001,26.131,0.2844
tune,0,1960000,prior_n8_t100_b1,3,0.1387,0.9330,0.0275,0.0002,27.417,0.4259
tune,0,1960000,prior_n8_t100_b1,4,0.1434,0.8400,0.0297,0.0002,27.682,0.4012
tune,0,1960000,prior_n8_t100_b1,5,0.1503,0.5866,0.0526,0.0002,23.510,1.2970
tune,0,1960000,prior_n16_t20_b0.25,0,0.0895,0.7778,0.0301,0.0001,28.504,0.4659
tune,0,1960000,prior_n16_t20_b0.25,1,0.1328,0.9051,0.0229,0.0002,30.946,0.3078
tune,0,1960000,prior_n16_t20_b0.25,2,0.0964,0.9032,0.0248,0.0004,28.528,0.2550
tune,0,1960000,prior_n16_t20_b0.25,3,0.1310,0.9074,0.0378,0.0006,26.249,0.6451
tune,0,1960000,prior_n16_t20_b0.25,4,0.1077,1.0360,0.0302,0.0006,25.901,0.2659
tune,0,1960000,prior_n16_t20_b0.25,5,0.1139,0.9078,0.0324,0.0005,25.771,0.4187
tune,0,1960000,prior_n16_t20_b0.5,0,0.0901,0.7786,0.0301,0.0001,28.556,0.4690
tune,0,1960000,prior_n16_t20_b0.5,1,0.1309,0.8941,0.0238,0.0002,30.911,0.3218
tune,0,1960000,prior_n16_t20_b0.5,2,0.1190,0.8558,0.0241,0.0003,28.232,0.2773
tune,0,1960000,prior_n16_t20_b0.5,3,0.0947,0.8938,0.0342,0.0005,27.471,0.5648
tune,0,1960000,prior_n16_t20_b0.5,4,0.0872,1.0107,0.0292,0.0005,27.138,0.2245
tune,0,1960000,prior_n16_t20_b0.5,5,0.1278,0.9453,0.0319,0.0006,25.894,0.3847
tune,0,1960000,prior_n16_t20_b1,0,0.0919,0.7817,0.0302,0.0001,28.627,0.4740
tune,0,1960000,prior_n16_t20_b1,1,0.1317,0.8796,0.0248,0.0002,30.781,0.3489
tune,0,1960000,prior_n16_t20_b1,2,0.1555,0.8822,0.0307,0.0002,26.711,0.2897
tune,0,1960000,prior_n16_t20_b1,3,0.1607,0.9657,0.0541,0.0002,23.775,0.3691
tune,0,1960000,prior_n16_t20_b1,4,0.3086,0.7954,0.0665,0.0002,19.427,0.6677
tune,0,1960000,prior_n16_t20_b1,5,0.1663,1.5733,0.0571,0.0005,22.496,1.0483
tune,0,1960000,prior_n16_t50_b0.25,0,0.0883,0.7776,0.0301,0.0001,28.495,0.4682
tune,0,1960000,prior_n16_t50_b0.25,1,0.1266,0.8996,0.0241,0.0002,30.956,0.3128
tune,0,1960000,prior_n16_t50_b0.25,2,0.1390,0.8272,0.0231,0.0002,27.252,0.3618
tune,0,1960000,prior_n16_t50_b0.25,3,0.1502,0.9273,0.0221,0.0001,27.284,0.4069
tune,0,1960000,prior_n16_t50_b0.25,4,0.1615,0.9429,0.0335,0.0002,26.883,0.2998
tune,0,1960000,prior_n16_t50_b0.25,5,0.7891,0.0755,0.0961,0.0003,19.097,6.7064
tune,0,1960000,prior_n16_t50_b0.5,0,0.0939,0.7804,0.0301,0.0001,28.531,0.4757
tune,0,1960000,prior_n16_t50_b0.5,1,0.1280,0.8818,0.0249,0.0002,30.768,0.3426
tune,0,1960000,prior_n16_t50_b0.5,2,0.1533,0.8814,0.0299,0.0002,26.488,0.2824
tune,0,1960000,prior_n16_t50_b0.5,3,0.1117,0.9835,0.0472,0.0005,25.254,0.3275
tune,0,1960000,prior_n16_t50_b0.5,4,0.0889,0.9136,0.0308,0.0005,29.020,0.2393
tune,0,1960000,prior_n16_t50_b0.5,5,0.0946,0.9830,0.0265,0.0006,26.988,0.2180
tune,0,1960000,prior_n16_t50_b1,0,0.0982,0.7827,0.0301,0.0001,28.551,0.4861
tune,0,1960000,prior_n16_t50_b1,1,0.1335,0.8661,0.0249,0.0002,30.124,0.3701
tune,0,1960000,prior_n16_t50_b1,2,0.1618,0.8995,0.0297,0.0002,26.595,0.2952
tune,0,1960000,prior_n16_t50_b1,3,0.3098,1.0491,0.0364,0.0003,22.518,0.4902
tune,0,1960000,prior_n16_t50_b1,4,0.0998,0.9155,0.0294,0.0004,29.064,0.2279
tune,0,1960000,prior_n16_t50_b1,5,0.0874,0.8725,0.0251,0.0005,26.617,0.2847
tune,0,1960000,prior_n16_t100_b0.25,0,0.0898,0.7822,0.0300,0.0001,28.526,0.4700
tune,0,1960000,prior_n16_t100_b0.25,1,0.1244,0.8890,0.0249,0.0002,30.922,0.3335
tune,0,1960000,prior_n16_t100_b0.25,2,0.1511,0.8989,0.0285,0.0001,26.513,0.2798
tune,0,1960000,prior_n16_t100_b0.25,3,0.0728,1.0233,0.0372,0.0003,27.274,0.2877
tune,0,1960000,prior_n16_t100_b0.25,4,0.0849,0.9824,0.0305,0.0005,28.700,0.1959
tune,0,1960000,prior_n16_t100_b0.25,5,0.1098,0.9837,0.0304,0.0006,26.490,0.3079
tune,0,1960000,prior_n16_t100_b0.5,0,0.0939,0.7843,0.0301,0.0001,28.554,0.4811
tune,0,1960000,prior_n16_t100_b0.5,1,0.1201,0.8852,0.0248,0.0002,30.628,0.3372
tune,0,1960000,prior_n16_t100_b0.5,2,0.1487,0.8801,0.0281,0.0001,26.227,0.3073
tune,0,1960000,prior_n16_t100_b0.5,3,0.1072,0.9517,0.0319,0.0002,28.329,0.2931
tune,0,1960000,prior_n16_t100_b0.5,4,0.1228,0.8484,0.0278,0.0002,29.620,0.3384
tune,0,1960000,prior_n16_t100_b0.5,5,0.2547,1.2452,0.0543,0.0001,22.197,0.6274
tune,0,1960000,prior_n16_t100_b1,0,0.0944,0.7783,0.0301,0.0002,28.577,0.5086
tune,0,1960000,prior_n16_t100_b1,1,0.1184,0.8756,0.0254,0.0002,30.064,0.3650
tune,0,1960000,prior_n16_t100_b1,2,0.1393,0.8749,0.0275,0.0001,26.099,0.3186
tune,0,1960000,prior_n16_t100_b1,3,0.1309,0.9442,0.0256,0.0001,27.533,0.3825
tune,0,1960000,prior_n16_t100_b1,4,0.1740,0.9058,0.0343,0.0002,27.034,0.3606
tune,0,1960000,prior_n16_t100_b1,5,0.8217,0.0438,0.0973,0.0002,19.089,7.6740
tune,0,1960000,shards,0,0.0890,0.7874,0.0255,0.0001,27.150,0.5307
tune,0,1960000,shards,1,0.1064,0.8222,0.0343,0.0001,26.002,0.5533
tune,0,1960000,shards,2,0.0848,0.8358,0.0231,0.0001,26.743,0.3507
tune,0,1960000,shards,3,0.0906,0.7904,0.0246,0.0001,28.400,0.5310
tune,0,1960000,shards,4,0.0648,0.9712,0.0269,0.0001,25.301,0.2178
tune,0,1960000,shards,5,0.0689,0.9332,0.0232,0.0001,30.253,0.1614
tune,1,1960001,none,0,0.1188,0.5861,0.0141,0.0001,30.712,0.8569
tune,1,1960001,none,1,0.3471,1.3695,0.0789,0.0004,22.525,1.0265
tune,1,1960001,none,2,0.1355,0.3432,0.0457,0.0002,21.911,2.3164
tune,1,1960001,none,3,12.8975,0.0000,0.0681,0.0000,21.487,30.9345
tune,1,1960001,none,4,12.8975,0.0000,0.0681,0.0000,21.487,30.9345
tune,1,1960001,none,5,12.8975,0.0000,0.0681,0.0000,21.487,30.9345
tune,1,1960001,prior_n4_t20_b0.25,0,0.1214,0.5811,0.0141,0.0001,30.708,0.8718
tune,1,1960001,prior_n4_t20_b0.25,1,0.1593,0.3551,0.0429,0.0002,21.750,2.1875
tune,1,1960001,prior_n4_t20_b0.25,2,1.1321,0.0309,0.0668,0.0001,21.486,8.5773
tune,1,1960001,prior_n4_t20_b0.25,3,1.7853,0.0173,0.0677,0.0001,21.476,10.9787
tune,1,1960001,prior_n4_t20_b0.25,4,1.4672,0.0222,0.0676,0.0001,21.462,10.1166
tune,1,1960001,prior_n4_t20_b0.25,5,1.4094,0.0217,0.0675,0.0001,21.459,9.9322
tune,1,1960001,prior_n4_t20_b0.5,0,0.1224,0.5774,0.0139,0.0001,30.560,0.8765
tune,1,1960001,prior_n4_t20_b0.5,1,0.1555,0.3701,0.0427,0.0002,21.546,2.1340
tune,1,1960001,prior_n4_t20_b0.5,2,1.0686,0.0293,0.0656,0.0001,21.443,7.8947
tune,1,1960001,prior_n4_t20_b0.5,3,1.7718,0.0148,0.0678,0.0001,21.475,11.1957
tune,1,1960001,prior_n4_t20_b0.5,4,1.4897,0.0182,0.0676,0.0001,21.463,10.4011
tune,1,1960001,prior_n4_t20_b0.5,5,1.5955,0.0157,0.0677,0.0001,21.471,10.8408
tune,1,1960001,prior_n4_t20_b1,0,0.1141,0.5758,0.0141,0.0001,30.219,0.8772
tune,1,1960001,prior_n4_t20_b1,1,0.1978,0.2820,0.0483,0.0002,21.812,2.6981
tune,1,1960001,prior_n4_t20_b1,2,2.2794,0.0100,0.0680,0.0001,21.485,12.8301
tune,1,1960001,prior_n4_t20_b1,3,1.8553,0.0162,0.0678,0.0001,21.478,11.4330
tune,1,1960001,prior_n4_t20_b1,4,1.6105,0.0166,0.0677,0.0001,21.470,10.8499
tune,1,1960001,prior_n4_t20_b1,5,1.7866,0.0150,0.0678,0.0001,21.477,11.4098
tune,1,1960001,prior_n4_t50_b0.25,0,0.1207,0.5705,0.0151,0.0001,30.408,0.9117
tune,1,1960001,prior_n4_t50_b0.25,1,0.1139,0.6460,0.0417,0.0002,21.839,0.7379
tune,1,1960001,prior_n4_t50_b0.25,2,0.6671,0.1499,0.0592,0.0008,21.765,4.5988
tune,1,1960001,prior_n4_t50_b0.25,3,0.1437,1.3434,0.0488,0.0004,22.825,1.2750
tune,1,1960001,prior_n4_t50_b0.25,4,0.4208,0.6946,0.0344,0.0008,27.428,1.2996
tune,1,1960001,prior_n4_t50_b0.25,5,0.2505,0.9004,0.0180,0.0009,27.625,0.5966
tune,1,1960001,prior_n4_t50_b0.5,0,0.1157,0.5659,0.0158,0.0001,30.114,0.9275
tune,1,1960001,prior_n4_t50_b0.5,1,0.1462,0.4400,0.0349,0.0002,21.930,1.6855
tune,1,1960001,prior_n4_t50_b0.5,2,0.1366,0.4411,0.0385,0.0001,20.509,1.7888
tune,1,1960001,prior_n4_t50_b0.5,3,0.2941,0.3635,0.0506,0.0003,23.391,2.3898
tune,1,1960001,prior_n4_t50_b0.5,4,0.1239,0.6659,0.0269,0.0003,28.566,0.6362
tune,1,1960001,prior_n4_t50_b0.5,5,0.1169,0.6264,0.0186,0.0003,27.262,0.8182
tune,1,1960001,prior_n4_t50_b1,0,0.1175,0.5358,0.0190,0.0001,29.154,1.0477
tune,1,1960001,prior_n4_t50_b1,1,0.1754,0.4192,0.0395,0.0003,21.676,1.9123
tune,1,1960001,prior_n4_t50_b1,2,0.0973,0.5657,0.0292,0.0001,23.432,1.1563
tune,1,1960001,prior_n4_t50_b1,3,0.4617,0.3889,0.0423,0.0006,24.697,2.1183
tune,1,1960001,prior_n4_t50_b1,4,0.1968,0.7626,0.0622,0.0003,22.718,1.5894
tune,1,1960001,prior_n4_t50_b1,5,0.1749,0.8310,0.0191,0.0006,27.419,0.6612
tune,1,1960001,prior_n4_t100_b0.25,0,0.1174,0.5704,0.0160,0.0001,30.352,0.9251
tune,1,1960001,prior_n4_t100_b0.25,1,0.1635,0.4412,0.0373,0.0002,21.371,1.7754
tune,1,1960001,prior_n4_t100_b0.25,2,0.6036,0.0812,0.0597,0.0001,21.317,5.2032
tune,1,1960001,prior_n4_t100_b0.25,3,2.7250,0.0061,0.0681,0.0001,21.488,14.7737
tune,1,1960001,prior_n4_t100_b0.25,4,2.5996,0.0059,0.0681,0.0001,21.488,14.5209
tune,1,1960001,prior_n4_t100_b0.25,5,2.6927,0.0059,0.0681,0.0001,21.487,14.6391
tune,1,1960001,prior_n4_t100_b0.5,0,0.1141,0.5567,0.0175,0.0001,30.128,0.9759
tune,1,1960001,prior_n4_t100_b0.5,1,0.1338,0.4236,0.0402,0.0002,21.374,1.8849
tune,1,1960001,prior_n4_t100_b0.5,2,0.7974,0.0586,0.0640,0.0001,21.453,6.4407
tune,1,1960001,prior_n4_t100_b0.5,3,2.0502,0.0128,0.0679,0.0001,21.486,12.1648
tune,1,1960001,prior_n4_t100_b0.5,4,2.4592,0.0095,0.0680,0.0001,21.486,13.4771
tune,1,1960001,prior_n4_t100_b0.5,5,2.4799,0.0091,0.0680,0.0001,21.485,13.4488
tune,1,1960001,prior_n4_t100_b1,0,0.1169,0.5338,0.0207,0.0001,29.554,1.0864
tune,1,1960001,prior_n4_t100_b1,1,0.1540,0.4597,0.0379,0.0003,22.052,1.7422
tune,1,1960001,prior_n4_t100_b1,2,0.7591,0.0874,0.0639,0.0002,21.689,5.9793
tune,1,1960001,prior_n4_t100_b1,3,2.3269,0.0227,0.0680,0.0001,21.486,12.1813
tune,1,1960001,prior_n4_t100_b1,4,2.3095,0.0225,0.0679,0.0001,21.485,11.9965
tune,1,1960001,prior_n4_t100_b1,5,2.2113,0.0223,0.0679,0.0002,21.485,11.7559
tune,1,1960001,prior_n8_t20_b0.25,0,0.1177,0.5843,0.0140,0.0001,30.730,0.8599
tune,1,1960001,prior_n8_t20_b0.25,1,0.1247,0.6394,0.0399,0.0002,21.511,0.7696
tune,1,1960001,prior_n8_t20_b0.25,2,0.6533,0.1771,0.0543,0.0007,21.945,3.9767
tune,1,1960001,prior_n8_t20_b0.25,3,0.2905,1.0889,0.0584,0.0003,21.382,0.8403
tune,1,1960001,prior_n8_t20_b0.25,4,0.2995,0.6852,0.0370,0.0006,26.257,1.3518
tune,1,1960001,prior_n8_t20_b0.25,5,0.3167,0.9407,0.0203,0.0009,27.521,0.6748
tune,1,1960001,prior_n8_t20_b0.5,0,0.1211,0.5836,0.0140,0.0001,30.715,0.8659
tune,1,1960001,prior_n8_t20_b0.5,1,0.1511,0.3859,0.0411,0.0002,21.640,2.0284
tune,1,1960001,prior_n8_t20_b0.5,2,0.5975,0.0692,0.0633,0.0001,21.413,5.9228
tune,1,1960001,prior_n8_t20_b0.5,3,1.7901,0.0165,0.0677,0.0001,21.476,11.0450
tune,1,1960001,prior_n8_t20_b0.5,4,1.4631,0.0225,0.0676,0.0001,21.462,10.0850
tune,1,1960001,prior_n8_t20_b0.5,5,1.4144,0.0211,0.0675,0.0001,21.459,9.9725
tune,1,1960001,prior_n8_t20_b1,0,0.1147,0.5791,0.0137,0.0001,30.574,0.8616
tune,1,1960001,prior_n8_t20_b1,1,0.1598,0.2941,0.0475,0.0002,21.880,2.5763
tune,1,1960001,prior_n8_t20_b1,2,2.1503,0.0100,0.0680,0.0001,21.484,12.6656
tune,1,1960001,prior_n8_t20_b1,3,1.7782,0.0151,0.0678,0.0001,21.475,11.1912
tune,1,1960001,prior_n8_t20_b1,4,1.4953,0.0189,0.0676,0.0001,21.464,10.3904
tune,1,1960001,prior_n8_t20_b1,5,1.6113,0.0160,0.0677,0.0001,21.472,10.8506
tune,1,1960001,prior_n8_t50_b0.25,0,0.1186,0.5779,0.0145,0.0001,30.612,0.8853
tune,1,1960001,prior_n8_t50_b0.25,1,0.2644,0.9990,0.0687,0.0003,23.416,0.4943
tune,1,1960001,prior_n8_t50_b0.25,2,1.3417,0.0289,0.0669,0.0001,21.507,8.8796
tune,1,1960001,prior_n8_t50_b0.25,3,1.8865,0.0159,0.0678,0.0000,21.478,11.3445
tune,1,1960001,prior_n8_t50_b0.25,4,1.8356,0.0169,0.0678,0.0001,21.477,11.1674
tune,1,1960001,prior_n8_t50_b0.25,5,1.5338,0.0207,0.0676,0.0001,21.465,10.2738
tune,1,1960001,prior_n8_t50_b0.5,0,0.1189,0.5730,0.0151,0.0001,30.432,0.9039
tune,1,1960001,prior_n8_t50_b0.5,1,0.2225,0.2418,0.0495,0.0002,21.662,2.9362
tune,1,1960001,prior_n8_t50_b0.5,2,2.6852,0.0063,0.0681,0.0001,21.487,14.5089
tune,1,1960001,prior_n8_t50_b0.5,3,3.3338,0.0031,0.0681,0.0001,21.487,17.5065
tune,1,1960001,prior_n8_t50_b0.5,4,2.7884,0.0051,0.0681,0.0001,21.486,15.1533
tune,1,1960001,prior_n8_t50_b0.5,5,2.4880,0.0072,0.0680,0.0001,21.485,13.8537
tune,1,1960001,prior_n8_t50_b1,0,0.1132,0.5723,0.0156,0.0001,30.125,0.9103
tune,1,1960001,prior_n8_t50_b1,1,0.1417,0.4440,0.0354,0.0002,22.169,1.6866
tune,1,1960001,prior_n8_t50_b1,2,0.2674,0.1682,0.0561,0.0001,21.496,3.7848
tune,1,1960001,prior_n8_t50_b1,3,2.7465,0.0108,0.0681,0.0002,21.492,14.0207
tune,1,1960001,prior_n8_t50_b1,4,3.1375,0.0050,0.0681,0.0001,21.487,16.2380
tune,1,1960001,prior_n8_t50_b1,5,2.9259,0.0062,0.0681,0.0001,21.487,15.3203
tune,1,1960001,prior_n8_t100_b0.25,0,0.1207,0.5769,0.0151,0.0001,30.522,0.8991
tune,1,1960001,prior_n8_t100_b0.25,1,0.2549,1.2006,0.0820,0.0004,22.870,0.6877
tune,1,1960001,prior_n8_t100_b0.25,2,0.4046,0.6370,0.0350,0.0008,26.932,1.3785
tune,1,1960001,prior_n8_t100_b0.25,3,0.3797,0.7614,0.0292,0.0009,27.454,1.1288
tune,1,1960001,prior_n8_t100_b0.25,4,0.3982,0.6916,0.0321,0.0011,27.701,1.2214
tune,1,1960001,prior_n8_t100_b0.25,5,0.2699,0.8852,0.0178,0.0009,27.812,0.6314
tune,1,1960001,prior_n8_t100_b0.5,0,0.1142,0.5737,0.0158,0.0001,30.381,0.9128
tune,1,1960001,prior_n8_t100_b0.5,1,0.1494,0.3582,0.0431,0.0002,21.621,2.1753
tune,1,1960001,prior_n8_t100_b0.5,2,0.1607,0.5596,0.0286,0.0002,20.850,1.2850
tune,1,1960001,prior_n8_t100_b0.5,3,0.1423,0.5132,0.0388,0.0003,23.973,1.4790
tune,1,1960001,prior_n8_t100_b0.5,4,0.1393,0.6310,0.0230,0.0003,31.961,0.7318
tune,1,1960001,prior_n8_t100_b0.5,5,0.0774,0.6618,0.0143,0.0004,30.676,0.6760
tune,1,1960001,prior_n8_t100_b1,0,0.1146,0.5655,0.0173,0.0001,30.148,0.9558
tune,1,1960001,prior_n8_t100_b1,1,0.1484,0.4118,0.0409,0.0002,21.320,1.9512
tune,1,1960001,prior_n8_t100_b1,2,0.7234,0.0772,0.0637,0.0002,21.468,6.0272
tune,1,1960001,prior_n8_t100_b1,3,2.0167,0.0171,0.0679,0.0001,21.489,11.7762
tune,1,1960001,prior_n8_t100_b1,4,2.4347,0.0132,0.0680,0.0001,21.487,13.0555
tune,1,1960001,prior_n8_t100_b1,5,2.4467,0.0134,0.0680,0.0001,21.486,12.9506
tune,1,1960001,prior_n16_t20_b0.25,0,0.1215,0.5847,0.0139,0.0001,30.727,0.8609
tune,1,1960001,prior_n16_t20_b0.25,1,0.3583,1.0831,0.0811,0.0003,22.491,0.7910
tune,1,1960001,prior_n16_t20_b0.25,2,0.7691,0.0813,0.0641,0.0002,21.536,6.1021
tune,1,1960001,prior_n16_t20_b0.25,3,2.3289,0.0088,0.0680,0.0001,21.484,13.1201
tune,1,1960001,prior_n16_t20_b0.25,4,3.6076,0.0013,0.0681,0.0000,21.487,19.3243
tune,1,1960001,prior_n16_t20_b0.25,5,5.1988,0.0002,0.0681,0.0000,21.487,23.2358
tune,1,1960001,prior_n16_t20_b0.5,0,0.1188,0.5832,0.0139,0.0001,30.753,0.8628
tune,1,1960001,prior_n16_t20_b0.5,1,0.1757,0.4525,0.0333,0.0002,21.710,1.6347
tune,1,1960001,prior_n16_t20_b0.5,2,0.1570,0.7254,0.0407,0.0001,25.486,0.4927
tune,1,1960001,prior_n16_t20_b0.5,3,0.1513,0.6520,0.0454,0.0003,22.736,1.6764
tune,1,1960001,prior_n16_t20_b0.5,4,0.1718,0.8888,0.0376,0.0005,24.664,0.6866
tune,1,1960001,prior_n16_t20_b0.5,5,0.3319,0.9098,0.0223,0.0008,27.306,0.7790
tune,1,1960001,prior_n16_t20_b1,0,0.1205,0.5831,0.0139,0.0001,30.737,0.8640
tune,1,1960001,prior_n16_t20_b1,1,0.1670,0.3817,0.0414,0.0002,21.643,2.0650
tune,1,1960001,prior_n16_t20_b1,2,0.7629,0.0623,0.0649,0.0001,21.434,6.5702
tune,1,1960001,prior_n16_t20_b1,3,1.7752,0.0172,0.0677,0.0001,21.475,10.9629
tune,1,1960001,prior_n16_t20_b1,4,1.4622,0.0227,0.0676,0.0001,21.462,10.0709
tune,1,1960001,prior_n16_t20_b1,5,1.4042,0.0221,0.0675,0.0001,21.458,9.9028
tune,1,1960001,prior_n16_t50_b0.25,0,0.1173,0.5839,0.0142,0.0001,30.662,0.8673
tune,1,1960001,prior_n16_t50_b0.25,1,0.3191,0.9699,0.0752,0.0003,23.304,0.6391
tune,1,1960001,prior_n16_t50_b0.25,2,1.0899,0.0428,0.0664,0.0001,21.505,7.8970
tune,1,1960001,prior_n16_t50_b0.25,3,1.8291,0.0185,0.0678,0.0001,21.477,11.0135
tune,1,1960001,prior_n16_t50_b0.25,4,2.1769,0.0115,0.0679,0.0001,21.483,12.4193
tune,1,1960001,prior_n16_t50_b0.25,5,2.2389,0.0105,0.0679,0.0001,21.483,12.6330
tune,1,1960001,prior_n16_t50_b0.5,0,0.1177,0.5787,0.0145,0.0001,30.634,0.8825
tune,1,1960001,prior_n16_t50_b0.5,1,0.3195,0.9532,0.0755,0.0003,23.075,0.6450
tune,1,1960001,prior_n16_t50_b0.5,2,1.3300,0.0262,0.0672,0.0001,21.476,9.2550
tune,1,1960001,prior_n16_t50_b0.5,3,1.4340,0.0238,0.0675,0.0001,21.460,9.9019
tune,1,1960001,prior_n16_t50_b0.5,4,1.5310,0.0232,0.0676,0.0001,21.466,10.1373
tune,1,1960001,prior_n16_t50_b0.5,5,1.4853,0.0207,0.0676,0.0001,21.463,10.1356
tune,1,1960001,prior_n16_t50_b1,0,0.1154,0.5749,0.0147,0.0001,30.527,0.8905
tune,1,1960001,prior_n16_t50_b1,1,0.1774,0.3348,0.0436,0.0002,21.210,2.2922
tune,1,1960001,prior_n16_t50_b1,2,1.5848,0.0207,0.0670,0.0002,21.500,9.5762
tune,1,1960001,prior_n16_t50_b1,3,0.1428,0.4067,0.0393,0.0001,26.148,1.6563
tune,1,1960001,prior_n16_t50_b1,4,0.2709,0.3817,0.0468,0.0001,27.750,1.8184
tune,1,1960001,prior_n16_t50_b1,5,0.1151,0.7732,0.0140,0.0001,29.198,0.4097
tune,1,1960001,prior_n16_t100_b0.25,0,0.1189,0.5826,0.0146,0.0001,30.625,0.8775
tune,1,1960001,prior_n16_t100_b0.25,1,0.2651,1.2192,0.0845,0.0004,22.569,0.7443
tune,1,1960001,prior_n16_t100_b0.25,2,0.4176,0.6836,0.0352,0.0009,26.939,1.3188
tune,1,1960001,prior_n16_t100_b0.25,3,0.3979,0.7881,0.0288,0.0010,27.456,1.0930
tune,1,1960001,prior_n16_t100_b0.25,4,0.4051,0.7303,0.0318,0.0012,27.806,1.1721
tune,1,1960001,prior_n16_t100_b0.25,5,0.3133,0.8529,0.0183,0.0009,28.456,0.6883
tune,1,1960001,prior_n16_t100_b0.5,0,0.1205,0.5762,0.0150,0.0001,30.556,0.8996
tune,1,1960001,prior_n16_t100_b0.5,1,0.2632,1.2122,0.0839,0.0004,22.747,0.7256
tune,1,1960001,prior_n16_t100_b0.5,2,0.4018,0.6846,0.0349,0.0008,26.947,1.3018
tune,1,1960001,prior_n16_t100_b0.5,3,0.3839,0.7588,0.0292,0.0009,27.460,1.1369
tune,1,1960001,prior_n16_t100_b0.5,4,0.3945,0.6951,0.0320,0.0011,27.690,1.2115
tune,1,1960001,prior_n16_t100_b0.5,5,0.2684,0.8793,0.0180,0.0009,27.794,0.6389
tune,1,1960001,prior_n16_t100_b1,0,0.1121,0.5778,0.0155,0.0001,30.472,0.8975
tune,1,1960001,prior_n16_t100_b1,1,0.1928,0.4667,0.0352,0.0002,21.815,1.6810
tune,1,1960001,prior_n16_t100_b1,2,0.6325,0.0829,0.0631,0.0001,21.553,5.7365
tune,1,1960001,prior_n16_t100_b1,3,2.6879,0.0071,0.0681,0.0001,21.487,14.6028
tune,1,1960001,prior_n16_t100_b1,4,2.5251,0.0090,0.0680,0.0001,21.487,13.7936
tune,1,1960001,prior_n16_t100_b1,5,2.7929,0.0078,0.0681,0.0001,21.487,14.6373
tune,1,1960001,shards,0,0.0970,0.7277,0.0264,0.0001,28.127,0.6336
tune,1,1960001,shards,1,0.1117,0.6450,0.0148,0.0001,30.827,0.7804
tune,1,1960001,shards,2,0.1958,0.7154,0.0215,0.0002,28.780,0.7689
tune,1,1960001,shards,3,0.1719,0.8274,0.0158,0.0001,29.870,0.4051
tune,1,1960001,shards,4,0.1124,0.7362,0.0151,0.0001,29.835,0.4437
tune,1,1960001,shards,5,0.1074,0.8071,0.0142,0.0001,31.589,0.3776
validate,0,1970000,none,0,0.0840,0.7694,0.0257,0.0001,25.196,0.4946
validate,0,1970000,none,1,0.1530,0.7789,0.0265,0.0001,29.191,0.5546
validate,0,1970000,none,2,0.1367,0.9449,0.0283,0.0001,29.074,0.2094
validate,0,1970000,none,3,0.1970,1.0214,0.0375,0.0001,26.488,0.2233
validate,0,1970000,none,4,0.1648,0.9079,0.0270,0.0002,27.749,0.3208
validate,0,1970000,none,5,0.1852,0.4620,0.0738,0.0005,19.632,2.3080
validate,0,1970000,prior_n16_t100_b0.25,0,0.0822,0.7796,0.0259,0.0001,25.299,0.4903
validate,0,1970000,prior_n16_t100_b0.25,1,0.1433,0.8153,0.0254,0.0001,29.449,0.4806
validate,0,1970000,prior_n16_t100_b0.25,2,0.1304,0.9361,0.0261,0.0002,30.246,0.2283
validate,0,1970000,prior_n16_t100_b0.25,3,0.1547,0.9262,0.0293,0.0002,28.943,0.3561
validate,0,1970000,prior_n16_t100_b0.25,4,0.1443,0.9191,0.0272,0.0001,28.509,0.3501
validate,0,1970000,prior_n16_t100_b0.25,5,0.1690,1.0194,0.0162,0.0002,28.284,0.2396
validate,0,1970000,shards,0,0.1122,0.7045,0.0363,0.0001,25.083,0.7338
validate,0,1970000,shards,1,0.0657,0.9325,0.0299,0.0001,30.034,0.2046
validate,0,1970000,shards,2,0.0878,0.9287,0.0261,0.0001,30.458,0.1709
validate,0,1970000,shards,3,0.0889,0.8972,0.0240,0.0001,26.726,0.3151
validate,0,1970000,shards,4,0.0801,1.0000,0.0301,0.0001,29.706,0.2418
validate,0,1970000,shards,5,0.0706,0.9523,0.0255,0.0001,27.939,0.1742
validate,1,1970001,none,0,0.1065,0.6496,0.0156,0.0001,27.741,0.5497
validate,1,1970001,none,1,0.1462,0.8198,0.0154,0.0001,28.587,0.4206
validate,1,1970001,none,2,0.8532,0.0734,0.0630,0.0003,21.749,6.0569
validate,1,1970001,none,3,0.3202,0.6548,0.0685,0.0003,21.585,1.2152
validate,1,1970001,none,4,0.3524,0.5158,0.0432,0.0004,21.294,1.5789
validate,1,1970001,none,5,0.5807,0.4035,0.0462,0.0010,24.781,2.3804
validate,1,1970001,prior_n16_t100_b0.25,0,0.1002,0.6351,0.0144,0.0001,27.866,0.6095
validate,1,1970001,prior_n16_t100_b0.25,1,0.1441,0.7654,0.0118,0.0001,28.704,0.4552
validate,1,1970001,prior_n16_t100_b0.25,2,1.0484,0.0605,0.0637,0.0002,21.652,6.5970
validate,1,1970001,prior_n16_t100_b0.25,3,2.9980,0.0032,0.0681,0.0000,21.487,16.1744
validate,1,1970001,prior_n16_t100_b0.25,4,0.8566,0.0603,0.0649,0.0002,21.744,6.7029
validate,1,1970001,prior_n16_t100_b0.25,5,0.1839,0.3709,0.0518,0.0003,22.008,2.5581
validate,1,1970001,shards,0,0.1030,0.6584,0.0232,0.0001,26.908,0.5953
validate,1,1970001,shards,1,0.1021,0.7998,0.0199,0.0001,30.498,0.3350
validate,1,1970001,shards,2,0.0836,0.7669,0.0134,0.0001,30.293,0.3755
validate,1,1970001,shards,3,0.1389,0.4747,0.0314,0.0002,26.074,1.3346
validate,1,1970001,shards,4,0.1446,0.9552,0.0264,0.0001,26.407,0.4346
validate,1,1970001,shards,5,0.0805,0.6636,0.0277,0.0002,28.839,0.7163
