effect,setting,method,f1,f8,f30,f60,track_mean,score,spectrum_l1,motion_ratio,coverage_l1,emission_l1,mean_frame_psnr
smoke,0,v1,27.3114,21.7029,18.5376,17.1702,19.2531,0.32615,0.12933,0.92320,0.019240,0.000084,30.0556
smoke,0,blend_0.1,27.6803,21.8507,18.8961,17.6077,19.5534,0.44153,0.21845,0.88317,0.019436,0.000087,29.9071
smoke,0,blend_0.25,27.3559,21.6356,18.7578,18.0340,19.4976,0.57061,0.28034,0.82869,0.020487,0.000094,29.5456
smoke,0,blend_0.5,26.2614,21.1197,17.9181,18.7271,18.9488,0.72527,0.30214,0.74937,0.021934,0.000112,29.0870
smoke,1,v1,29.6051,21.8175,17.9085,15.2892,18.4914,0.56772,0.30186,0.84723,0.012900,0.000065,30.7460
smoke,1,blend_0.1,29.7281,22.2717,18.1364,15.6842,18.7066,0.59090,0.34400,0.87534,0.013878,0.000066,30.6764
smoke,1,blend_0.25,29.5441,22.3195,17.6233,15.8897,18.6068,0.59960,0.36567,0.87118,0.012687,0.000070,30.4274
smoke,1,blend_0.5,28.6817,21.7172,16.6090,14.8071,17.7880,0.62134,0.39099,0.83098,0.009408,0.000080,30.7283
smoke,2,v1,27.2098,21.9571,17.9762,16.1973,18.8154,0.38282,0.27721,0.97543,0.028853,0.000116,28.9206
smoke,2,blend_0.1,27.4124,22.4048,18.3044,16.5330,19.1838,0.42982,0.29170,0.94230,0.027713,0.000130,28.1616
smoke,2,blend_0.25,27.5524,22.1265,18.4424,16.8485,19.3649,0.49380,0.33312,0.90437,0.026323,0.000134,27.9357
smoke,2,blend_0.5,27.5369,21.0891,18.1715,15.9304,18.7745,0.50675,0.36422,0.90044,0.026268,0.000124,28.6177
smoke,3,v1,28.0691,20.3410,17.6712,16.7820,18.5486,0.99975,0.24083,0.72179,0.019676,0.000117,28.6422
smoke,3,blend_0.1,28.0255,20.8047,17.7943,17.0772,18.7892,1.04799,0.21625,0.67649,0.019552,0.000116,28.5610
smoke,3,blend_0.25,27.7205,20.7644,17.9127,14.3120,18.0925,1.12955,0.19438,0.61413,0.019186,0.000112,28.5340
smoke,3,blend_0.5,26.8044,20.0556,17.0907,12.7586,16.8793,1.33589,0.23915,0.52104,0.018159,0.000108,28.5565
smoke,4,v1,25.4555,20.9543,17.0752,16.3332,17.9975,0.67907,0.26286,0.86822,0.016869,0.000112,29.6066
smoke,4,blend_0.1,25.3273,21.8129,17.9778,16.2513,18.6201,0.74467,0.28469,0.81655,0.015603,0.000112,29.2666
smoke,4,blend_0.25,24.9585,21.4612,17.7027,16.0749,18.5486,0.86648,0.27779,0.73531,0.016509,0.000112,28.4357
smoke,4,blend_0.5,24.1016,20.0210,15.8160,15.4119,17.0533,0.98905,0.29354,0.65681,0.016397,0.000107,27.9505
smoke,5,v1,25.7430,20.7946,17.2519,16.1848,18.5573,0.65880,0.08773,0.83775,0.032366,0.000178,27.2664
smoke,5,blend_0.1,25.9288,20.9284,17.2871,16.2761,18.5813,0.71441,0.13558,0.81614,0.031675,0.000193,27.2478
smoke,5,blend_0.25,26.1054,20.6625,17.0871,16.0074,18.3638,0.79347,0.18440,0.78332,0.031118,0.000191,27.3079
smoke,5,blend_0.5,26.2158,20.0986,16.4198,15.6347,17.6839,0.96347,0.23256,0.70300,0.031678,0.000171,27.1357
smoke,6,v1,26.0479,19.4625,15.0264,13.9454,16.5556,0.89613,0.21284,0.79318,0.020342,0.000086,27.5592
smoke,6,blend_0.1,26.3200,19.9174,15.4980,14.7503,16.9290,1.01126,0.21898,0.73353,0.021814,0.000093,27.2390
smoke,6,blend_0.25,26.6147,20.0889,15.6784,14.8088,17.1713,1.15087,0.22546,0.66425,0.023382,0.000118,26.8655
smoke,6,blend_0.5,26.7976,19.7030,15.3907,15.2987,16.9465,1.32328,0.21759,0.57843,0.025250,0.000163,26.4130
smoke,7,v1,26.5989,20.9043,15.6998,14.0394,16.7995,0.70493,0.20085,0.80653,0.014440,0.000154,31.9737
smoke,7,blend_0.1,26.6760,21.0359,15.9811,13.9185,17.0650,0.82252,0.21272,0.74227,0.013992,0.000152,31.6417
smoke,7,blend_0.25,26.6074,20.8427,15.8558,13.9841,16.9257,0.94511,0.21837,0.67672,0.014226,0.000153,30.9211
smoke,7,blend_0.5,26.2877,20.0832,15.1045,13.6710,16.2775,1.09006,0.25131,0.60465,0.014739,0.000145,30.2248
smoke,8,v1,28.1199,23.4787,19.2244,16.2691,19.6700,0.60020,0.27664,0.82236,0.011547,0.000066,29.8455
smoke,8,blend_0.1,27.9428,23.8123,20.1560,16.8513,20.4104,0.58275,0.28970,0.78687,0.009961,0.000066,29.4553
smoke,8,blend_0.25,27.5658,23.4425,19.0025,17.1498,19.8291,0.60757,0.31481,0.77652,0.010081,0.000061,29.0350
smoke,8,blend_0.5,26.6954,21.9612,16.6405,15.9351,17.8728,0.66026,0.35750,0.76143,0.010614,0.000064,28.8262
smoke,9,v1,29.3793,21.8426,18.7145,16.6572,19.2250,0.56771,0.16925,0.76515,0.017464,0.000057,29.3685
smoke,9,blend_0.1,29.6573,21.9873,19.0090,16.7144,19.3840,0.59615,0.19304,0.75610,0.017239,0.000056,29.2294
smoke,9,blend_0.25,29.9343,21.6970,19.0739,16.5025,19.3076,0.63437,0.20253,0.73810,0.017522,0.000057,29.2804
smoke,9,blend_0.5,30.1607,20.8903,17.9379,15.3625,18.4181,0.73675,0.22994,0.69870,0.017739,0.000065,29.6583
