effect,setting,method,track_1_30,track_31_end
fire,0,learned,21.4694,18.2507
fire,0,sim,21.5210,18.2409
fire,0,shader,16.4223,17.4774
fire,0,other1,13.2901,13.8462
fire,0,other2,15.7825,16.6345
fire,1,learned,23.2961,20.1303
fire,1,sim,23.4510,20.1767
fire,1,shader,20.7915,22.1640
fire,1,other1,15.9880,15.6181
fire,1,other2,19.7456,19.0107
fire,2,learned,20.2283,17.5810
fire,2,sim,20.2641,17.6507
fire,2,shader,18.2483,19.4490
fire,2,other1,14.1405,14.9748
fire,2,other2,17.0772,17.5723
fire,3,learned,19.9928,17.8795
fire,3,sim,20.0650,17.9374
fire,3,shader,18.1517,19.9452
fire,3,other1,14.7800,15.0302
fire,3,other2,17.4561,18.1937
fire,4,learned,21.5763,16.9707
fire,4,sim,21.6181,16.9930
fire,4,shader,20.9246,18.9935
fire,4,other1,15.8901,14.5341
fire,4,other2,19.4753,16.6564
fire,5,learned,18.6879,16.4130
fire,5,sim,18.7765,16.4381
fire,5,shader,17.9434,16.6945
fire,5,other1,13.8199,13.2210
fire,5,other2,15.8661,15.4908
fire,6,learned,18.8550,16.4103
fire,6,sim,18.9386,16.4924
fire,6,shader,17.8447,17.6465
fire,6,other1,14.3971,14.1170
fire,6,other2,16.8256,16.1404
fire,7,learned,20.4604,19.5624
fire,7,sim,20.4801,19.6042
fire,7,shader,18.5485,19.1348
fire,7,other1,14.4343,15.3967
fire,7,other2,17.2190,17.9037
fire,8,learned,18.9566,18.1825
fire,8,sim,18.9550,18.2453
fire,8,shader,17.4551,18.0936
fire,8,other1,14.6432,13.8995
fire,8,other2,16.5513,16.4571
fire,9,learned,20.9175,19.8302
fire,9,sim,20.9614,19.8185
fire,9,shader,20.9246,22.5015
fire,9,other1,15.7790,16.5387
fire,9,other2,18.9957,19.7853
smoke,0,learned,20.7948,17.7115
smoke,0,sim,21.2422,18.0541
smoke,0,shader,19.2645,18.3901
smoke,0,other1,15.2934,16.0708
smoke,0,other2,17.9220,17.6214
smoke,1,learned,20.7612,16.2216
smoke,1,sim,20.9302,16.2096
smoke,1,shader,19.1975,16.6006
smoke,1,other1,16.2368,14.7128
smoke,1,other2,18.6743,15.9752
smoke,2,learned,20.6784,16.9524
smoke,2,sim,21.3865,17.0159
smoke,2,shader,19.7678,17.4603
smoke,2,other1,16.5268,15.4604
smoke,2,other2,18.9635,16.8165
smoke,3,learned,19.9099,17.1873
smoke,3,sim,20.0801,17.1367
smoke,3,shader,17.5322,16.3521
smoke,3,other1,14.9030,14.7667
smoke,3,other2,17.6973,16.2037
smoke,4,learned,20.0247,15.9703
smoke,4,sim,20.2069,15.8641
smoke,4,shader,17.9857,16.8235
smoke,4,other1,15.7231,14.5921
smoke,4,other2,17.6635,15.8736
smoke,5,learned,19.7909,17.3237
smoke,5,sim,20.6026,17.5066
smoke,5,shader,19.5049,17.6218
smoke,5,other1,16.0028,15.2234
smoke,5,other2,18.3269,16.8789
smoke,6,learned,18.0143,15.0969
smoke,6,sim,18.0397,15.0841
smoke,6,shader,17.0471,15.6805
smoke,6,other1,14.7136,13.4780
smoke,6,other2,16.6476,14.7405
smoke,7,learned,18.9795,14.6195
smoke,7,sim,19.0298,14.4305
smoke,7,shader,17.2989,15.0849
smoke,7,other1,15.0249,13.8261
smoke,7,other2,17.2605,14.6609
smoke,8,learned,22.0617,17.2783
smoke,8,sim,22.3648,17.3006
smoke,8,shader,21.1452,17.6591
smoke,8,other1,17.1134,15.6724
smoke,8,other2,19.8796,16.9262
smoke,9,learned,20.8965,17.5534
smoke,9,sim,21.0995,17.5170
smoke,9,shader,19.5963,17.6054
smoke,9,other1,16.4906,15.3509
smoke,9,other2,18.8980,16.9176
explosion,0,learned,21.9416,19.5985
explosion,0,sim,23.0750,19.7890
explosion,0,shader,17.6821,18.0346
explosion,0,other1,10.6360,15.5843
explosion,0,other2,14.2647,15.9094
explosion,1,learned,18.7036,15.1892
explosion,1,sim,19.3433,15.2072
explosion,1,shader,16.9531,15.6012
explosion,1,other1,11.6207,13.9019
explosion,1,other2,14.3244,14.1039
explosion,2,learned,21.7398,18.6887
explosion,2,sim,23.2749,18.7559
explosion,2,shader,17.4846,17.3137
explosion,2,other1,10.3179,14.8798
explosion,2,other2,14.4367,15.5925
explosion,3,learned,20.3282,17.5817
explosion,3,sim,21.2212,17.6245
explosion,3,shader,17.3229,17.0775
explosion,3,other1,12.4248,15.3835
explosion,3,other2,14.9383,15.8850
explosion,4,learned,21.7180,17.9659
explosion,4,sim,22.6544,18.0260
explosion,4,shader,17.1752,17.2829
explosion,4,other1,13.2403,15.8127
explosion,4,other2,15.1333,15.7758
explosion,5,learned,21.6299,20.5281
explosion,5,sim,22.7529,20.7427
explosion,5,shader,17.0852,18.8546
explosion,5,other1,11.1657,16.4364
explosion,5,other2,14.4420,16.4663
explosion,6,learned,21.5399,19.0425
explosion,6,sim,22.6719,18.9647
explosion,6,shader,17.1402,17.5376
explosion,6,other1,11.3942,15.2256
explosion,6,other2,14.4346,16.3796
explosion,7,learned,21.4068,16.5811
explosion,7,sim,22.4038,16.5907
explosion,7,shader,17.6961,16.3876
explosion,7,other1,11.8212,15.1052
explosion,7,other2,15.1535,14.9856
explosion,8,learned,20.1391,15.3036
explosion,8,sim,20.8104,15.3399
explosion,8,shader,17.4501,15.4547
explosion,8,other1,11.8143,14.0621
explosion,8,other2,15.0037,14.0039
explosion,9,learned,22.6094,19.1464
explosion,9,sim,23.4210,19.2073
explosion,9,shader,17.4300,18.2326
explosion,9,other1,13.7871,15.9936
explosion,9,other2,15.1245,16.6344
