effect,candidate,val_bits_trained,val_bits_own_rollout,own_rollout_rows,version,config
fire,0,2.67037,2.73383,96768,6381094a1cdfc010cd8641e25cf3c9ad3eef03409b8b529e52dd0cc84b402445,"inputs A+A_sl+A-A_sl+L+rA+a_up+a_phi1+a_phi2+a_phi3+bias | mixers - | avm - 0.15 | scale - | loss laplace | lr 0.01/0.002 | ep 6"
fire,1,2.67165,2.75470,96768,af277eda6d69f92bceda36d4c1d62f8ecc1ffcf9a80e2d35534cbb2a67dbe25c,"inputs A+A_sl+A-A_sl+a_phi1+a_phi2+a_phi3+bias | mixers - | avm - 0.15 | scale - | loss laplace | lr 0.005/0.002 | ep 6"
fire,2,2.67027,2.71427,96768,f40bd25100d08127d18327a554b03ea8383a6b0e5397bb8e8455c4df35ed6aae,"inputs A+A_sl+A-A_sl+a_phi1+a_phi2+a_phi3+bias | mixers - | avm - 0.15 | scale - | loss laplace | lr 0.01/0.002 | ep 8"
fire,3,2.67256,2.75313,96768,34c822c7c44d4ead214533b268c7930a70f0896b683cb0d85377e6575ea19073,"inputs A+A_sl+A-A_sl+a_phi1+a_phi2+a_phi3+bias | mixers - | avm - 0.15 | scale - | loss laplace | lr 0.01/0.002 | ep 6"
fire,4,2.67423,2.73565,96768,70df28dfa518d4d0e2eed7c9a79274d47a95ebd5297c20bc31e30988c02e9060,"inputs A+A_sl+A-A_sl+L+rA+a_up+a_phi1+a_phi2+a_phi3+bias | mixers - | avm - 0.15 | scale - | loss laplace | lr 0.02/0.002 | ep 6"
fire,5,2.67340,2.75349,96768,bcd071821a1528cc5e46e680ae0b87b88e5bff5c796aa485c05ada773f09eba8,"inputs A+A_sl+A-A_sl+bias | mixers - | avm - 0.15 | scale - | loss laplace | lr 0.01/0.002 | ep 6"
fire,6,2.68797,2.75660,96768,872ccc2df6593b1b8de00700cf56a551f54f21ede0866607c0d7c49eb6e14415,"inputs A+A_sl+A-A_sl+a_phi1+a_phi2+a_phi3+bias | mixers - | avm off | scale - | loss laplace | lr 0.01/0.002 | ep 6"
fire,7,2.67295,2.71375,96768,d1b3aa9a2733895e53642205b3ddebe56d88c6280052011cc4d4d496a9d38b72,"inputs A+A_sl+A-A_sl+a_phi1+a_phi2+a_phi3+bias | mixers - | avm - 0.15 | scale - | loss laplace | lr 0.02/0.002 | ep 8"
fire,8,2.67510,2.75115,96768,d10db6c608f61f772bb8aafe82d4d2e4d4bcfd6f84d4191dff44b4afe3100dfa,"inputs A+A_sl+A-A_sl+a_phi1+a_phi2+a_phi3+bias | mixers - | avm - 0.15 | scale - | loss laplace | lr 0.02/0.002 | ep 6"
fire,9,2.67526,2.75146,96768,c5fb69d1bd789e16f059c0e1dd9e671a4a9ab8f2cee17f8738d635b93e7876f4,"inputs A+A_sl+A-A_sl+bias | mixers - | avm - 0.15 | scale - | loss laplace | lr 0.02/0.002 | ep 6"
smoke,0,3.45240,3.62130,96768,eb5b1fe482cb50bfa5f8521b8f4405d7b56e5897bc3af2986316108120469f1a,"inputs A+A_sl+A-A_sl+L+rA+a_up+bias | mixers - | avm - 0.15 | scale - | loss laplace | lr 0.05/0.002 | ep 4"
smoke,1,3.48220,3.49434,96768,3a5d2c217f6108edb59e456e782b0dd5e5ce929ffcf65d34d79b7db4217f8c2b,"inputs A+A_sl+A-A_sl+L+rA+a_up+bias | mixers - | avm off | scale - | loss laplace | lr 0.02/0.002 | ep 4"
smoke,2,3.47774,3.49122,96768,fe45ae8d921d9015fd8e5f9b1b489341ca256a33159de6bdc147a7c4fe02cb95,"inputs A+A_sl+A-A_sl+L+rA+a_up+bias | mixers - | avm off | scale - | loss laplace | lr 0.05/0.002 | ep 4"
smoke,3,3.50886,3.52842,96768,bf6da1da48dc0405920d4b15e632198c4b7bc1ec4afec12a62af6248ffa9de69,"inputs A+A_sl+A-A_sl+L+rA+a_up+bias | mixers - | avm off | scale - | loss laplace | lr 0.02/0.002 | ep 3"
smoke,4,3.47503,3.49594,96768,4da90ff6d6ae90375ab0399d53bd9914ded1abeefa3ce6b53685b322561a33ed,"inputs A+A_sl+A-A_sl+L+rA+a_up+bias | mixers - | avm off | scale - | loss laplace | lr 0.05/0.005 | ep 4"
smoke,5,3.45254,3.57523,96768,52e71082709c5afd71578f377fcc128b73f001711924241ec5e4f30181465eb7,"inputs A+A_sl+A-A_sl+L+rA+a_up+bias | mixers - | avm - 0.15 | scale - | loss laplace | lr 0.05/0.002 | ep 3"
smoke,6,3.48405,3.51794,96768,e4009844635eecf92920325c1ec35efd51086f33614a2278e9be713e2f219b0c,"inputs A+A_sl+A-A_sl+L+rA+a_up+bias | mixers - | avm off | scale - | loss laplace | lr 0.05/0.002 | ep 3"
smoke,7,3.50742,3.52983,96768,bea36055658c4b6ef1d587e22be6423b4db607af7aa60a684630681e7807349d,"inputs A+A_sl+A-A_sl+L+rA+a_up+bias | mixers - | avm off | scale - | loss laplace | lr 0.05/0.005 | ep 3"
smoke,8,3.47733,3.50431,96768,590011aea672cf052d123fda468557ec2f3d31841d752ca656e441243baea9fb,"inputs A+A_sl+A-A_sl+bias | mixers - | avm off | scale - | loss laplace | lr 0.05/0.002 | ep 4"
smoke,9,3.49651,3.47279,96768,e4a6ad8f04ccf42b6a4bca2f0e1d980f91fd3e93efd35258caa270f775f381c7,"inputs A+A_sl+A-A_sl+L+rA+a_up+bias | mixers - | avm off | scale - | loss laplace | lr 0.05/0.002 | ep 6"
explosion,0,2.83575,2.99775,96768,50443548291b5ce4d46be0a71a60e77cb5f4e90ee5bd45ba905f439d1c5a55a2,"inputs A+A_sl+A-A_sl+C_up+bres+bias | mixers -,channel | avm channel 0.5 | scale ratio | loss laplace | lr 0.01/0.002 | ep 8"
explosion,1,2.83218,2.93454,96768,104544423a2336332dc7108dca9bb3c5753def97a05bcc9e9263f405d239509e,"inputs A+A_sl+A-A_sl+C_up+bres+bias | mixers -,channel | avm channel 0.5 | scale ratio | loss laplace | lr 0.005/0.002 | ep 8"
explosion,2,2.90793,3.06700,96768,f74f8b28dac77d995582b81501bc1ed439dd2f8f00b46b5ec7d3bc016a5a591d,"inputs A+A_sl+A-A_sl+C_up+bres+bias | mixers -,channel | avm channel 0.5 | scale ratio | loss laplace | lr 0.005/0.002 | ep 6"
explosion,3,2.84440,2.94026,96768,09fe7b499479fcd01ba887eef31f95ac07c3171a522eb0d40a7c19e9aae8bb7f,"inputs A+A_sl+A-A_sl+C_up+bres+bias | mixers -,channel | avm channel 0.5 | scale ratio | loss laplace | lr 0.002/0.002 | ep 8"
explosion,4,2.81949,2.90777,96768,2ffe3e71399c8315d6a43d716362b8e2bf8ac9c5f8591e36ca2b96cc53601c64,"inputs A+A_sl+A-A_sl+C_up+bres+bias | mixers -,channel | avm channel 0.3 | scale age | loss laplace | lr 0.005/0.002 | ep 8"
explosion,5,2.85243,2.93801,96768,000a9c4e0224ab07ab4a75f0b2d9246dee4f1016aeea8903fb137caef75204e7,"inputs A+A_sl+A-A_sl+bias | mixers -,channel | avm channel 0.5 | scale ratio | loss laplace | lr 0.005/0.002 | ep 8"
explosion,6,2.81558,2.91532,96768,58490ca071cc270918f04bb0b31acf4799c4c0975162fa99c5d03263f230f52b,"inputs A+A_sl+A-A_sl+C_up+bres+bias | mixers -,channel | avm channel 0.5 | scale age | loss laplace | lr 0.005/0.002 | ep 8"
explosion,7,2.81123,2.93169,96768,f8b2f5f53894b0a64ef14b40aaa3a355df81ed2a15a836be4240b1d6e6b58a2a,"inputs A+A_sl+A-A_sl+C_up+bres+bias | mixers -,channel | avm channel 0.5 | scale lvl | loss laplace | lr 0.005/0.002 | ep 8"
explosion,8,2.81883,2.92852,96768,71c88c9b07b684609fc9bd01bdfa5093a8c84669b8d4814e22d36632db7636fa,"inputs A+A_sl+A-A_sl+C_up+bres+bias | mixers -,channel | avm channel 0.5 | scale age | loss laplace | lr 0.002/0.002 | ep 8"
explosion,9,2.85735,3.04338,96768,f47395e951f33f7b85575b7d0f21e8848f3b4b329061fc49b588f6a783aa1931,"inputs A+A_sl+A-A_sl+C_up+bres+bias | mixers -,ratio,channel | avm channel 0.5 | scale ratio | loss laplace | lr 0.005/0.002 | ep 8"
