effect,method,run,bits_active,bits_all,sq_err_active,rows_active
fire,default_linear,0,2.60207,2.55879,0.000732,5760
fire,default_linear,1,3.02127,2.94670,0.001739,5760
fire,default_linear,2,2.26359,2.22906,0.000754,5760
fire,default_linear,3,2.78308,2.72495,0.000846,5759
fire,default_linear,4,2.70848,2.65096,0.000911,5760
fire,default_linear,5,3.35174,3.25826,0.002150,5760
fire,default_linear,6,2.85576,2.78456,0.001569,5760
fire,default_linear,7,2.36733,2.33735,0.000508,5760
fire,default_linear,8,2.42602,2.36189,0.000824,5760
fire,default_linear,9,2.77921,2.71265,0.000651,5760
fire,default_linear,10,3.20518,3.14346,0.001724,5760
fire,default_linear,11,2.61690,2.56635,0.000927,5760
fire,default_linear,12,3.12588,3.05683,0.001596,5760
fire,default_linear,13,1.91697,1.87888,0.000357,5760
fire,default_linear,14,2.37855,2.31187,0.000589,5760
fire,default_linear,15,2.45162,2.38456,0.000666,5760
fire,default_log,0,3.13160,3.10197,0.000680,5760
fire,default_log,1,3.60904,3.55300,0.001615,5760
fire,default_log,2,2.80906,2.78667,0.000703,5760
fire,default_log,3,3.32545,3.28425,0.000741,5759
fire,default_log,4,3.27230,3.23110,0.000837,5760
fire,default_log,5,3.91880,3.84645,0.002040,5760
fire,default_log,6,3.45937,3.40638,0.001447,5760
fire,default_log,7,2.81904,2.79998,0.000461,5760
fire,default_log,8,3.02489,2.97988,0.000777,5760
fire,default_log,9,3.21925,3.17377,0.000604,5760
fire,default_log,10,3.72876,3.68273,0.001679,5760
fire,default_log,11,3.18057,3.14485,0.000837,5760
fire,default_log,12,3.75236,3.69622,0.001476,5760
fire,default_log,13,2.56833,2.54401,0.000327,5760
fire,default_log,14,2.99494,2.94791,0.000551,5760
fire,default_log,15,2.94285,2.89925,0.000613,5760
fire,v1_lock,0,3.37184,3.32675,0.000553,5760
fire,v1_lock,1,3.57642,3.50249,0.001555,5760
fire,v1_lock,2,3.00703,2.97133,0.000489,5760
fire,v1_lock,3,3.52220,3.46034,0.001834,5759
fire,v1_lock,4,3.54189,3.48026,0.000722,5760
fire,v1_lock,5,4.12962,4.03186,0.001746,5760
fire,v1_lock,6,3.70472,3.62617,0.000915,5760
fire,v1_lock,7,3.02839,2.99777,0.000329,5760
fire,v1_lock,8,3.14242,3.07517,0.000461,5760
fire,v1_lock,9,3.35847,3.29201,0.000520,5760
fire,v1_lock,10,3.83406,3.77177,0.001744,5760
fire,v1_lock,11,3.54679,3.49085,0.000850,5760
fire,v1_lock,12,3.90998,3.83423,0.001295,5760
fire,v1_lock,13,2.67881,2.63706,0.000327,5760
fire,v1_lock,14,3.11536,3.04224,0.000504,5760
fire,v1_lock,15,3.20317,3.13316,0.000488,5760
