effect,family,domain,seed,rank,run,bits_active,sq_err
fire,hand+macro,linear,0,0,0,2.59408,0.000873
fire,hand+macro,linear,0,0,1,3.03953,0.002111
fire,hand+macro,linear,0,0,2,2.26698,0.000937
fire,hand+macro,linear,0,0,3,2.78494,0.001021
fire,hand+macro,linear,0,0,4,2.72789,0.001097
fire,hand+macro,linear,0,0,5,3.35344,0.002646
fire,hand+macro,linear,0,0,6,2.85462,0.001903
fire,hand+macro,linear,0,0,7,2.35401,0.000603
fire,hand+macro,linear,0,0,8,2.43571,0.001005
fire,hand+macro,linear,0,0,9,2.80519,0.000772
fire,hand+macro,linear,0,0,10,3.20857,0.002077
fire,hand+macro,linear,0,0,11,2.60786,0.001108
fire,hand+macro,linear,0,0,12,3.14290,0.001919
fire,hand+macro,linear,0,0,13,1.94641,0.000426
fire,hand+macro,linear,0,0,14,2.39701,0.000681
fire,hand+macro,linear,0,0,15,2.45340,0.000803
fire,hand+macro,linear,0,1,0,2.59520,0.000887
fire,hand+macro,linear,0,1,1,3.03928,0.002147
fire,hand+macro,linear,0,1,2,2.26800,0.000952
fire,hand+macro,linear,0,1,3,2.78423,0.001045
fire,hand+macro,linear,0,1,4,2.72790,0.001126
fire,hand+macro,linear,0,1,5,3.34909,0.002681
fire,hand+macro,linear,0,1,6,2.85119,0.001945
fire,hand+macro,linear,0,1,7,2.35215,0.000619
fire,hand+macro,linear,0,1,8,2.43512,0.001023
fire,hand+macro,linear,0,1,9,2.80927,0.000789
fire,hand+macro,linear,0,1,10,3.20462,0.002097
fire,hand+macro,linear,0,1,11,2.60571,0.001131
fire,hand+macro,linear,0,1,12,3.14110,0.001960
fire,hand+macro,linear,0,1,13,1.94366,0.000436
fire,hand+macro,linear,0,1,14,2.40177,0.000697
fire,hand+macro,linear,0,1,15,2.46527,0.000817
fire,hand+macro,linear,0,2,0,2.59310,0.000891
fire,hand+macro,linear,0,2,1,3.03846,0.002154
fire,hand+macro,linear,0,2,2,2.26702,0.000954
fire,hand+macro,linear,0,2,3,2.78400,0.001050
fire,hand+macro,linear,0,2,4,2.72655,0.001129
fire,hand+macro,linear,0,2,5,3.34622,0.002689
fire,hand+macro,linear,0,2,6,2.84813,0.001950
fire,hand+macro,linear,0,2,7,2.35037,0.000621
fire,hand+macro,linear,0,2,8,2.43419,0.001026
fire,hand+macro,linear,0,2,9,2.80638,0.000791
fire,hand+macro,linear,0,2,10,3.20233,0.002102
fire,hand+macro,linear,0,2,11,2.60570,0.001135
fire,hand+macro,linear,0,2,12,3.13999,0.001966
fire,hand+macro,linear,0,2,13,1.94076,0.000437
fire,hand+macro,linear,0,2,14,2.39798,0.000699
fire,hand+macro,linear,0,2,15,2.46308,0.000818
fire,hand+macro,linear,0,3,0,2.59728,0.000887
fire,hand+macro,linear,0,3,1,3.04372,0.002146
fire,hand+macro,linear,0,3,2,2.26979,0.000951
fire,hand+macro,linear,0,3,3,2.78750,0.001045
fire,hand+macro,linear,0,3,4,2.73043,0.001126
fire,hand+macro,linear,0,3,5,3.35569,0.002682
fire,hand+macro,linear,0,3,6,2.85457,0.001944
fire,hand+macro,linear,0,3,7,2.35260,0.000619
fire,hand+macro,linear,0,3,8,2.43744,0.001023
fire,hand+macro,linear,0,3,9,2.80868,0.000789
fire,hand+macro,linear,0,3,10,3.20922,0.002097
fire,hand+macro,linear,0,3,11,2.60886,0.001131
fire,hand+macro,linear,0,3,12,3.14506,0.001960
fire,hand+macro,linear,0,3,13,1.94525,0.000436
fire,hand+macro,linear,0,3,14,2.40274,0.000697
fire,hand+macro,linear,0,3,15,2.46574,0.000816
fire,hand+macro,linear,0,4,0,2.59931,0.000872
fire,hand+macro,linear,0,4,1,3.04694,0.002111
fire,hand+macro,linear,0,4,2,2.27190,0.000936
fire,hand+macro,linear,0,4,3,2.79089,0.001021
fire,hand+macro,linear,0,4,4,2.73232,0.001097
fire,hand+macro,linear,0,4,5,3.36302,0.002648
fire,hand+macro,linear,0,4,6,2.86109,0.001903
fire,hand+macro,linear,0,4,7,2.35678,0.000603
fire,hand+macro,linear,0,4,8,2.44044,0.001005
fire,hand+macro,linear,0,4,9,2.80684,0.000772
fire,hand+macro,linear,0,4,10,3.21592,0.002076
fire,hand+macro,linear,0,4,11,2.61339,0.001108
fire,hand+macro,linear,0,4,12,3.14880,0.001920
fire,hand+macro,linear,0,4,13,1.94941,0.000426
fire,hand+macro,linear,0,4,14,2.40081,0.000681
fire,hand+macro,linear,0,4,15,2.45849,0.000801
fire,hand+macro,linear,0,5,0,2.59764,0.000887
fire,hand+macro,linear,0,5,1,3.04387,0.002146
fire,hand+macro,linear,0,5,2,2.27021,0.000951
fire,hand+macro,linear,0,5,3,2.78770,0.001045
fire,hand+macro,linear,0,5,4,2.73061,0.001125
fire,hand+macro,linear,0,5,5,3.35607,0.002682
fire,hand+macro,linear,0,5,6,2.85474,0.001944
fire,hand+macro,linear,0,5,7,2.35300,0.000619
fire,hand+macro,linear,0,5,8,2.43758,0.001023
fire,hand+macro,linear,0,5,9,2.80882,0.000789
fire,hand+macro,linear,0,5,10,3.20932,0.002097
fire,hand+macro,linear,0,5,11,2.60924,0.001131
fire,hand+macro,linear,0,5,12,3.14516,0.001961
fire,hand+macro,linear,0,5,13,1.94530,0.000436
fire,hand+macro,linear,0,5,14,2.40286,0.000697
fire,hand+macro,linear,0,5,15,2.46628,0.000816
fire,hand+macro,linear,0,6,0,2.60614,0.000897
fire,hand+macro,linear,0,6,1,3.05951,0.002167
fire,hand+macro,linear,0,6,2,2.27207,0.000961
fire,hand+macro,linear,0,6,3,2.79803,0.001056
fire,hand+macro,linear,0,6,4,2.73891,0.001136
fire,hand+macro,linear,0,6,5,3.37380,0.002707
fire,hand+macro,linear,0,6,6,2.86390,0.001959
fire,hand+macro,linear,0,6,7,2.35441,0.000624
fire,hand+macro,linear,0,6,8,2.44648,0.001033
fire,hand+macro,linear,0,6,9,2.83777,0.000797
fire,hand+macro,linear,0,6,10,3.21902,0.002116
fire,hand+macro,linear,0,6,11,2.61844,0.001141
fire,hand+macro,linear,0,6,12,3.16111,0.001979
fire,hand+macro,linear,0,6,13,1.94729,0.000440
fire,hand+macro,linear,0,6,14,2.41790,0.000701
fire,hand+macro,linear,0,6,15,2.48641,0.000823
fire,hand+macro,linear,0,7,0,2.59695,0.000891
fire,hand+macro,linear,0,7,1,3.04486,0.002154
fire,hand+macro,linear,0,7,2,2.27061,0.000954
fire,hand+macro,linear,0,7,3,2.78854,0.001050
fire,hand+macro,linear,0,7,4,2.73071,0.001129
fire,hand+macro,linear,0,7,5,3.35531,0.002689
fire,hand+macro,linear,0,7,6,2.85425,0.001950
fire,hand+macro,linear,0,7,7,2.35220,0.000621
fire,hand+macro,linear,0,7,8,2.43856,0.001026
fire,hand+macro,linear,0,7,9,2.80914,0.000791
fire,hand+macro,linear,0,7,10,3.20891,0.002102
fire,hand+macro,linear,0,7,11,2.61048,0.001135
fire,hand+macro,linear,0,7,12,3.14618,0.001966
fire,hand+macro,linear,0,7,13,1.94385,0.000437
fire,hand+macro,linear,0,7,14,2.40188,0.000699
fire,hand+macro,linear,0,7,15,2.46613,0.000818
fire,hand+macro,linear,0,8,0,2.60072,0.000887
fire,hand+macro,linear,0,8,1,3.05010,0.002146
fire,hand+macro,linear,0,8,2,2.27300,0.000951
fire,hand+macro,linear,0,8,3,2.79160,0.001045
fire,hand+macro,linear,0,8,4,2.73444,0.001126
fire,hand+macro,linear,0,8,5,3.36474,0.002682
fire,hand+macro,linear,0,8,6,2.86062,0.001945
fire,hand+macro,linear,0,8,7,2.35386,0.000619
fire,hand+macro,linear,0,8,8,2.44158,0.001023
fire,hand+macro,linear,0,8,9,2.81106,0.000789
fire,hand+macro,linear,0,8,10,3.21568,0.002097
fire,hand+macro,linear,0,8,11,2.61319,0.001131
fire,hand+macro,linear,0,8,12,3.15145,0.001961
fire,hand+macro,linear,0,8,13,1.94786,0.000436
fire,hand+macro,linear,0,8,14,2.40660,0.000697
fire,hand+macro,linear,0,8,15,2.46850,0.000816
fire,hand+macro,linear,0,9,0,2.60109,0.000887
fire,hand+macro,linear,0,9,1,3.05028,0.002146
fire,hand+macro,linear,0,9,2,2.27328,0.000951
fire,hand+macro,linear,0,9,3,2.79188,0.001045
fire,hand+macro,linear,0,9,4,2.73447,0.001126
fire,hand+macro,linear,0,9,5,3.36467,0.002682
fire,hand+macro,linear,0,9,6,2.86066,0.001945
fire,hand+macro,linear,0,9,7,2.35407,0.000619
fire,hand+macro,linear,0,9,8,2.44177,0.001023
fire,hand+macro,linear,0,9,9,2.81120,0.000789
fire,hand+macro,linear,0,9,10,3.21582,0.002097
fire,hand+macro,linear,0,9,11,2.61333,0.001131
fire,hand+macro,linear,0,9,12,3.15138,0.001961
fire,hand+macro,linear,0,9,13,1.94792,0.000436
fire,hand+macro,linear,0,9,14,2.40698,0.000697
fire,hand+macro,linear,0,9,15,2.46908,0.000816
smoke,hand+macro,linear,0,0,0,3.76457,0.001845
smoke,hand+macro,linear,0,0,1,4.08478,0.002189
smoke,hand+macro,linear,0,0,2,2.54869,0.000674
smoke,hand+macro,linear,0,0,3,3.74977,0.001449
smoke,hand+macro,linear,0,0,4,3.25253,0.000970
smoke,hand+macro,linear,0,0,5,4.50075,0.003931
smoke,hand+macro,linear,0,0,6,3.17415,0.001245
smoke,hand+macro,linear,0,0,7,3.14420,0.000688
smoke,hand+macro,linear,0,0,8,3.12594,0.000996
smoke,hand+macro,linear,0,0,9,3.10499,0.001535
smoke,hand+macro,linear,0,0,10,4.15145,0.002345
smoke,hand+macro,linear,0,0,11,3.06928,0.000909
smoke,hand+macro,linear,0,0,12,3.92793,0.001858
smoke,hand+macro,linear,0,0,13,2.94763,0.000962
smoke,hand+macro,linear,0,0,14,3.57945,0.001298
smoke,hand+macro,linear,0,0,15,3.22506,0.001081
smoke,hand+macro,linear,0,1,0,3.79128,0.001861
smoke,hand+macro,linear,0,1,1,4.11728,0.002205
smoke,hand+macro,linear,0,1,2,2.56324,0.000678
smoke,hand+macro,linear,0,1,3,3.77506,0.001465
smoke,hand+macro,linear,0,1,4,3.26418,0.000983
smoke,hand+macro,linear,0,1,5,4.51561,0.003972
smoke,hand+macro,linear,0,1,6,3.18935,0.001259
smoke,hand+macro,linear,0,1,7,3.17126,0.000695
smoke,hand+macro,linear,0,1,8,3.14243,0.001006
smoke,hand+macro,linear,0,1,9,3.11992,0.001552
smoke,hand+macro,linear,0,1,10,4.16926,0.002367
smoke,hand+macro,linear,0,1,11,3.08880,0.000918
smoke,hand+macro,linear,0,1,12,3.93530,0.001877
smoke,hand+macro,linear,0,1,13,2.96668,0.000970
smoke,hand+macro,linear,0,1,14,3.60634,0.001305
smoke,hand+macro,linear,0,1,15,3.25525,0.001088
smoke,hand+macro,linear,0,2,0,3.78499,0.001854
smoke,hand+macro,linear,0,2,1,4.10789,0.002199
smoke,hand+macro,linear,0,2,2,2.56010,0.000676
smoke,hand+macro,linear,0,2,3,3.77211,0.001459
smoke,hand+macro,linear,0,2,4,3.27076,0.000978
smoke,hand+macro,linear,0,2,5,4.52191,0.003956
smoke,hand+macro,linear,0,2,6,3.19390,0.001254
smoke,hand+macro,linear,0,2,7,3.16329,0.000692
smoke,hand+macro,linear,0,2,8,3.14243,0.001002
smoke,hand+macro,linear,0,2,9,3.12597,0.001545
smoke,hand+macro,linear,0,2,10,4.17031,0.002358
smoke,hand+macro,linear,0,2,11,3.08931,0.000914
smoke,hand+macro,linear,0,2,12,3.94860,0.001870
smoke,hand+macro,linear,0,2,13,2.96373,0.000967
smoke,hand+macro,linear,0,2,14,3.59943,0.001302
smoke,hand+macro,linear,0,2,15,3.24480,0.001085
smoke,hand+macro,linear,0,3,0,3.76187,0.001854
smoke,hand+macro,linear,0,3,1,4.10279,0.002195
smoke,hand+macro,linear,0,3,2,2.53290,0.000677
smoke,hand+macro,linear,0,3,3,3.74974,0.001455
smoke,hand+macro,linear,0,3,4,3.24776,0.000973
smoke,hand+macro,linear,0,3,5,4.50500,0.003945
smoke,hand+macro,linear,0,3,6,3.17172,0.001250
smoke,hand+macro,linear,0,3,7,3.12459,0.000690
smoke,hand+macro,linear,0,3,8,3.12588,0.001000
smoke,hand+macro,linear,0,3,9,3.10476,0.001538
smoke,hand+macro,linear,0,3,10,4.15496,0.002355
smoke,hand+macro,linear,0,3,11,3.06236,0.000911
smoke,hand+macro,linear,0,3,12,3.92933,0.001863
smoke,hand+macro,linear,0,3,13,2.94560,0.000967
smoke,hand+macro,linear,0,3,14,3.59283,0.001303
smoke,hand+macro,linear,0,3,15,3.23303,0.001086
smoke,hand+macro,linear,0,4,0,3.79964,0.001857
smoke,hand+macro,linear,0,4,1,4.11402,0.002202
smoke,hand+macro,linear,0,4,2,2.57556,0.000677
smoke,hand+macro,linear,0,4,3,3.78697,0.001463
smoke,hand+macro,linear,0,4,4,3.28598,0.000981
smoke,hand+macro,linear,0,4,5,4.53542,0.003964
smoke,hand+macro,linear,0,4,6,3.20865,0.001257
smoke,hand+macro,linear,0,4,7,3.18436,0.000693
smoke,hand+macro,linear,0,4,8,3.15562,0.001003
smoke,hand+macro,linear,0,4,9,3.14053,0.001549
smoke,hand+macro,linear,0,4,10,4.18297,0.002362
smoke,hand+macro,linear,0,4,11,3.10588,0.000916
smoke,hand+macro,linear,0,4,12,3.96396,0.001874
smoke,hand+macro,linear,0,4,13,2.97621,0.000968
smoke,hand+macro,linear,0,4,14,3.60623,0.001303
smoke,hand+macro,linear,0,4,15,3.25363,0.001086
smoke,hand+macro,linear,0,5,0,3.75166,0.001845
smoke,hand+macro,linear,0,5,1,4.07708,0.002181
smoke,hand+macro,linear,0,5,2,2.53888,0.000676
smoke,hand+macro,linear,0,5,3,3.74127,0.001445
smoke,hand+macro,linear,0,5,4,3.25160,0.000962
smoke,hand+macro,linear,0,5,5,4.50282,0.003911
smoke,hand+macro,linear,0,5,6,3.17185,0.001239
smoke,hand+macro,linear,0,5,7,3.12569,0.000688
smoke,hand+macro,linear,0,5,8,3.12573,0.000994
smoke,hand+macro,linear,0,5,9,3.10470,0.001525
smoke,hand+macro,linear,0,5,10,4.15157,0.002341
smoke,hand+macro,linear,0,5,11,3.06105,0.000906
smoke,hand+macro,linear,0,5,12,3.93543,0.001845
smoke,hand+macro,linear,0,5,13,2.93907,0.000961
smoke,hand+macro,linear,0,5,14,3.57528,0.001298
smoke,hand+macro,linear,0,5,15,3.21459,0.001082
smoke,hand+macro,linear,0,6,0,3.76221,0.001855
smoke,hand+macro,linear,0,6,1,4.09510,0.002194
smoke,hand+macro,linear,0,6,2,2.53989,0.000679
smoke,hand+macro,linear,0,6,3,3.75361,0.001454
smoke,hand+macro,linear,0,6,4,3.26330,0.000970
smoke,hand+macro,linear,0,6,5,4.51744,0.003939
smoke,hand+macro,linear,0,6,6,3.18462,0.001248
smoke,hand+macro,linear,0,6,7,3.12784,0.000691
smoke,hand+macro,linear,0,6,8,3.13521,0.001001
smoke,hand+macro,linear,0,6,9,3.11868,0.001534
smoke,hand+macro,linear,0,6,10,4.16303,0.002354
smoke,hand+macro,linear,0,6,11,3.07325,0.000910
smoke,hand+macro,linear,0,6,12,3.95165,0.001858
smoke,hand+macro,linear,0,6,13,2.94798,0.000967
smoke,hand+macro,linear,0,6,14,3.58970,0.001304
smoke,hand+macro,linear,0,6,15,3.22625,0.001087
smoke,hand+macro,linear,0,7,0,3.76176,0.001857
smoke,hand+macro,linear,0,7,1,4.08757,0.002194
smoke,hand+macro,linear,0,7,2,2.54438,0.000680
smoke,hand+macro,linear,0,7,3,3.75376,0.001454
smoke,hand+macro,linear,0,7,4,3.26730,0.000970
smoke,hand+macro,linear,0,7,5,4.51735,0.003938
smoke,hand+macro,linear,0,7,6,3.18783,0.001247
smoke,hand+macro,linear,0,7,7,3.13339,0.000692
smoke,hand+macro,linear,0,7,8,3.13842,0.001001
smoke,hand+macro,linear,0,7,9,3.12216,0.001533
smoke,hand+macro,linear,0,7,10,4.16251,0.002355
smoke,hand+macro,linear,0,7,11,3.07785,0.000910
smoke,hand+macro,linear,0,7,12,3.95594,0.001857
smoke,hand+macro,linear,0,7,13,2.94814,0.000968
smoke,hand+macro,linear,0,7,14,3.58468,0.001304
smoke,hand+macro,linear,0,7,15,3.22264,0.001088
smoke,hand+macro,linear,0,8,0,3.79347,0.001921
smoke,hand+macro,linear,0,8,1,4.12527,0.002267
smoke,hand+macro,linear,0,8,2,2.57200,0.000701
smoke,hand+macro,linear,0,8,3,3.78781,0.001508
smoke,hand+macro,linear,0,8,4,3.28364,0.001015
smoke,hand+macro,linear,0,8,5,4.53927,0.004128
smoke,hand+macro,linear,0,8,6,3.21236,0.001293
smoke,hand+macro,linear,0,8,7,3.18160,0.000718
smoke,hand+macro,linear,0,8,8,3.15706,0.001040
smoke,hand+macro,linear,0,8,9,3.14412,0.001591
smoke,hand+macro,linear,0,8,10,4.18234,0.002428
smoke,hand+macro,linear,0,8,11,3.10651,0.000941
smoke,hand+macro,linear,0,8,12,3.96224,0.001926
smoke,hand+macro,linear,0,8,13,2.97875,0.001001
smoke,hand+macro,linear,0,8,14,3.61124,0.001338
smoke,hand+macro,linear,0,8,15,3.25337,0.001115
smoke,hand+macro,linear,0,9,0,3.79640,0.001864
smoke,hand+macro,linear,0,9,1,4.11217,0.002208
smoke,hand+macro,linear,0,9,2,2.57399,0.000679
smoke,hand+macro,linear,0,9,3,3.78019,0.001469
smoke,hand+macro,linear,0,9,4,3.27283,0.000986
smoke,hand+macro,linear,0,9,5,4.51601,0.003978
smoke,hand+macro,linear,0,9,6,3.19771,0.001262
smoke,hand+macro,linear,0,9,7,3.18752,0.000696
smoke,hand+macro,linear,0,9,8,3.14720,0.001008
smoke,hand+macro,linear,0,9,9,3.12733,0.001555
smoke,hand+macro,linear,0,9,10,4.16896,0.002371
smoke,hand+macro,linear,0,9,11,3.10132,0.000920
smoke,hand+macro,linear,0,9,12,3.94101,0.001881
smoke,hand+macro,linear,0,9,13,2.96921,0.000971
smoke,hand+macro,linear,0,9,14,3.60293,0.001307
smoke,hand+macro,linear,0,9,15,3.25529,0.001090
explosion,hand+macro,linear,0,0,0,2.90794,0.000254
explosion,hand+macro,linear,0,0,1,3.28992,0.000489
explosion,hand+macro,linear,0,0,2,2.24809,0.000091
explosion,hand+macro,linear,0,0,3,2.93782,0.001155
explosion,hand+macro,linear,0,0,4,2.71961,0.000206
explosion,hand+macro,linear,0,0,5,3.27675,0.001791
explosion,hand+macro,linear,0,0,6,3.10149,0.001945
explosion,hand+macro,linear,0,0,7,2.27037,0.000128
explosion,hand+macro,linear,0,0,8,2.83712,0.000200
explosion,hand+macro,linear,0,0,9,3.20977,0.000612
explosion,hand+macro,linear,0,0,10,3.09506,0.000648
explosion,hand+macro,linear,0,0,11,2.81697,0.001386
explosion,hand+macro,linear,0,0,12,3.10687,0.000957
explosion,hand+macro,linear,0,0,13,2.87023,0.000200
explosion,hand+macro,linear,0,0,14,3.25566,0.000349
explosion,hand+macro,linear,0,0,15,2.59379,0.000125
explosion,hand+macro,linear,0,1,0,2.90748,0.000260
explosion,hand+macro,linear,0,1,1,3.28417,0.000492
explosion,hand+macro,linear,0,1,2,2.24569,0.000091
explosion,hand+macro,linear,0,1,3,2.93194,0.001156
explosion,hand+macro,linear,0,1,4,2.71438,0.000207
explosion,hand+macro,linear,0,1,5,3.26965,0.001801
explosion,hand+macro,linear,0,1,6,3.09725,0.001954
explosion,hand+macro,linear,0,1,7,2.26742,0.000128
explosion,hand+macro,linear,0,1,8,2.83558,0.000201
explosion,hand+macro,linear,0,1,9,3.20474,0.000612
explosion,hand+macro,linear,0,1,10,3.08931,0.000649
explosion,hand+macro,linear,0,1,11,2.81163,0.001392
explosion,hand+macro,linear,0,1,12,3.10086,0.000962
explosion,hand+macro,linear,0,1,13,2.86826,0.000201
explosion,hand+macro,linear,0,1,14,3.25471,0.000353
explosion,hand+macro,linear,0,1,15,2.59262,0.000125
explosion,hand+macro,linear,0,2,0,2.99728,0.000267
explosion,hand+macro,linear,0,2,1,3.41284,0.000499
explosion,hand+macro,linear,0,2,2,2.32611,0.000094
explosion,hand+macro,linear,0,2,3,3.07309,0.001148
explosion,hand+macro,linear,0,2,4,2.80791,0.000211
explosion,hand+macro,linear,0,2,5,3.40201,0.001791
explosion,hand+macro,linear,0,2,6,3.24049,0.001944
explosion,hand+macro,linear,0,2,7,2.36939,0.000132
explosion,hand+macro,linear,0,2,8,2.91689,0.000205
explosion,hand+macro,linear,0,2,9,3.30223,0.000615
explosion,hand+macro,linear,0,2,10,3.20263,0.000654
explosion,hand+macro,linear,0,2,11,2.96684,0.001386
explosion,hand+macro,linear,0,2,12,3.20955,0.000962
explosion,hand+macro,linear,0,2,13,2.92905,0.000204
explosion,hand+macro,linear,0,2,14,3.32390,0.000355
explosion,hand+macro,linear,0,2,15,2.68902,0.000129
explosion,hand+macro,linear,0,3,0,2.92114,0.000279
explosion,hand+macro,linear,0,3,1,3.28837,0.000501
explosion,hand+macro,linear,0,3,2,2.25499,0.000091
explosion,hand+macro,linear,0,3,3,2.93434,0.001159
explosion,hand+macro,linear,0,3,4,2.71650,0.000210
explosion,hand+macro,linear,0,3,5,3.27167,0.001831
explosion,hand+macro,linear,0,3,6,3.10655,0.001980
explosion,hand+macro,linear,0,3,7,2.27608,0.000130
explosion,hand+macro,linear,0,3,8,2.84605,0.000206
explosion,hand+macro,linear,0,3,9,3.20849,0.000613
explosion,hand+macro,linear,0,3,10,3.09147,0.000653
explosion,hand+macro,linear,0,3,11,2.81882,0.001410
explosion,hand+macro,linear,0,3,12,3.10271,0.000973
explosion,hand+macro,linear,0,3,13,2.87392,0.000202
explosion,hand+macro,linear,0,3,14,3.26395,0.000364
explosion,hand+macro,linear,0,3,15,2.60213,0.000126
explosion,hand+macro,linear,0,4,0,2.85194,0.000259
explosion,hand+macro,linear,0,4,1,3.27954,0.000492
explosion,hand+macro,linear,0,4,2,2.21444,0.000089
explosion,hand+macro,linear,0,4,3,2.99736,0.001162
explosion,hand+macro,linear,0,4,4,2.67814,0.000206
explosion,hand+macro,linear,0,4,5,3.29926,0.001809
explosion,hand+macro,linear,0,4,6,3.13000,0.001964
explosion,hand+macro,linear,0,4,7,2.22538,0.000127
explosion,hand+macro,linear,0,4,8,2.82378,0.000199
explosion,hand+macro,linear,0,4,9,3.19787,0.000616
explosion,hand+macro,linear,0,4,10,3.10059,0.000649
explosion,hand+macro,linear,0,4,11,2.79679,0.001400
explosion,hand+macro,linear,0,4,12,3.11368,0.000968
explosion,hand+macro,linear,0,4,13,2.87047,0.000200
explosion,hand+macro,linear,0,4,14,3.23700,0.000353
explosion,hand+macro,linear,0,4,15,2.58474,0.000124
explosion,hand+macro,linear,0,5,0,2.91727,0.000259
explosion,hand+macro,linear,0,5,1,3.30155,0.000492
explosion,hand+macro,linear,0,5,2,2.25708,0.000091
explosion,hand+macro,linear,0,5,3,2.95357,0.001158
explosion,hand+macro,linear,0,5,4,2.72290,0.000207
explosion,hand+macro,linear,0,5,5,3.28329,0.001801
explosion,hand+macro,linear,0,5,6,3.11276,0.001954
explosion,hand+macro,linear,0,5,7,2.28486,0.000129
explosion,hand+macro,linear,0,5,8,2.84381,0.000202
explosion,hand+macro,linear,0,5,9,3.21005,0.000614
explosion,hand+macro,linear,0,5,10,3.10235,0.000650
explosion,hand+macro,linear,0,5,11,2.82940,0.001393
explosion,hand+macro,linear,0,5,12,3.11291,0.000962
explosion,hand+macro,linear,0,5,13,2.86900,0.000201
explosion,hand+macro,linear,0,5,14,3.25628,0.000353
explosion,hand+macro,linear,0,5,15,2.60783,0.000126
explosion,hand+macro,linear,0,6,0,2.84732,0.000260
explosion,hand+macro,linear,0,6,1,3.25925,0.000490
explosion,hand+macro,linear,0,6,2,2.23340,0.000090
explosion,hand+macro,linear,0,6,3,2.98819,0.001154
explosion,hand+macro,linear,0,6,4,2.68518,0.000206
explosion,hand+macro,linear,0,6,5,3.28865,0.001801
explosion,hand+macro,linear,0,6,6,3.12516,0.001953
explosion,hand+macro,linear,0,6,7,2.23010,0.000128
explosion,hand+macro,linear,0,6,8,2.82702,0.000201
explosion,hand+macro,linear,0,6,9,3.19042,0.000611
explosion,hand+macro,linear,0,6,10,3.09411,0.000648
explosion,hand+macro,linear,0,6,11,2.79379,0.001391
explosion,hand+macro,linear,0,6,12,3.09946,0.000961
explosion,hand+macro,linear,0,6,13,2.87876,0.000200
explosion,hand+macro,linear,0,6,14,3.23294,0.000352
explosion,hand+macro,linear,0,6,15,2.58113,0.000124
explosion,hand+macro,linear,0,7,0,2.84990,0.000260
explosion,hand+macro,linear,0,7,1,3.23475,0.000491
explosion,hand+macro,linear,0,7,2,2.26302,0.000091
explosion,hand+macro,linear,0,7,3,2.99907,0.001155
explosion,hand+macro,linear,0,7,4,2.65634,0.000207
explosion,hand+macro,linear,0,7,5,3.33169,0.001801
explosion,hand+macro,linear,0,7,6,3.16298,0.001954
explosion,hand+macro,linear,0,7,7,2.25675,0.000128
explosion,hand+macro,linear,0,7,8,2.80315,0.000201
explosion,hand+macro,linear,0,7,9,3.14433,0.000612
explosion,hand+macro,linear,0,7,10,3.11367,0.000649
explosion,hand+macro,linear,0,7,11,2.77082,0.001392
explosion,hand+macro,linear,0,7,12,3.07894,0.000961
explosion,hand+macro,linear,0,7,13,2.78539,0.000201
explosion,hand+macro,linear,0,7,14,3.16059,0.000353
explosion,hand+macro,linear,0,7,15,2.53830,0.000125
explosion,hand+macro,linear,0,8,0,2.84446,0.000279
explosion,hand+macro,linear,0,8,1,3.23660,0.000499
explosion,hand+macro,linear,0,8,2,2.22532,0.000091
explosion,hand+macro,linear,0,8,3,2.96373,0.001156
explosion,hand+macro,linear,0,8,4,2.67172,0.000209
explosion,hand+macro,linear,0,8,5,3.27050,0.001832
explosion,hand+macro,linear,0,8,6,3.10830,0.001979
explosion,hand+macro,linear,0,8,7,2.21216,0.000129
explosion,hand+macro,linear,0,8,8,2.82569,0.000205
explosion,hand+macro,linear,0,8,9,3.18231,0.000611
explosion,hand+macro,linear,0,8,10,3.07681,0.000651
explosion,hand+macro,linear,0,8,11,2.77695,0.001409
explosion,hand+macro,linear,0,8,12,3.08163,0.000972
explosion,hand+macro,linear,0,8,13,2.88277,0.000202
explosion,hand+macro,linear,0,8,14,3.23177,0.000364
explosion,hand+macro,linear,0,8,15,2.56912,0.000124
explosion,hand+macro,linear,0,9,0,2.92698,0.000262
explosion,hand+macro,linear,0,9,1,3.31165,0.000495
explosion,hand+macro,linear,0,9,2,2.26531,0.000092
explosion,hand+macro,linear,0,9,3,2.96394,0.001163
explosion,hand+macro,linear,0,9,4,2.73629,0.000209
explosion,hand+macro,linear,0,9,5,3.29880,0.001814
explosion,hand+macro,linear,0,9,6,3.12418,0.001968
explosion,hand+macro,linear,0,9,7,2.29080,0.000130
explosion,hand+macro,linear,0,9,8,2.85420,0.000203
explosion,hand+macro,linear,0,9,9,3.22691,0.000617
explosion,hand+macro,linear,0,9,10,3.11321,0.000653
explosion,hand+macro,linear,0,9,11,2.84487,0.001403
explosion,hand+macro,linear,0,9,12,3.12721,0.000969
explosion,hand+macro,linear,0,9,13,2.88486,0.000203
explosion,hand+macro,linear,0,9,14,3.27103,0.000355
explosion,hand+macro,linear,0,9,15,2.61386,0.000126
