frame,t,module,size,not_zero,material,row_spans,blocks16,spans_widened,material_row_spans,material_blocks16
0,0.0000,fire_wreck,192,0.7115,0.2970,0.7696,0.8203,0.8377,0.3091,0.3759
3,0.1000,fire_wreck,192,0.7219,0.3060,0.7831,0.8290,0.8471,0.3175,0.3885
6,0.2000,fire_wreck,192,0.7345,0.3160,0.7935,0.8438,0.8558,0.3254,0.3937
9,0.3000,fire_wreck,192,0.7477,0.3233,0.8010,0.8494,0.8621,0.3302,0.4067
12,0.4000,fire_wreck,192,0.7588,0.3296,0.8135,0.8572,0.8721,0.3382,0.4115
15,0.5000,fire_wreck,192,0.7653,0.3211,0.8284,0.8650,0.8780,0.3328,0.4049
18,0.6000,fire_wreck,192,0.7686,0.3226,0.8376,0.8733,0.8849,0.3350,0.4076
21,0.7000,fire_wreck,192,0.7729,0.3244,0.8420,0.8802,0.8912,0.3341,0.3993
24,0.8000,fire_wreck,192,0.7767,0.3286,0.8451,0.8876,0.8974,0.3393,0.4089
27,0.9000,fire_wreck,192,0.7819,0.3308,0.8526,0.8911,0.9033,0.3372,0.4097
30,1.0000,fire_wreck,192,0.7906,0.3308,0.8594,0.8941,0.9107,0.3351,0.4006
33,1.1000,fire_wreck,192,0.7967,0.3321,0.8676,0.9019,0.9209,0.3365,0.4123
36,1.2000,explosion_r0c0,384,0.0000,0.0000,0.0000,0.0000,0.0000,0.0000,0.0000
36,1.2000,explosion_r0c1,384,0.2466,0.2392,0.2499,0.2726,0.2774,0.2422,0.2670
36,1.2000,explosion_r0c2,384,0.0000,0.0000,0.0000,0.0000,0.0000,0.0000,0.0000
36,1.2000,explosion_r1c0,384,0.0029,0.0020,0.0029,0.0052,0.0048,0.0020,0.0033
36,1.2000,explosion_r1c1,384,0.0000,0.0000,0.0000,0.0000,0.0000,0.0000,0.0000
36,1.2000,explosion_r1c2,384,0.0022,0.0014,0.0022,0.0035,0.0041,0.0015,0.0026
36,1.2000,fire_wreck,192,0.8005,0.3260,0.8778,0.9145,0.9302,0.3339,0.4158
39,1.3000,explosion_r0c0,384,0.0472,0.0192,0.0481,0.0622,0.0629,0.0235,0.0346
39,1.3000,explosion_r0c1,384,0.4027,0.3563,0.4066,0.4353,0.4353,0.3670,0.3928
39,1.3000,explosion_r0c2,384,0.0321,0.0255,0.0617,0.0438,0.0786,0.0540,0.0391
39,1.3000,explosion_r1c0,384,0.0029,0.0026,0.0029,0.0039,0.0048,0.0026,0.0037
39,1.3000,explosion_r1c1,384,0.0017,0.0009,0.0017,0.0025,0.0041,0.0009,0.0017
39,1.3000,explosion_r1c2,384,0.0000,0.0000,0.0000,0.0000,0.0000,0.0000,0.0000
39,1.3000,fire_wreck,192,0.8094,0.3336,0.8779,0.9271,0.9348,0.3394,0.4102
42,1.4000,explosion_r0c0,384,0.0880,0.0544,0.0886,0.1055,0.1047,0.0545,0.0676
42,1.4000,explosion_r0c1,384,0.5453,0.4982,0.5492,0.5790,0.5789,0.5013,0.5315
42,1.4000,explosion_r0c2,384,0.0984,0.0860,0.1349,0.1172,0.1531,0.1054,0.1038
42,1.4000,explosion_r1c0,384,0.0046,0.0042,0.0046,0.0059,0.0068,0.0042,0.0059
42,1.4000,explosion_r1c1,384,0.0043,0.0000,0.0043,0.0065,0.0076,0.0000,0.0000
42,1.4000,explosion_r1c2,384,0.0000,0.0000,0.0000,0.0000,0.0000,0.0000,0.0000
42,1.4000,fire_wreck,192,0.8245,0.3233,0.8821,0.9423,0.9378,0.3294,0.4080
45,1.5000,explosion_r0c0,384,0.1198,0.0778,0.1204,0.1398,0.1356,0.0780,0.0916
45,1.5000,explosion_r0c1,384,0.6659,0.6097,0.6694,0.6975,0.7017,0.6106,0.6427
45,1.5000,explosion_r0c2,384,0.1569,0.1367,0.1966,0.1808,0.2153,0.1496,0.1572
45,1.5000,explosion_r1c0,384,0.0066,0.0027,0.0067,0.0091,0.0095,0.0027,0.0039
45,1.5000,explosion_r1c1,384,0.0375,0.0226,0.0436,0.0467,0.0528,0.0256,0.0282
45,1.5000,explosion_r1c2,384,0.0000,0.0000,0.0000,0.0000,0.0000,0.0000,0.0000
45,1.5000,fire_wreck,192,0.8293,0.3164,0.8788,0.9327,0.9308,0.3240,0.3984
48,1.6000,explosion_r0c0,384,0.1459,0.0959,0.1465,0.1670,0.1623,0.0962,0.1159
48,1.6000,explosion_r0c1,384,0.7544,0.6851,0.7606,0.7891,0.7909,0.6878,0.7182
48,1.6000,explosion_r0c2,384,0.2074,0.1727,0.2427,0.2311,0.2630,0.1826,0.1930
48,1.6000,explosion_r1c0,384,0.0110,0.0003,0.0112,0.0142,0.0148,0.0003,0.0010
48,1.6000,explosion_r1c1,384,0.0819,0.0632,0.0867,0.0929,0.0989,0.0642,0.0701
48,1.6000,explosion_r1c2,384,0.0040,0.0017,0.0042,0.0056,0.0063,0.0023,0.0034
48,1.6000,explosion_wreck,256,0.1514,0.1441,0.1646,0.1941,0.2019,0.1548,0.1836
48,1.6000,fire_wreck,192,0.8244,0.3085,0.8735,0.9123,0.9231,0.3163,0.3950
51,1.7000,explosion_r0c0,384,0.1689,0.1114,0.1702,0.1905,0.1881,0.1116,0.1297
51,1.7000,explosion_r0c1,384,0.8283,0.7464,0.8370,0.8570,0.8650,0.7480,0.7777
51,1.7000,explosion_r0c2,384,0.2504,0.1975,0.2799,0.2808,0.3006,0.2067,0.2219
51,1.7000,explosion_r1c0,384,0.0169,0.0009,0.0171,0.0215,0.0221,0.0009,0.0022
51,1.7000,explosion_r1c1,384,0.1269,0.0950,0.1371,0.1394,0.1514,0.0966,0.1051
51,1.7000,explosion_r1c2,384,0.0134,0.0103,0.0140,0.0171,0.0175,0.0109,0.0139
51,1.7000,explosion_wreck,256,0.2464,0.2022,0.2576,0.2905,0.2996,0.2176,0.2439
51,1.7000,fire_wreck,192,0.8523,0.3564,0.8946,0.9375,0.9390,0.4169,0.4657
54,1.8000,explosion_r0c0,384,0.1955,0.1249,0.2020,0.2193,0.2224,0.1302,0.1438
54,1.8000,explosion_r0c1,384,0.8844,0.7874,0.8934,0.9095,0.9146,0.7931,0.8165
54,1.8000,explosion_r0c2,384,0.2896,0.2188,0.3205,0.3212,0.3431,0.2276,0.2398
54,1.8000,explosion_r1c0,384,0.0259,0.0020,0.0262,0.0316,0.0327,0.0021,0.0048
54,1.8000,explosion_r1c1,384,0.1766,0.1235,0.1865,0.1910,0.2031,0.1250,0.1351
54,1.8000,explosion_r1c2,384,0.0245,0.0171,0.0248,0.0266,0.0292,0.0172,0.0212
54,1.8000,explosion_wreck,256,0.3305,0.2668,0.3411,0.3792,0.3836,0.2684,0.3052
54,1.8000,fire_wreck,192,0.8650,0.3415,0.9175,0.9618,0.9605,0.4650,0.4622
54,1.8000,fire_a,128,0.8088,0.2936,0.8917,0.9541,0.9567,0.3013,0.3994
57,1.9000,explosion_r0c0,384,0.2204,0.1370,0.2356,0.2439,0.2562,0.1430,0.1549
57,1.9000,explosion_r0c1,384,0.9062,0.8051,0.9247,0.9355,0.9422,0.8212,0.8395
57,1.9000,explosion_r0c2,384,0.3197,0.2297,0.3604,0.3572,0.3834,0.2363,0.2522
57,1.9000,explosion_r1c0,384,0.0361,0.0053,0.0411,0.0443,0.0498,0.0056,0.0075
57,1.9000,explosion_r1c1,384,0.2224,0.1541,0.2340,0.2409,0.2533,0.1556,0.1707
57,1.9000,explosion_r1c2,384,0.0377,0.0257,0.0382,0.0434,0.0439,0.0258,0.0307
57,1.9000,explosion_wreck,256,0.3837,0.2977,0.3957,0.4319,0.4422,0.2986,0.3350
57,1.9000,fire_wreck,192,0.8844,0.3363,0.9410,0.9787,0.9827,0.4734,0.4601
57,1.9000,fire_a,128,0.8337,0.2939,0.9120,0.9678,0.9689,0.3090,0.4141
60,2.0000,explosion_r0c0,384,0.2416,0.1445,0.2643,0.2719,0.2857,0.1500,0.1646
60,2.0000,explosion_r0c1,384,0.9029,0.7951,0.9469,0.9403,0.9614,0.8418,0.8301
60,2.0000,explosion_r0c2,384,0.3439,0.2389,0.3910,0.3883,0.4152,0.2453,0.2619
60,2.0000,explosion_r1c0,384,0.0481,0.0076,0.0563,0.0595,0.0662,0.0076,0.0104
60,2.0000,explosion_r1c1,384,0.2689,0.1869,0.2825,0.2870,0.3019,0.1884,0.2031
60,2.0000,explosion_r1c2,384,0.0538,0.0345,0.0542,0.0598,0.0616,0.0346,0.0398
60,2.0000,explosion_wreck,256,0.4178,0.3129,0.4357,0.4768,0.4912,0.3153,0.3574
60,2.0000,fire_wreck,192,0.8976,0.3264,0.9544,0.9835,0.9913,0.4157,0.4405
60,2.0000,fire_a,128,0.8502,0.2990,0.9260,0.9775,0.9780,0.3113,0.4209
63,2.1000,explosion_r0c0,384,0.2611,0.1537,0.2883,0.2933,0.3100,0.1577,0.1749
63,2.1000,explosion_r0c1,384,0.8929,0.7783,0.9634,0.9397,0.9755,0.8277,0.8099
63,2.1000,explosion_r0c2,384,0.3639,0.2390,0.4169,0.4150,0.4416,0.2441,0.2616
63,2.1000,explosion_r1c0,384,0.0608,0.0117,0.0726,0.0727,0.0835,0.0117,0.0146
63,2.1000,explosion_r1c1,384,0.3155,0.2197,0.3324,0.3365,0.3530,0.2224,0.2377
63,2.1000,explosion_r1c2,384,0.0697,0.0431,0.0706,0.0792,0.0796,0.0432,0.0502
63,2.1000,explosion_wreck,256,0.4510,0.3287,0.4838,0.5266,0.5483,0.3330,0.3770
63,2.1000,fire_wreck,192,0.8973,0.3231,0.9564,0.9774,0.9902,0.3908,0.4266
63,2.1000,fire_a,128,0.8579,0.3025,0.9296,0.9834,0.9822,0.3102,0.4268
66,2.2000,explosion_r0c0,384,0.2754,0.1567,0.3054,0.3091,0.3280,0.1604,0.1808
66,2.2000,explosion_r0c1,384,0.8797,0.7551,0.9749,0.9269,0.9854,0.8049,0.7868
66,2.2000,explosion_r0c2,384,0.3776,0.2367,0.4382,0.4314,0.4653,0.2420,0.2601
66,2.2000,explosion_r1c0,384,0.0751,0.0139,0.0876,0.0883,0.0993,0.0143,0.0187
66,2.2000,explosion_r1c1,384,0.3631,0.2529,0.3815,0.3889,0.4037,0.2565,0.2748
66,2.2000,explosion_r1c2,384,0.0861,0.0545,0.0875,0.0953,0.0976,0.0549,0.0628
66,2.2000,explosion_wreck,256,0.4887,0.3405,0.5443,0.5808,0.6133,0.3454,0.3926
66,2.2000,fire_wreck,192,0.8985,0.3307,0.9637,0.9835,0.9941,0.3855,0.4392
66,2.2000,fire_a,128,0.8645,0.3115,0.9344,0.9844,0.9844,0.3186,0.4395
69,2.3000,explosion_r0c0,384,0.2883,0.1623,0.3172,0.3260,0.3426,0.1663,0.1916
69,2.3000,explosion_r0c1,384,0.8651,0.7308,0.9817,0.9127,0.9933,0.7935,0.7623
69,2.3000,explosion_r0c2,384,0.3923,0.2331,0.4548,0.4450,0.4862,0.2380,0.2535
69,2.3000,explosion_r1c0,384,0.0903,0.0158,0.1029,0.1087,0.1150,0.0163,0.0238
69,2.3000,explosion_r1c1,384,0.4117,0.2940,0.4339,0.4416,0.4574,0.2977,0.3192
69,2.3000,explosion_r1c2,384,0.1034,0.0664,0.1071,0.1157,0.1199,0.0667,0.0762
69,2.3000,explosion_wreck,256,0.5264,0.3483,0.6113,0.6201,0.6795,0.3538,0.3972
69,2.3000,fire_wreck,192,0.9029,0.3471,0.9656,0.9826,0.9951,0.4648,0.4865
69,2.3000,fire_a,128,0.8661,0.3143,0.9382,0.9854,0.9837,0.3215,0.4561
72,2.4000,explosion_r0c0,384,0.3065,0.1676,0.3471,0.3512,0.3801,0.1894,0.2036
72,2.4000,explosion_r0c1,384,0.8481,0.7029,0.9887,0.8984,0.9970,0.7712,0.7365
72,2.4000,explosion_r0c2,384,0.4178,0.2846,0.4763,0.4651,0.5107,0.2885,0.3079
72,2.4000,explosion_r1c0,384,0.1056,0.0190,0.1178,0.1253,0.1307,0.0192,0.0268
72,2.4000,explosion_r1c1,384,0.4593,0.3320,0.4823,0.4874,0.5039,0.3377,0.3593
72,2.4000,explosion_r1c2,384,0.1238,0.0768,0.1311,0.1403,0.1453,0.0773,0.0871
72,2.4000,explosion_wreck,256,0.5576,0.3462,0.6754,0.6816,0.7451,0.3546,0.3982
72,2.4000,fire_wreck,192,0.9040,0.3704,0.9690,0.9839,0.9956,0.4920,0.5152
72,2.4000,fire_a,128,0.8691,0.3099,0.9452,0.9844,0.9858,0.3183,0.4521
72,2.4000,fire_b,128,0.8555,0.2960,0.9318,0.9785,0.9885,0.3145,0.4482
75,2.5000,explosion_r0c0,384,0.3250,0.1717,0.3755,0.3708,0.4104,0.1927,0.2061
75,2.5000,explosion_r0c1,384,0.8279,0.6781,0.9946,0.8862,0.9990,0.7783,0.7142
75,2.5000,explosion_r0c2,384,0.4301,0.2826,0.5068,0.4881,0.5442,0.2867,0.3035
75,2.5000,explosion_r1c0,384,0.1219,0.0260,0.1341,0.1412,0.1479,0.0265,0.0353
75,2.5000,explosion_r1c1,384,0.5052,0.3704,0.5282,0.5303,0.5487,0.3772,0.4013
75,2.5000,explosion_r1c2,384,0.1487,0.0931,0.1585,0.1669,0.1756,0.0951,0.1063
75,2.5000,explosion_wreck,256,0.5957,0.3467,0.7413,0.7180,0.8010,0.3521,0.3936
75,2.5000,fire_wreck,192,0.9040,0.3929,0.9707,0.9835,0.9958,0.5106,0.5438
75,2.5000,fire_a,128,0.8724,0.2976,0.9496,0.9824,0.9882,0.3146,0.4395
75,2.5000,fire_b,128,0.8712,0.2903,0.9393,0.9863,0.9910,0.3159,0.4521
78,2.6000,explosion_r0c0,384,0.3463,0.1776,0.4056,0.3936,0.4424,0.1982,0.2148
78,2.6000,explosion_r0c1,384,0.8110,0.6529,0.9954,0.8665,0.9993,0.7615,0.6903
78,2.6000,explosion_r0c2,384,0.4458,0.2754,0.5428,0.5112,0.5776,0.2797,0.2975
78,2.6000,explosion_r1c0,384,0.1402,0.0324,0.1544,0.1650,0.1691,0.0330,0.0430
78,2.6000,explosion_r1c1,384,0.5463,0.4090,0.5749,0.5748,0.5937,0.4148,0.4395
78,2.6000,explosion_r1c2,384,0.1758,0.1103,0.1877,0.1979,0.2062,0.1109,0.1209
78,2.6000,explosion_wreck,256,0.6333,0.3423,0.7886,0.7576,0.8467,0.3515,0.3950
78,2.6000,fire_wreck,192,0.9058,0.4128,0.9680,0.9831,0.9953,0.5171,0.5660
78,2.6000,fire_a,128,0.8766,0.2960,0.9539,0.9873,0.9893,0.3174,0.4355
78,2.6000,fire_b,128,0.8857,0.3021,0.9457,0.9932,0.9913,0.3287,0.4688
81,2.7000,explosion_r0c0,384,0.3668,0.1807,0.4411,0.4221,0.4780,0.2009,0.2188
81,2.7000,explosion_r0c1,384,0.7961,0.6274,0.9973,0.8566,0.9998,0.7362,0.6620
81,2.7000,explosion_r0c2,384,0.4646,0.2718,0.5778,0.5370,0.6137,0.2738,0.2908
81,2.7000,explosion_r1c0,384,0.1579,0.0399,0.1713,0.1827,0.1860,0.0407,0.0513
81,2.7000,explosion_r1c1,384,0.5847,0.4478,0.6154,0.6084,0.6335,0.4530,0.4801
81,2.7000,explosion_r1c2,384,0.2036,0.1239,0.2176,0.2281,0.2365,0.1248,0.1375
81,2.7000,explosion_wreck,256,0.6544,0.3366,0.8310,0.7888,0.8794,0.3510,0.3933
81,2.7000,fire_wreck,192,0.8980,0.4194,0.9655,0.9818,0.9947,0.5147,0.5786
81,2.7000,fire_a,128,0.8806,0.2885,0.9562,0.9902,0.9923,0.3046,0.4189
81,2.7000,fire_b,128,0.8936,0.3015,0.9482,0.9922,0.9908,0.3322,0.4541
84,2.8000,explosion_r0c0,384,0.3842,0.1855,0.4694,0.4440,0.5078,0.2031,0.2267
84,2.8000,explosion_r0c1,384,0.7807,0.6054,0.9977,0.8438,0.9999,0.7128,0.6445
84,2.8000,explosion_r0c2,384,0.4851,0.2681,0.6071,0.5614,0.6427,0.2700,0.2868
84,2.8000,explosion_r1c0,384,0.1738,0.0464,0.1853,0.1981,0.2014,0.0469,0.0566
84,2.8000,explosion_r1c1,384,0.6186,0.4852,0.6464,0.6418,0.6653,0.4885,0.5170
84,2.8000,explosion_r1c2,384,0.2274,0.1380,0.2428,0.2504,0.2618,0.1384,0.1480
84,2.8000,explosion_wreck,256,0.6730,0.3352,0.8598,0.8230,0.9067,0.3570,0.3999
84,2.8000,fire_wreck,192,0.8895,0.4220,0.9609,0.9826,0.9931,0.5087,0.5664
84,2.8000,fire_a,128,0.8815,0.2773,0.9581,0.9883,0.9940,0.3005,0.3926
84,2.8000,fire_b,128,0.8970,0.2982,0.9485,0.9893,0.9905,0.3289,0.4580
87,2.9000,explosion_r0c0,384,0.4023,0.1925,0.4944,0.4670,0.5335,0.2102,0.2357
87,2.9000,explosion_r0c1,384,0.7669,0.5874,0.9818,0.8306,0.9901,0.7073,0.6279
87,2.9000,explosion_r0c2,384,0.5022,0.2678,0.6382,0.5873,0.6745,0.2693,0.2877
87,2.9000,explosion_r1c0,384,0.1885,0.0562,0.1997,0.2109,0.2182,0.0577,0.0677
87,2.9000,explosion_r1c1,384,0.6482,0.5200,0.6777,0.6723,0.6970,0.5248,0.5509
87,2.9000,explosion_r1c2,384,0.2466,0.1549,0.2693,0.2763,0.2898,0.1554,0.1678
87,2.9000,explosion_wreck,256,0.6945,0.3287,0.8944,0.8557,0.9373,0.3490,0.3857
87,2.9000,fire_wreck,192,0.8851,0.4036,0.9542,0.9787,0.9909,0.4883,0.5369
87,2.9000,fire_a,128,0.8820,0.2630,0.9592,0.9893,0.9953,0.2927,0.3887
87,2.9000,fire_b,128,0.8967,0.2859,0.9496,0.9912,0.9902,0.3262,0.4463
90,3.0000,explosion_r0c0,384,0.4231,0.1930,0.5212,0.4907,0.5618,0.2148,0.2373
90,3.0000,explosion_r0c1,384,0.7557,0.5644,0.9714,0.8240,0.9792,0.7091,0.6031
90,3.0000,explosion_r0c2,384,0.5222,0.2637,0.6652,0.6148,0.7085,0.2653,0.2853
90,3.0000,explosion_r1c0,384,0.2047,0.0665,0.2192,0.2299,0.2402,0.0689,0.0803
90,3.0000,explosion_r1c1,384,0.6771,0.5563,0.7060,0.7028,0.7249,0.5619,0.5799
90,3.0000,explosion_r1c2,384,0.2720,0.1712,0.3043,0.3079,0.3233,0.1717,0.1866
90,3.0000,explosion_wreck,256,0.7069,0.3207,0.9061,0.8635,0.9449,0.3362,0.3640
90,3.0000,fire_wreck,192,0.8810,0.4115,0.9478,0.9731,0.9873,0.4671,0.5265
90,3.0000,fire_a,128,0.8801,0.2626,0.9612,0.9883,0.9958,0.2870,0.3867
90,3.0000,fire_b,128,0.8932,0.2808,0.9490,0.9941,0.9904,0.3177,0.4297
93,3.1000,explosion_r0c0,384,0.4497,0.1900,0.5587,0.5268,0.5986,0.2113,0.2331
93,3.1000,explosion_r0c1,384,0.7493,0.5416,0.9663,0.8236,0.9742,0.7069,0.5819
93,3.1000,explosion_r0c2,384,0.5439,0.2616,0.6901,0.6425,0.7304,0.2649,0.2860
93,3.1000,explosion_r1c0,384,0.2253,0.0762,0.2491,0.2512,0.2679,0.0765,0.0888
93,3.1000,explosion_r1c1,384,0.7004,0.5756,0.7293,0.7297,0.7478,0.5793,0.5951
93,3.1000,explosion_r1c2,384,0.3022,0.1887,0.3369,0.3408,0.3582,0.1891,0.2065
93,3.1000,explosion_wreck,256,0.7179,0.3103,0.9084,0.8652,0.9472,0.3251,0.3564
93,3.1000,fire_wreck,192,0.8740,0.3924,0.9386,0.9666,0.9815,0.4483,0.5065
93,3.1000,fire_a,128,0.8817,0.2554,0.9623,0.9893,0.9965,0.2881,0.3818
93,3.1000,fire_b,128,0.8934,0.2759,0.9474,0.9961,0.9892,0.3141,0.4189
96,3.2000,explosion_r0c0,384,0.4742,0.1908,0.5977,0.5583,0.6328,0.2093,0.2331
96,3.2000,explosion_r0c1,384,0.7444,0.5166,0.9658,0.8249,0.9720,0.7072,0.5595
96,3.2000,explosion_r0c2,384,0.5656,0.2542,0.7120,0.6757,0.7532,0.2590,0.2780
96,3.2000,explosion_r1c0,384,0.2453,0.0877,0.2730,0.2782,0.2914,0.0884,0.0984
96,3.2000,explosion_r1c1,384,0.7215,0.5970,0.7505,0.7482,0.7663,0.6023,0.6170
96,3.2000,explosion_r1c2,384,0.3351,0.2077,0.3710,0.3774,0.3937,0.2091,0.2243
96,3.2000,explosion_wreck,256,0.7325,0.2947,0.9116,0.8718,0.9518,0.3188,0.3450
96,3.2000,fire_wreck,192,0.8667,0.3710,0.9387,0.9644,0.9773,0.4150,0.4844
96,3.2000,fire_a,128,0.8862,0.2537,0.9630,0.9922,0.9966,0.2855,0.3926
96,3.2000,fire_b,128,0.8903,0.2680,0.9427,0.9883,0.9885,0.3043,0.4043
99,3.3000,explosion_r0c0,384,0.4979,0.1880,0.6306,0.5873,0.6647,0.2099,0.2331
99,3.3000,explosion_r0c1,384,0.7428,0.4932,0.9643,0.8281,0.9706,0.7047,0.5394
99,3.3000,explosion_r0c2,384,0.5853,0.2477,0.7430,0.6951,0.7842,0.2528,0.2714
99,3.3000,explosion_r1c0,384,0.2640,0.0949,0.2942,0.3007,0.3133,0.0957,0.1062
99,3.3000,explosion_r1c1,384,0.7379,0.6120,0.7670,0.7657,0.7827,0.6243,0.6359
99,3.3000,explosion_r1c2,384,0.3678,0.2211,0.4065,0.4097,0.4313,0.2247,0.2386
99,3.3000,explosion_wreck,256,0.7434,0.2810,0.9192,0.8818,0.9603,0.3197,0.3291
99,3.3000,fire_wreck,192,0.8622,0.3503,0.9385,0.9549,0.9725,0.3873,0.4618
99,3.3000,fire_a,128,0.8848,0.2455,0.9634,0.9922,0.9958,0.2772,0.3652
99,3.3000,fire_b,128,0.8931,0.2660,0.9433,0.9873,0.9900,0.3112,0.4043
102,3.4000,explosion_r0c0,384,0.5243,0.1853,0.6585,0.6204,0.6905,0.2051,0.2299
102,3.4000,explosion_r0c1,384,0.7435,0.4733,0.9608,0.8301,0.9699,0.6990,0.5216
102,3.4000,explosion_r0c2,384,0.6040,0.2415,0.7602,0.7201,0.8018,0.2471,0.2674
102,3.4000,explosion_r1c0,384,0.2812,0.1024,0.3133,0.3196,0.3337,0.1042,0.1131
102,3.4000,explosion_r1c1,384,0.7529,0.6246,0.7820,0.7841,0.7983,0.6327,0.6461
102,3.4000,explosion_r1c2,384,0.4014,0.2368,0.4402,0.4454,0.4635,0.2412,0.2542
102,3.4000,explosion_wreck,256,0.7444,0.2671,0.9283,0.8901,0.9707,0.3215,0.3191
102,3.4000,fire_wreck,192,0.8569,0.3250,0.9349,0.9596,0.9703,0.3728,0.4410
102,3.4000,fire_a,128,0.8933,0.2443,0.9658,0.9912,0.9968,0.2692,0.3662
102,3.4000,fire_b,128,0.8898,0.2664,0.9397,0.9873,0.9858,0.2983,0.3926
105,3.5000,explosion_r0c0,384,0.5492,0.1840,0.6829,0.6429,0.7138,0.2059,0.2263
105,3.5000,explosion_r0c1,384,0.7457,0.4566,0.9623,0.8319,0.9694,0.6970,0.5035
105,3.5000,explosion_r0c2,384,0.6235,0.2409,0.7883,0.7408,0.8288,0.2468,0.2699
105,3.5000,explosion_r1c0,384,0.2974,0.1117,0.3358,0.3397,0.3568,0.1124,0.1204
105,3.5000,explosion_r1c1,384,0.7699,0.6446,0.7951,0.7963,0.8124,0.6504,0.6649
105,3.5000,explosion_r1c2,384,0.4315,0.2512,0.4671,0.4729,0.4915,0.2535,0.2688
105,3.5000,explosion_wreck,256,0.7448,0.2509,0.9377,0.8965,0.9766,0.3033,0.3008
105,3.5000,fire_wreck,192,0.8572,0.3094,0.9320,0.9536,0.9680,0.3612,0.4275
105,3.5000,fire_a,128,0.9021,0.2487,0.9702,0.9932,0.9981,0.2731,0.3789
105,3.5000,fire_b,128,0.8940,0.2631,0.9383,0.9873,0.9843,0.2892,0.3926
108,3.6000,explosion_r0c0,384,0.5681,0.1872,0.7025,0.6687,0.7322,0.2128,0.2327
108,3.6000,explosion_r0c1,384,0.7490,0.4426,0.9602,0.8375,0.9681,0.6963,0.4857
108,3.6000,explosion_r0c2,384,0.6454,0.2407,0.8097,0.7670,0.8396,0.2549,0.2702
108,3.6000,explosion_r1c0,384,0.3114,0.1188,0.3561,0.3590,0.3776,0.1196,0.1298
108,3.6000,explosion_r1c1,384,0.7840,0.6586,0.8091,0.8110,0.8271,0.6654,0.6794
108,3.6000,explosion_r1c2,384,0.4571,0.2646,0.4920,0.4988,0.5167,0.2679,0.2832
108,3.6000,explosion_wreck,256,0.7426,0.2316,0.9375,0.8938,0.9784,0.3004,0.2837
108,3.6000,fire_wreck,192,0.8566,0.3072,0.9266,0.9549,0.9650,0.3616,0.4306
108,3.6000,fire_a,128,0.9065,0.2530,0.9750,0.9922,0.9980,0.2638,0.3838
108,3.6000,fire_b,128,0.8925,0.2672,0.9367,0.9854,0.9836,0.3113,0.3945
111,3.7000,smoke_r0c0,384,0.6082,0.2423,0.7581,0.6987,0.7945,0.4087,0.3173
111,3.7000,smoke_r0c1,384,0.8451,0.4850,0.9751,0.9259,0.9858,0.8138,0.5630
111,3.7000,smoke_r0c2,384,0.6675,0.2916,0.8671,0.7733,0.9041,0.4269,0.3619
111,3.7000,smoke_r1c0,384,0.4241,0.1723,0.5575,0.4976,0.6074,0.3821,0.2272
111,3.7000,smoke_r1c1,384,0.8076,0.6626,0.8380,0.8346,0.8566,0.6725,0.6875
111,3.7000,smoke_r1c2,384,0.8509,0.5753,0.9221,0.9040,0.9448,0.8140,0.6994
111,3.7000,explosion_wreck,256,0.7448,0.2071,0.9392,0.8945,0.9810,0.2778,0.2620
111,3.7000,fire_wreck,192,0.8542,0.2983,0.9232,0.9501,0.9629,0.3517,0.4193
111,3.7000,fire_a,128,0.9070,0.2596,0.9778,0.9873,0.9982,0.2681,0.3936
111,3.7000,fire_b,128,0.8898,0.2565,0.9384,0.9863,0.9838,0.2967,0.3896
114,3.8000,smoke_r0c0,384,0.6131,0.2150,0.7745,0.6957,0.8138,0.3337,0.2781
114,3.8000,smoke_r0c1,384,0.8550,0.4501,0.9675,0.9331,0.9784,0.7607,0.5234
114,3.8000,smoke_r0c2,384,0.6874,0.2623,0.8911,0.7977,0.9259,0.3269,0.3120
114,3.8000,smoke_r1c0,384,0.4700,0.1777,0.6216,0.5499,0.6628,0.4030,0.2294
114,3.8000,smoke_r1c1,384,0.8196,0.6752,0.8507,0.8475,0.8689,0.6845,0.6985
114,3.8000,smoke_r1c2,384,0.8740,0.4477,0.9409,0.9298,0.9603,0.7076,0.5565
114,3.8000,explosion_wreck,256,0.7547,0.1819,0.9421,0.8948,0.9825,0.2647,0.2390
114,3.8000,fire_wreck,192,0.8563,0.2914,0.9222,0.9466,0.9610,0.3384,0.4032
114,3.8000,fire_a,128,0.9075,0.2650,0.9803,0.9893,0.9980,0.2743,0.4004
114,3.8000,fire_b,128,0.8904,0.2650,0.9355,0.9883,0.9825,0.2894,0.3809
117,3.9000,smoke_r0c0,384,0.6305,0.2071,0.8073,0.7193,0.8411,0.3275,0.2692
117,3.9000,smoke_r0c1,384,0.8681,0.4578,0.9736,0.9378,0.9843,0.7306,0.5347
117,3.9000,smoke_r0c2,384,0.7042,0.2654,0.9088,0.8177,0.9428,0.3119,0.3085
117,3.9000,smoke_r1c0,384,0.5072,0.1869,0.6609,0.5844,0.7020,0.4098,0.2489
117,3.9000,smoke_r1c1,384,0.8309,0.6869,0.8729,0.8601,0.8900,0.6972,0.7074
117,3.9000,smoke_r1c2,384,0.8865,0.3931,0.9482,0.9370,0.9640,0.6530,0.4658
117,3.9000,explosion_wreck,256,0.7717,0.1543,0.9456,0.9001,0.9845,0.2346,0.2129
117,3.9000,fire_wreck,192,0.8515,0.2878,0.9192,0.9492,0.9601,0.3328,0.3963
117,3.9000,fire_a,128,0.9046,0.2649,0.9822,0.9912,0.9979,0.2744,0.4004
117,3.9000,fire_b,128,0.8862,0.2580,0.9316,0.9863,0.9793,0.2824,0.3770
120,4.0000,smoke_r0c0,384,0.6426,0.2025,0.8254,0.7369,0.8600,0.3167,0.2627
120,4.0000,smoke_r0c1,384,0.8808,0.4660,0.9794,0.9435,0.9907,0.7238,0.5518
120,4.0000,smoke_r0c2,384,0.7277,0.2704,0.9292,0.8395,0.9612,0.3403,0.3161
120,4.0000,smoke_r1c0,384,0.5454,0.1994,0.7035,0.6257,0.7412,0.4244,0.2612
120,4.0000,smoke_r1c1,384,0.8419,0.6953,0.8988,0.8748,0.9122,0.7114,0.7183
120,4.0000,smoke_r1c2,384,0.9067,0.3900,0.9579,0.9473,0.9729,0.6455,0.4588
120,4.0000,explosion_wreck,256,0.7811,0.1248,0.9494,0.9050,0.9834,0.1924,0.1790
120,4.0000,fire_wreck,192,0.8461,0.2880,0.9178,0.9431,0.9587,0.3315,0.3997
120,4.0000,fire_a,128,0.9042,0.2647,0.9853,0.9922,0.9979,0.2758,0.3926
120,4.0000,fire_b,128,0.8840,0.2532,0.9302,0.9805,0.9789,0.2838,0.3799
123,4.1000,smoke_r0c0,384,0.6597,0.2088,0.8436,0.7514,0.8775,0.3272,0.2711
123,4.1000,smoke_r0c1,384,0.8862,0.4696,0.9794,0.9399,0.9911,0.7196,0.5597
123,4.1000,smoke_r0c2,384,0.7447,0.2808,0.9401,0.8537,0.9689,0.3567,0.3270
123,4.1000,smoke_r1c0,384,0.5788,0.2131,0.7149,0.6497,0.7541,0.4431,0.2836
123,4.1000,smoke_r1c1,384,0.8518,0.7023,0.9135,0.8862,0.9261,0.7222,0.7229
123,4.1000,smoke_r1c2,384,0.9206,0.4069,0.9671,0.9536,0.9801,0.6482,0.4723
123,4.1000,explosion_wreck,256,0.7857,0.0985,0.9521,0.9150,0.9842,0.1557,0.1514
123,4.1000,fire_wreck,192,0.8404,0.2909,0.9184,0.9362,0.9570,0.3218,0.3997
123,4.1000,fire_a,128,0.9024,0.2659,0.9847,0.9912,0.9974,0.2806,0.4004
123,4.1000,fire_b,128,0.8801,0.2474,0.9277,0.9824,0.9778,0.2773,0.3789
126,4.2000,smoke_r0c0,384,0.6780,0.2069,0.8608,0.7794,0.8920,0.3210,0.2711
126,4.2000,smoke_r0c1,384,0.8895,0.4841,0.9751,0.9400,0.9871,0.7138,0.5798
126,4.2000,smoke_r0c2,384,0.7644,0.2864,0.9425,0.8741,0.9686,0.3796,0.3353
126,4.2000,smoke_r1c0,384,0.6135,0.2303,0.7399,0.6824,0.7789,0.4647,0.3081
126,4.2000,smoke_r1c1,384,0.8595,0.7096,0.9196,0.8943,0.9315,0.7450,0.7322
126,4.2000,smoke_r1c2,384,0.9307,0.4246,0.9748,0.9613,0.9861,0.6362,0.4973
126,4.2000,explosion_wreck,256,0.7828,0.0751,0.9534,0.9116,0.9838,0.1366,0.1248
126,4.2000,fire_wreck,192,0.8387,0.2874,0.9162,0.9319,0.9546,0.3084,0.3828
126,4.2000,fire_a,128,0.8997,0.2711,0.9847,0.9922,0.9985,0.2885,0.4150
126,4.2000,fire_b,128,0.8805,0.2491,0.9303,0.9814,0.9802,0.2737,0.3740
129,4.3000,smoke_r0c0,384,0.6939,0.2043,0.8797,0.7989,0.9082,0.3181,0.2653
129,4.3000,smoke_r0c1,384,0.8906,0.4888,0.9680,0.9347,0.9803,0.7144,0.5826
129,4.3000,smoke_r0c2,384,0.7766,0.2889,0.9412,0.8828,0.9639,0.3576,0.3422
129,4.3000,smoke_r1c0,384,0.6514,0.2640,0.7884,0.7278,0.8214,0.4948,0.3516
129,4.3000,smoke_r1c1,384,0.8679,0.7155,0.9260,0.9021,0.9388,0.7471,0.7391
129,4.3000,smoke_r1c2,384,0.9370,0.4543,0.9806,0.9673,0.9892,0.6504,0.5319
129,4.3000,explosion_wreck,256,0.7780,0.0559,0.9531,0.9150,0.9833,0.1212,0.1016
129,4.3000,fire_wreck,192,0.8408,0.2770,0.9150,0.9266,0.9529,0.3012,0.3785
129,4.3000,fire_a,128,0.8966,0.2880,0.9832,0.9912,0.9996,0.3014,0.4307
129,4.3000,fire_b,128,0.8811,0.2430,0.9341,0.9814,0.9828,0.2701,0.3721
132,4.4000,smoke_r0c0,384,0.7071,0.2008,0.9011,0.8199,0.9242,0.3109,0.2607
132,4.4000,smoke_r0c1,384,0.8920,0.4951,0.9666,0.9376,0.9799,0.7108,0.5892
132,4.4000,smoke_r0c2,384,0.7888,0.2937,0.9330,0.8910,0.9550,0.3678,0.3524
132,4.4000,smoke_r1c0,384,0.6876,0.2817,0.8322,0.7648,0.8643,0.5096,0.3639
132,4.4000,smoke_r1c1,384,0.8762,0.7187,0.9387,0.9112,0.9520,0.7524,0.7449
132,4.4000,smoke_r1c2,384,0.9417,0.4717,0.9846,0.9744,0.9928,0.6525,0.5451
132,4.4000,explosion_wreck,256,0.7813,0.0293,0.9546,0.9160,0.9830,0.0930,0.0657
132,4.4000,fire_wreck,192,0.8404,0.2713,0.9149,0.9262,0.9519,0.2882,0.3663
132,4.4000,fire_a,128,0.8970,0.2953,0.9843,0.9912,1.0000,0.3055,0.4102
132,4.4000,fire_b,128,0.8812,0.2275,0.9340,0.9854,0.9814,0.2501,0.3525
135,4.5000,smoke_r0c0,384,0.7117,0.1955,0.9178,0.8311,0.9397,0.3506,0.2593
135,4.5000,smoke_r0c1,384,0.8893,0.5168,0.9583,0.9344,0.9725,0.7033,0.6127
135,4.5000,smoke_r0c2,384,0.8022,0.3100,0.9305,0.8963,0.9512,0.4134,0.3810
135,4.5000,smoke_r1c0,384,0.7217,0.2908,0.8641,0.7999,0.8970,0.5005,0.3767
135,4.5000,smoke_r1c1,384,0.8842,0.7196,0.9566,0.9191,0.9696,0.7634,0.7488
135,4.5000,smoke_r1c2,384,0.9492,0.4959,0.9866,0.9817,0.9928,0.6603,0.5676
135,4.5000,explosion_wreck,256,0.7923,0.0137,0.9574,0.9177,0.9837,0.0524,0.0376
135,4.5000,fire_wreck,192,0.8383,0.2729,0.9149,0.9301,0.9519,0.2859,0.3689
135,4.5000,fire_a,128,0.9030,0.3098,0.9847,0.9961,1.0000,0.3190,0.4395
135,4.5000,fire_b,128,0.8736,0.2190,0.9301,0.9805,0.9780,0.2335,0.3389
138,4.6000,smoke_r0c0,384,0.7211,0.1863,0.9286,0.8390,0.9477,0.3444,0.2501
138,4.6000,smoke_r0c1,384,0.8892,0.5135,0.9536,0.9337,0.9667,0.6966,0.6099
138,4.6000,smoke_r0c2,384,0.8113,0.3157,0.9327,0.9003,0.9509,0.4212,0.3816
138,4.6000,smoke_r1c0,384,0.7547,0.3043,0.8931,0.8317,0.9234,0.5354,0.4027
138,4.6000,smoke_r1c1,384,0.8911,0.7223,0.9626,0.9269,0.9728,0.7692,0.7550
138,4.6000,smoke_r1c2,384,0.9553,0.5040,0.9881,0.9833,0.9939,0.6698,0.5744
138,4.6000,explosion_wreck,256,0.8069,0.0074,0.9598,0.9263,0.9864,0.0194,0.0208
138,4.6000,fire_wreck,192,0.8367,0.2779,0.9160,0.9323,0.9537,0.2898,0.3663
138,4.6000,fire_a,128,0.8995,0.3106,0.9821,0.9912,1.0000,0.3217,0.4424
138,4.6000,fire_b,128,0.8733,0.2192,0.9292,0.9785,0.9779,0.2327,0.3408
141,4.7000,smoke_r0c0,384,0.7375,0.1901,0.9332,0.8547,0.9519,0.3925,0.2642
141,4.7000,smoke_r0c1,384,0.8899,0.5153,0.9499,0.9319,0.9646,0.7151,0.6182
141,4.7000,smoke_r0c2,384,0.8099,0.3144,0.9291,0.8965,0.9471,0.4480,0.3834
141,4.7000,smoke_r1c0,384,0.7788,0.3147,0.9162,0.8570,0.9423,0.5452,0.4070
141,4.7000,smoke_r1c1,384,0.8983,0.7256,0.9702,0.9300,0.9794,0.7880,0.7602
141,4.7000,smoke_r1c2,384,0.9587,0.5222,0.9869,0.9835,0.9930,0.6790,0.5938
141,4.7000,fire_wreck,192,0.8398,0.2840,0.9182,0.9371,0.9552,0.2989,0.3776
141,4.7000,fire_a,128,0.9026,0.3082,0.9814,0.9961,1.0000,0.3217,0.4492
141,4.7000,fire_b,128,0.8726,0.2278,0.9272,0.9814,0.9750,0.2355,0.3535
144,4.8000,smoke_r0c0,384,0.7506,0.1891,0.9373,0.8557,0.9556,0.3838,0.2643
144,4.8000,smoke_r0c1,384,0.8893,0.5129,0.9478,0.9273,0.9618,0.7178,0.6238
144,4.8000,smoke_r0c2,384,0.8213,0.3117,0.9450,0.9012,0.9672,0.4522,0.3763
144,4.8000,smoke_r1c0,384,0.8020,0.3247,0.9337,0.8739,0.9566,0.5457,0.4195
144,4.8000,smoke_r1c1,384,0.9033,0.7265,0.9758,0.9336,0.9837,0.7893,0.7598
144,4.8000,smoke_r1c2,384,0.9606,0.5364,0.9886,0.9850,0.9933,0.6998,0.6038
144,4.8000,fire_wreck,192,0.8421,0.2912,0.9222,0.9362,0.9578,0.3081,0.3867
144,4.8000,fire_a,128,0.9042,0.3105,0.9817,0.9941,1.0000,0.3229,0.4434
144,4.8000,fire_b,128,0.8668,0.2285,0.9260,0.9805,0.9742,0.2332,0.3545
147,4.9000,smoke_r0c0,384,0.7668,0.1921,0.9407,0.8657,0.9602,0.3916,0.2764
147,4.9000,smoke_r0c1,384,0.8835,0.5197,0.9335,0.9185,0.9475,0.7148,0.6296
147,4.9000,smoke_r0c2,384,0.8225,0.3226,0.9241,0.8900,0.9429,0.5152,0.4000
147,4.9000,smoke_r1c0,384,0.8191,0.3290,0.9474,0.8881,0.9681,0.5401,0.4218
147,4.9000,smoke_r1c1,384,0.9081,0.7322,0.9804,0.9403,0.9884,0.7980,0.7657
147,4.9000,smoke_r1c2,384,0.9637,0.5561,0.9904,0.9857,0.9946,0.7050,0.6254
147,4.9000,fire_wreck,192,0.8426,0.2926,0.9260,0.9379,0.9614,0.3065,0.3863
147,4.9000,fire_a,128,0.9016,0.3170,0.9817,0.9941,1.0000,0.3273,0.4424
147,4.9000,fire_b,128,0.8622,0.2255,0.9248,0.9756,0.9734,0.2278,0.3467
150,5.0000,smoke_r0c0,384,0.7750,0.1946,0.9478,0.8710,0.9683,0.3749,0.2788
150,5.0000,smoke_r0c1,384,0.8793,0.5132,0.9249,0.9142,0.9392,0.7022,0.6248
150,5.0000,smoke_r0c2,384,0.8324,0.3093,0.9533,0.8970,0.9778,0.5161,0.3902
150,5.0000,smoke_r1c0,384,0.8365,0.3378,0.9572,0.9031,0.9735,0.5439,0.4398
150,5.0000,smoke_r1c1,384,0.9153,0.7301,0.9867,0.9463,0.9917,0.7969,0.7664
150,5.0000,smoke_r1c2,384,0.9657,0.5770,0.9907,0.9868,0.9963,0.7445,0.6522
150,5.0000,fire_wreck,192,0.8481,0.2951,0.9353,0.9444,0.9678,0.3094,0.3876
150,5.0000,fire_a,128,0.8992,0.3170,0.9817,0.9971,1.0000,0.3266,0.4492
150,5.0000,fire_b,128,0.8563,0.2197,0.9249,0.9707,0.9715,0.2213,0.3428
153,5.1000,smoke_r0c0,384,0.7842,0.1939,0.9598,0.8826,0.9749,0.3706,0.2870
153,5.1000,smoke_r0c1,384,0.8860,0.5110,0.9234,0.9175,0.9385,0.6733,0.6157
153,5.1000,smoke_r0c2,384,0.8297,0.3033,0.9498,0.8990,0.9757,0.5179,0.3849
153,5.1000,smoke_r1c0,384,0.8549,0.3392,0.9624,0.9164,0.9763,0.5486,0.4498
153,5.1000,smoke_r1c1,384,0.9214,0.7287,0.9876,0.9549,0.9921,0.8102,0.7693
153,5.1000,smoke_r1c2,384,0.9663,0.5912,0.9914,0.9863,0.9970,0.7637,0.6675
153,5.1000,fire_wreck,192,0.8567,0.2966,0.9424,0.9540,0.9734,0.3093,0.3954
153,5.1000,fire_a,128,0.8948,0.3096,0.9810,0.9932,1.0000,0.3211,0.4326
153,5.1000,fire_b,128,0.8621,0.2203,0.9370,0.9775,0.9814,0.2271,0.3506
156,5.2000,smoke_r0c0,384,0.7901,0.1839,0.9642,0.8945,0.9775,0.3766,0.2802
156,5.2000,smoke_r0c1,384,0.8880,0.5183,0.9211,0.9162,0.9356,0.6648,0.6151
156,5.2000,smoke_r0c2,384,0.8268,0.3042,0.9586,0.8959,0.9843,0.5057,0.3890
156,5.2000,smoke_r1c0,384,0.8659,0.3418,0.9639,0.9255,0.9774,0.5378,0.4497
156,5.2000,smoke_r1c1,384,0.9282,0.7209,0.9886,0.9622,0.9933,0.8394,0.7651
156,5.2000,smoke_r1c2,384,0.9667,0.5979,0.9901,0.9878,0.9946,0.7718,0.6802
156,5.2000,fire_wreck,192,0.8596,0.3039,0.9478,0.9609,0.9765,0.3120,0.3971
156,5.2000,fire_a,128,0.8890,0.3079,0.9812,0.9932,1.0000,0.3333,0.4316
156,5.2000,fire_b,128,0.8660,0.2189,0.9406,0.9785,0.9826,0.2328,0.3613
159,5.3000,smoke_r0c0,384,0.7908,0.1795,0.9654,0.8905,0.9790,0.3867,0.2775
159,5.3000,smoke_r0c1,384,0.8848,0.5164,0.9145,0.9138,0.9293,0.6584,0.6094
159,5.3000,smoke_r0c2,384,0.8144,0.2995,0.9547,0.8869,0.9810,0.5391,0.3953
159,5.3000,smoke_r1c0,384,0.8760,0.3330,0.9637,0.9328,0.9759,0.5372,0.4424
159,5.3000,smoke_r1c1,384,0.9367,0.7152,0.9903,0.9707,0.9948,0.8367,0.7603
159,5.3000,smoke_r1c2,384,0.9697,0.5911,0.9885,0.9870,0.9939,0.7560,0.6618
159,5.3000,fire_wreck,192,0.8636,0.3055,0.9521,0.9592,0.9792,0.3140,0.4010
159,5.3000,fire_a,128,0.8832,0.2979,0.9816,0.9922,1.0000,0.3344,0.4268
159,5.3000,fire_b,128,0.8665,0.2106,0.9420,0.9844,0.9824,0.2266,0.3613
162,5.4000,smoke_r0c0,384,0.7979,0.1671,0.9659,0.8867,0.9800,0.4146,0.2604
162,5.4000,smoke_r0c1,384,0.8794,0.5061,0.9093,0.9105,0.9250,0.6748,0.6083
162,5.4000,smoke_r0c2,384,0.8103,0.3107,0.9382,0.8780,0.9649,0.5661,0.4210
162,5.4000,smoke_r1c0,384,0.8868,0.3329,0.9686,0.9447,0.9791,0.5467,0.4307
162,5.4000,smoke_r1c1,384,0.9438,0.7111,0.9913,0.9768,0.9953,0.8443,0.7577
162,5.4000,smoke_r1c2,384,0.9717,0.5864,0.9894,0.9872,0.9941,0.7549,0.6538
162,5.4000,fire_wreck,192,0.8604,0.2980,0.9565,0.9588,0.9829,0.3095,0.3919
162,5.4000,fire_a,128,0.8845,0.2992,0.9807,0.9932,1.0000,0.3425,0.4531
162,5.4000,fire_b,128,0.8703,0.2096,0.9453,0.9873,0.9854,0.2281,0.3447
165,5.5000,smoke_r0c0,384,0.8020,0.1482,0.9672,0.8873,0.9818,0.3959,0.2394
165,5.5000,smoke_r0c1,384,0.8720,0.4883,0.9054,0.9033,0.9213,0.6710,0.5905
165,5.5000,smoke_r0c2,384,0.8108,0.3070,0.9384,0.8758,0.9637,0.5479,0.4047
165,5.5000,smoke_r1c0,384,0.8961,0.3269,0.9720,0.9512,0.9810,0.5513,0.4253
165,5.5000,smoke_r1c1,384,0.9499,0.7025,0.9920,0.9780,0.9954,0.8072,0.7535
165,5.5000,smoke_r1c2,384,0.9739,0.5920,0.9923,0.9893,0.9959,0.7710,0.6548
165,5.5000,fire_wreck,192,0.8596,0.2879,0.9487,0.9575,0.9828,0.3033,0.3854
165,5.5000,fire_a,128,0.8840,0.3060,0.9819,0.9961,1.0000,0.3332,0.4404
165,5.5000,fire_b,128,0.8732,0.2155,0.9509,0.9863,0.9879,0.2336,0.3438
168,5.6000,smoke_r0c0,384,0.8075,0.1425,0.9674,0.8978,0.9827,0.4011,0.2323
168,5.6000,smoke_r0c1,384,0.8646,0.4815,0.9038,0.8984,0.9194,0.6364,0.5857
168,5.6000,smoke_r0c2,384,0.8091,0.3091,0.9596,0.8737,0.9915,0.5476,0.4012
168,5.6000,smoke_r1c0,384,0.9027,0.3212,0.9751,0.9546,0.9840,0.5324,0.4129
168,5.6000,smoke_r1c1,384,0.9562,0.6996,0.9930,0.9843,0.9968,0.7971,0.7530
168,5.6000,smoke_r1c2,384,0.9744,0.5865,0.9953,0.9890,0.9976,0.7718,0.6517
168,5.6000,fire_wreck,192,0.8614,0.2747,0.9507,0.9570,0.9843,0.2942,0.3741
168,5.6000,fire_a,128,0.8800,0.3051,0.9814,0.9941,1.0000,0.3146,0.4395
168,5.6000,fire_b,128,0.8740,0.2125,0.9550,0.9902,0.9900,0.2398,0.3379
171,5.7000,smoke_r0c0,384,0.8215,0.1562,0.9692,0.9113,0.9839,0.4116,0.2527
171,5.7000,smoke_r0c1,384,0.8621,0.4775,0.9039,0.8932,0.9199,0.6325,0.5825
171,5.7000,smoke_r0c2,384,0.8075,0.3102,0.9801,0.8743,0.9946,0.5269,0.3925
171,5.7000,smoke_r1c0,384,0.9129,0.3255,0.9781,0.9615,0.9859,0.5642,0.4159
171,5.7000,smoke_r1c1,384,0.9650,0.7075,0.9939,0.9881,0.9973,0.8089,0.7666
171,5.7000,smoke_r1c2,384,0.9726,0.5955,0.9979,0.9888,0.9997,0.7597,0.6593
171,5.7000,fire_wreck,192,0.8683,0.2776,0.9546,0.9596,0.9856,0.2985,0.3776
171,5.7000,fire_a,128,0.8749,0.3023,0.9800,0.9932,1.0000,0.3179,0.4170
171,5.7000,fire_b,128,0.8765,0.2193,0.9550,0.9902,0.9884,0.2387,0.3438
174,5.8000,smoke_r0c0,384,0.8452,0.1664,0.9696,0.9293,0.9836,0.4122,0.2538
174,5.8000,smoke_r0c1,384,0.8631,0.4820,0.9069,0.8972,0.9230,0.6454,0.5809
174,5.8000,smoke_r0c2,384,0.8052,0.3204,0.9789,0.8772,0.9940,0.5390,0.4125
174,5.8000,smoke_r1c0,384,0.9185,0.3296,0.9803,0.9661,0.9885,0.5847,0.4308
174,5.8000,smoke_r1c1,384,0.9714,0.7191,0.9940,0.9894,0.9969,0.8272,0.7835
174,5.8000,smoke_r1c2,384,0.9703,0.6001,0.9984,0.9899,1.0000,0.7820,0.6742
174,5.8000,fire_wreck,192,0.8728,0.2744,0.9554,0.9653,0.9874,0.2900,0.3663
174,5.8000,fire_a,128,0.8753,0.3029,0.9785,0.9922,1.0000,0.3126,0.4082
174,5.8000,fire_b,128,0.8822,0.2243,0.9549,0.9922,0.9871,0.2346,0.3311
177,5.9000,smoke_r0c0,384,0.8672,0.1734,0.9764,0.9465,0.9886,0.4582,0.2615
177,5.9000,smoke_r0c1,384,0.8669,0.4818,0.9099,0.9006,0.9254,0.6398,0.5704
177,5.9000,smoke_r0c2,384,0.7981,0.3217,0.9780,0.8662,0.9929,0.5138,0.4154
177,5.9000,smoke_r1c0,384,0.9254,0.3422,0.9839,0.9722,0.9907,0.6112,0.4416
177,5.9000,smoke_r1c1,384,0.9733,0.7157,0.9944,0.9906,0.9967,0.8283,0.7773
177,5.9000,smoke_r1c2,384,0.9698,0.5940,0.9975,0.9885,0.9999,0.7720,0.6707
177,5.9000,fire_wreck,192,0.8688,0.2674,0.9543,0.9609,0.9883,0.2786,0.3572
177,5.9000,fire_a,128,0.8723,0.2976,0.9758,0.9912,1.0000,0.3068,0.4053
177,5.9000,fire_b,128,0.8838,0.2291,0.9495,0.9883,0.9859,0.2380,0.3281
180,6.0000,smoke_r0c0,384,0.8704,0.1690,0.9788,0.9443,0.9894,0.4266,0.2594
180,6.0000,smoke_r0c1,384,0.8671,0.4802,0.9104,0.8966,0.9255,0.6232,0.5614
180,6.0000,smoke_r0c2,384,0.7920,0.3249,0.9777,0.8597,0.9924,0.5332,0.4116
180,6.0000,smoke_r1c0,384,0.9309,0.3581,0.9873,0.9768,0.9937,0.6562,0.4595
180,6.0000,smoke_r1c1,384,0.9755,0.7099,0.9946,0.9915,0.9967,0.8433,0.7730
180,6.0000,smoke_r1c2,384,0.9694,0.5892,0.9975,0.9891,0.9999,0.7701,0.6700
180,6.0000,fire_wreck,192,0.8679,0.2657,0.9509,0.9627,0.9884,0.2753,0.3394
180,6.0000,fire_a,128,0.8706,0.2870,0.9769,0.9912,1.0000,0.2990,0.3994
180,6.0000,fire_b,128,0.8818,0.2353,0.9482,0.9834,0.9842,0.2395,0.3398
183,6.1000,smoke_r0c0,384,0.8753,0.1685,0.9781,0.9444,0.9887,0.4401,0.2732
183,6.1000,smoke_r0c1,384,0.8687,0.4910,0.9114,0.8983,0.9280,0.6101,0.5751
183,6.1000,smoke_r0c2,384,0.7911,0.3343,0.9909,0.8559,0.9964,0.5733,0.4257
183,6.1000,smoke_r1c0,384,0.9398,0.3608,0.9922,0.9814,0.9972,0.6704,0.4663
183,6.1000,smoke_r1c1,384,0.9782,0.7019,0.9951,0.9921,0.9971,0.8372,0.7712
183,6.1000,smoke_r1c2,384,0.9698,0.5936,0.9975,0.9891,0.9999,0.7712,0.6746
183,6.1000,fire_wreck,192,0.8696,0.2656,0.9522,0.9618,0.9890,0.2758,0.3490
183,6.1000,fire_a,128,0.8729,0.2699,0.9731,0.9932,1.0000,0.2861,0.3867
183,6.1000,fire_b,128,0.8804,0.2447,0.9447,0.9766,0.9827,0.2544,0.3584
186,6.2000,smoke_r0c0,384,0.8705,0.1533,0.9775,0.9397,0.9877,0.4027,0.2521
186,6.2000,smoke_r0c1,384,0.8674,0.4940,0.9121,0.8997,0.9280,0.5988,0.5775
186,6.2000,smoke_r0c2,384,0.7938,0.3224,0.9907,0.8554,0.9965,0.5722,0.4133
186,6.2000,smoke_r1c0,384,0.9467,0.3543,0.9935,0.9833,0.9974,0.6753,0.4490
186,6.2000,smoke_r1c1,384,0.9801,0.6988,0.9963,0.9933,0.9981,0.8141,0.7579
186,6.2000,smoke_r1c2,384,0.9739,0.6010,0.9977,0.9908,0.9996,0.7742,0.6841
186,6.2000,fire_wreck,192,0.8733,0.2703,0.9548,0.9696,0.9900,0.2832,0.3581
186,6.2000,fire_a,128,0.8774,0.2515,0.9750,0.9932,1.0000,0.2762,0.3896
186,6.2000,fire_b,128,0.8799,0.2540,0.9435,0.9795,0.9819,0.2628,0.4043
189,6.3000,smoke_r0c0,384,0.8748,0.1518,0.9784,0.9422,0.9887,0.4046,0.2441
189,6.3000,smoke_r0c1,384,0.8701,0.4813,0.9126,0.9029,0.9288,0.5932,0.5686
189,6.3000,smoke_r0c2,384,0.7924,0.3083,0.9784,0.8483,0.9926,0.5705,0.3998
189,6.3000,smoke_r1c0,384,0.9487,0.3553,0.9920,0.9843,0.9969,0.6794,0.4437
189,6.3000,smoke_r1c1,384,0.9802,0.6976,0.9998,0.9956,1.0000,0.7960,0.7527
189,6.3000,smoke_r1c2,384,0.9774,0.5942,0.9969,0.9913,0.9991,0.7568,0.6681
189,6.3000,fire_wreck,192,0.8758,0.2644,0.9583,0.9688,0.9917,0.2787,0.3555
189,6.3000,fire_a,128,0.8754,0.2347,0.9742,0.9961,1.0000,0.2589,0.3623
189,6.3000,fire_b,128,0.8769,0.2546,0.9419,0.9814,0.9811,0.2618,0.4160
192,6.4000,smoke_r0c0,384,0.8731,0.1476,0.9795,0.9403,0.9899,0.3715,0.2384
192,6.4000,smoke_r0c1,384,0.8695,0.4784,0.9130,0.9070,0.9297,0.5739,0.5617
192,6.4000,smoke_r0c2,384,0.7911,0.2960,0.9775,0.8482,0.9922,0.5580,0.3913
192,6.4000,smoke_r1c0,384,0.9506,0.3643,0.9905,0.9850,0.9964,0.7107,0.4513
192,6.4000,smoke_r1c1,384,0.9786,0.6841,0.9997,0.9950,1.0000,0.7768,0.7406
192,6.4000,smoke_r1c2,384,0.9794,0.5929,0.9958,0.9914,0.9988,0.7650,0.6769
192,6.4000,fire_wreck,192,0.8810,0.2561,0.9617,0.9696,0.9935,0.2693,0.3472
192,6.4000,fire_a,128,0.8749,0.2256,0.9751,0.9961,1.0000,0.2495,0.3594
192,6.4000,fire_b,128,0.8774,0.2649,0.9406,0.9775,0.9802,0.2745,0.4248
195,6.5000,smoke_r0c0,384,0.8721,0.1329,0.9793,0.9386,0.9884,0.3544,0.2263
195,6.5000,smoke_r0c1,384,0.8701,0.4886,0.9170,0.9082,0.9331,0.6011,0.5791
195,6.5000,smoke_r0c2,384,0.7955,0.2900,0.9764,0.8547,0.9919,0.5632,0.3989
195,6.5000,smoke_r1c0,384,0.9502,0.3678,0.9897,0.9855,0.9958,0.7078,0.4605
195,6.5000,smoke_r1c1,384,0.9758,0.6902,0.9998,0.9949,1.0000,0.7615,0.7462
195,6.5000,smoke_r1c2,384,0.9794,0.6028,0.9964,0.9923,0.9990,0.7823,0.6918
195,6.5000,fire_wreck,192,0.8856,0.2550,0.9657,0.9701,0.9943,0.2668,0.3429
195,6.5000,fire_a,128,0.8781,0.2159,0.9766,0.9961,1.0000,0.2410,0.3574
195,6.5000,fire_b,128,0.8760,0.2761,0.9405,0.9736,0.9795,0.2819,0.4209
198,6.6000,smoke_r0c0,384,0.8679,0.1183,0.9771,0.9302,0.9861,0.3182,0.2023
198,6.6000,smoke_r0c1,384,0.8718,0.4915,0.9173,0.9100,0.9333,0.5945,0.5838
198,6.6000,smoke_r0c2,384,0.7907,0.2822,0.9764,0.8506,0.9916,0.5983,0.3954
198,6.6000,smoke_r1c0,384,0.9513,0.3694,0.9898,0.9867,0.9953,0.7243,0.4613
198,6.6000,smoke_r1c1,384,0.9753,0.6851,0.9997,0.9936,1.0000,0.7468,0.7469
198,6.6000,smoke_r1c2,384,0.9799,0.5919,0.9964,0.9923,0.9992,0.7847,0.6772
198,6.6000,fire_wreck,192,0.8846,0.2540,0.9691,0.9714,0.9953,0.2636,0.3429
198,6.6000,fire_a,128,0.8798,0.2217,0.9758,0.9961,1.0000,0.2425,0.3584
198,6.6000,fire_b,128,0.8782,0.2802,0.9421,0.9688,0.9796,0.2839,0.4111
201,6.7000,smoke_r0c0,384,0.8602,0.1131,0.9753,0.9173,0.9839,0.2878,0.1902
201,6.7000,smoke_r0c1,384,0.8727,0.4863,0.9168,0.9085,0.9329,0.5877,0.5749
201,6.7000,smoke_r0c2,384,0.7935,0.2878,0.9761,0.8549,0.9912,0.5949,0.3928
201,6.7000,smoke_r1c0,384,0.9530,0.3542,0.9886,0.9877,0.9940,0.7146,0.4403
201,6.7000,smoke_r1c1,384,0.9755,0.6944,0.9998,0.9941,1.0000,0.7545,0.7507
201,6.7000,smoke_r1c2,384,0.9803,0.5830,0.9968,0.9922,0.9994,0.7912,0.6634
201,6.7000,fire_wreck,192,0.8864,0.2615,0.9717,0.9753,0.9965,0.2744,0.3611
201,6.7000,fire_a,128,0.8869,0.2209,0.9775,0.9961,1.0000,0.2320,0.3496
201,6.7000,fire_b,128,0.8788,0.2774,0.9441,0.9678,0.9808,0.2836,0.4111
204,6.8000,smoke_r0c0,384,0.8609,0.1219,0.9733,0.9144,0.9824,0.3042,0.2026
204,6.8000,smoke_r0c1,384,0.8731,0.4798,0.9155,0.9099,0.9314,0.5943,0.5651
204,6.8000,smoke_r0c2,384,0.7937,0.2890,0.9768,0.8518,0.9915,0.6008,0.4029
204,6.8000,smoke_r1c0,384,0.9552,0.3527,0.9884,0.9875,0.9928,0.6997,0.4352
204,6.8000,smoke_r1c1,384,0.9759,0.6994,0.9998,0.9948,1.0000,0.7696,0.7636
204,6.8000,smoke_r1c2,384,0.9802,0.5696,0.9973,0.9920,0.9998,0.8188,0.6560
204,6.8000,fire_wreck,192,0.8844,0.2637,0.9710,0.9718,0.9969,0.2726,0.3572
204,6.8000,fire_a,128,0.8871,0.2169,0.9761,0.9951,1.0000,0.2280,0.3398
204,6.8000,fire_b,128,0.8818,0.2758,0.9445,0.9717,0.9834,0.2846,0.4121
207,6.9000,smoke_r0c0,384,0.8637,0.1287,0.9742,0.9198,0.9880,0.3425,0.2077
207,6.9000,smoke_r0c1,384,0.8741,0.4762,0.9131,0.9129,0.9298,0.5841,0.5616
207,6.9000,smoke_r0c2,384,0.7963,0.2862,0.9899,0.8548,0.9959,0.5608,0.3971
207,6.9000,smoke_r1c0,384,0.9579,0.3599,0.9882,0.9896,0.9929,0.6939,0.4393
207,6.9000,smoke_r1c1,384,0.9774,0.7012,0.9996,0.9952,1.0000,0.7663,0.7625
207,6.9000,smoke_r1c2,384,0.9795,0.5581,0.9976,0.9918,0.9999,0.8201,0.6481
207,6.9000,fire_wreck,192,0.8860,0.2662,0.9724,0.9718,0.9969,0.2745,0.3589
207,6.9000,fire_a,128,0.8873,0.2133,0.9766,0.9932,1.0000,0.2245,0.3281
207,6.9000,fire_b,128,0.8841,0.2799,0.9453,0.9727,0.9868,0.2924,0.4238
210,7.0000,smoke_r0c0,384,0.8668,0.1233,0.9759,0.9205,0.9886,0.3277,0.1947
210,7.0000,smoke_r0c1,384,0.8755,0.4639,0.9124,0.9148,0.9291,0.5709,0.5496
210,7.0000,smoke_r0c2,384,0.7975,0.2840,0.9868,0.8593,0.9955,0.5319,0.3873
210,7.0000,smoke_r1c0,384,0.9594,0.3706,0.9878,0.9925,0.9935,0.7017,0.4581
210,7.0000,smoke_r1c1,384,0.9797,0.7135,0.9994,0.9964,1.0000,0.7691,0.7733
210,7.0000,smoke_r1c2,384,0.9774,0.5447,0.9977,0.9914,0.9998,0.8230,0.6351
210,7.0000,fire_wreck,192,0.8893,0.2797,0.9725,0.9727,0.9956,0.2883,0.3668
210,7.0000,fire_a,128,0.8854,0.2117,0.9756,0.9932,1.0000,0.2243,0.3301
210,7.0000,fire_b,128,0.8798,0.2810,0.9490,0.9746,0.9906,0.2952,0.4297
213,7.1000,smoke_r0c0,384,0.8678,0.1292,0.9764,0.9247,0.9893,0.3320,0.2077
213,7.1000,smoke_r0c1,384,0.8790,0.4654,0.9121,0.9120,0.9285,0.5658,0.5520
213,7.1000,smoke_r0c2,384,0.8020,0.2773,0.9816,0.8631,0.9939,0.5439,0.3806
213,7.1000,smoke_r1c0,384,0.9598,0.3935,0.9879,0.9928,0.9939,0.6996,0.4862
213,7.1000,smoke_r1c1,384,0.9796,0.7138,0.9993,0.9970,1.0000,0.7810,0.7734
213,7.1000,smoke_r1c2,384,0.9771,0.5152,0.9972,0.9913,0.9996,0.8224,0.6047
213,7.1000,fire_wreck,192,0.8925,0.2837,0.9731,0.9727,0.9957,0.2939,0.3689
213,7.1000,fire_a,128,0.8867,0.2206,0.9758,0.9922,1.0000,0.2308,0.3330
213,7.1000,fire_b,128,0.8820,0.2923,0.9499,0.9727,0.9938,0.3154,0.4424
216,7.2000,smoke_r0c0,384,0.8713,0.1407,0.9767,0.9293,0.9904,0.3219,0.2260
216,7.2000,smoke_r0c1,384,0.8832,0.4660,0.9111,0.9156,0.9276,0.5537,0.5492
216,7.2000,smoke_r0c2,384,0.8048,0.2884,0.9745,0.8615,0.9904,0.5559,0.3981
216,7.2000,smoke_r1c0,384,0.9623,0.4040,0.9893,0.9928,0.9946,0.7159,0.4989
216,7.2000,smoke_r1c1,384,0.9799,0.7156,0.9994,0.9953,1.0000,0.7861,0.7788
216,7.2000,smoke_r1c2,384,0.9777,0.4894,0.9969,0.9908,0.9994,0.8465,0.5819
216,7.2000,fire_wreck,192,0.8921,0.2907,0.9717,0.9722,0.9951,0.2991,0.3646
216,7.2000,fire_a,128,0.8888,0.2217,0.9753,0.9912,1.0000,0.2290,0.3467
216,7.2000,fire_b,128,0.8826,0.3013,0.9492,0.9678,0.9947,0.3099,0.4600
219,7.3000,smoke_r0c0,384,0.8653,0.1523,0.9770,0.9247,0.9913,0.3145,0.2394
219,7.3000,smoke_r0c1,384,0.8874,0.4612,0.9129,0.9173,0.9290,0.5488,0.5420
219,7.3000,smoke_r0c2,384,0.8026,0.2766,0.9633,0.8562,0.9869,0.5148,0.3832
219,7.3000,smoke_r1c0,384,0.9639,0.4182,0.9894,0.9936,0.9947,0.7268,0.5128
219,7.3000,smoke_r1c1,384,0.9810,0.7185,0.9996,0.9951,1.0000,0.7916,0.7840
219,7.3000,smoke_r1c2,384,0.9773,0.4702,0.9962,0.9903,0.9989,0.8243,0.5575
219,7.3000,fire_wreck,192,0.8952,0.2987,0.9720,0.9766,0.9954,0.3068,0.3741
219,7.3000,fire_a,128,0.8921,0.2227,0.9781,0.9922,1.0000,0.2330,0.3467
219,7.3000,fire_b,128,0.8806,0.3109,0.9472,0.9668,0.9922,0.3158,0.4561
222,7.4000,smoke_r0c0,384,0.8665,0.1499,0.9800,0.9282,0.9926,0.3417,0.2375
222,7.4000,smoke_r0c1,384,0.8918,0.4562,0.9158,0.9172,0.9306,0.5607,0.5445
222,7.4000,smoke_r0c2,384,0.8146,0.2765,0.9458,0.8666,0.9708,0.5328,0.3752
222,7.4000,smoke_r1c0,384,0.9655,0.4133,0.9897,0.9949,0.9952,0.7259,0.5047
222,7.4000,smoke_r1c1,384,0.9833,0.7194,0.9998,0.9959,1.0000,0.8263,0.7894
222,7.4000,smoke_r1c2,384,0.9791,0.4425,0.9967,0.9900,0.9984,0.8255,0.5297
222,7.4000,fire_wreck,192,0.8913,0.3133,0.9718,0.9748,0.9956,0.3194,0.4002
222,7.4000,fire_a,128,0.8989,0.2221,0.9785,0.9922,1.0000,0.2300,0.3418
222,7.4000,fire_b,128,0.8768,0.3011,0.9404,0.9648,0.9867,0.3333,0.4590
225,7.5000,smoke_r0c0,384,0.8648,0.1445,0.9810,0.9214,0.9920,0.3254,0.2292
225,7.5000,smoke_r0c1,384,0.8918,0.4620,0.9175,0.9141,0.9315,0.5780,0.5636
225,7.5000,smoke_r0c2,384,0.8164,0.2859,0.9642,0.8596,0.9883,0.6128,0.3965
225,7.5000,smoke_r1c0,384,0.9687,0.4102,0.9910,0.9956,0.9973,0.7168,0.5028
225,7.5000,smoke_r1c1,384,0.9857,0.7152,0.9999,0.9974,1.0000,0.8036,0.7905
225,7.5000,smoke_r1c2,384,0.9802,0.4152,0.9966,0.9914,0.9987,0.8231,0.5008
225,7.5000,fire_wreck,192,0.8938,0.3127,0.9707,0.9753,0.9945,0.3268,0.4097
225,7.5000,fire_a,128,0.9006,0.2231,0.9796,0.9912,1.0000,0.2333,0.3418
225,7.5000,fire_b,128,0.8782,0.3063,0.9618,0.9756,0.9982,0.3394,0.4414
228,7.6000,smoke_r0c0,384,0.8638,0.1460,0.9791,0.9201,0.9894,0.3527,0.2331
228,7.6000,smoke_r0c1,384,0.8892,0.4680,0.9194,0.9117,0.9319,0.6032,0.5800
228,7.6000,smoke_r0c2,384,0.8175,0.2878,0.9638,0.8570,0.9868,0.6484,0.4045
228,7.6000,smoke_r1c0,384,0.9695,0.4138,0.9909,0.9957,0.9975,0.6802,0.4949
228,7.6000,smoke_r1c1,384,0.9871,0.7171,0.9996,0.9983,1.0000,0.8055,0.7885
228,7.6000,smoke_r1c2,384,0.9805,0.3953,0.9969,0.9929,0.9992,0.8244,0.4778
228,7.6000,fire_wreck,192,0.8950,0.3218,0.9655,0.9679,0.9917,0.3364,0.4171
228,7.6000,fire_a,128,0.9050,0.2333,0.9813,0.9932,1.0000,0.2470,0.3672
228,7.6000,fire_b,128,0.8758,0.3013,0.9573,0.9736,0.9984,0.3331,0.4502
231,7.7000,smoke_r0c0,384,0.8611,0.1465,0.9781,0.9184,0.9885,0.3608,0.2345
231,7.7000,smoke_r0c1,384,0.8850,0.4661,0.9191,0.9052,0.9320,0.5906,0.5685
231,7.7000,smoke_r0c2,384,0.8156,0.2748,0.9635,0.8579,0.9873,0.5985,0.3826
231,7.7000,smoke_r1c0,384,0.9683,0.4153,0.9907,0.9933,0.9975,0.6711,0.4954
231,7.7000,smoke_r1c1,384,0.9871,0.7237,0.9994,0.9976,1.0000,0.8239,0.7909
231,7.7000,smoke_r1c2,384,0.9812,0.3950,0.9974,0.9952,0.9996,0.7931,0.4826
231,7.7000,fire_wreck,192,0.8914,0.3232,0.9643,0.9631,0.9896,0.3432,0.4171
231,7.7000,fire_a,128,0.9046,0.2357,0.9817,0.9932,1.0000,0.2490,0.3652
231,7.7000,fire_b,128,0.8724,0.3055,0.9547,0.9746,0.9983,0.3502,0.4678
234,7.8000,smoke_r0c0,384,0.8738,0.1561,0.9775,0.9341,0.9883,0.3807,0.2534
234,7.8000,smoke_r0c1,384,0.8817,0.4643,0.9195,0.9033,0.9313,0.5997,0.5716
234,7.8000,smoke_r0c2,384,0.8211,0.2799,0.9767,0.8673,0.9916,0.6006,0.3914
234,7.8000,smoke_r1c0,384,0.9660,0.4218,0.9906,0.9936,0.9980,0.6977,0.5034
234,7.8000,smoke_r1c1,384,0.9860,0.7305,0.9993,0.9982,1.0000,0.8154,0.7982
234,7.8000,smoke_r1c2,384,0.9814,0.3930,0.9977,0.9972,0.9996,0.7931,0.4786
234,7.8000,fire_wreck,192,0.8879,0.3288,0.9637,0.9631,0.9897,0.3607,0.4349
234,7.8000,fire_a,128,0.9068,0.2404,0.9833,0.9912,1.0000,0.2517,0.3691
234,7.8000,fire_b,128,0.8720,0.2932,0.9560,0.9785,0.9977,0.3256,0.4365
237,7.9000,smoke_r0c0,384,0.8819,0.1656,0.9768,0.9408,0.9879,0.3830,0.2716
237,7.9000,smoke_r0c1,384,0.8824,0.4605,0.9179,0.9087,0.9300,0.6076,0.5828
237,7.9000,smoke_r0c2,384,0.8144,0.2790,0.9767,0.8614,0.9910,0.5984,0.4109
237,7.9000,smoke_r1c0,384,0.9637,0.4308,0.9906,0.9914,0.9975,0.6971,0.5153
237,7.9000,smoke_r1c1,384,0.9846,0.7318,0.9991,0.9979,1.0000,0.8181,0.7961
237,7.9000,smoke_r1c2,384,0.9818,0.3998,0.9976,0.9980,0.9993,0.7781,0.4924
237,7.9000,fire_wreck,192,0.8854,0.3269,0.9659,0.9622,0.9903,0.3560,0.4258
237,7.9000,fire_a,128,0.9118,0.2515,0.9838,0.9902,1.0000,0.2606,0.3682
237,7.9000,fire_b,128,0.8672,0.2921,0.9514,0.9775,0.9932,0.3291,0.4297
240,8.0000,smoke_r0c0,384,0.8897,0.1710,0.9830,0.9447,0.9931,0.3746,0.2767
240,8.0000,smoke_r0c1,384,0.8814,0.4591,0.9124,0.9070,0.9263,0.6101,0.5846
240,8.0000,smoke_r0c2,384,0.8066,0.2892,0.9765,0.8523,0.9905,0.6254,0.4238
240,8.0000,smoke_r1c0,384,0.9617,0.4321,0.9895,0.9908,0.9969,0.6881,0.5153
240,8.0000,smoke_r1c1,384,0.9875,0.7327,0.9993,0.9983,1.0000,0.8336,0.8000
240,8.0000,smoke_r1c2,384,0.9814,0.4078,0.9977,0.9983,0.9996,0.7488,0.5079
240,8.0000,fire_wreck,192,0.8869,0.3260,0.9673,0.9635,0.9934,0.3491,0.4214
240,8.0000,fire_a,128,0.9131,0.2579,0.9834,0.9902,1.0000,0.2639,0.3740
240,8.0000,fire_b,128,0.8672,0.2969,0.9450,0.9717,0.9891,0.3364,0.4336
243,8.1000,smoke_r0c0,384,0.8952,0.1745,0.9831,0.9456,0.9934,0.4140,0.2735
243,8.1000,smoke_r0c1,384,0.8845,0.4555,0.9084,0.9074,0.9210,0.5931,0.5660
243,8.1000,smoke_r0c2,384,0.8067,0.3048,0.9640,0.8492,0.9863,0.6059,0.4435
243,8.1000,smoke_r1c0,384,0.9628,0.4265,0.9889,0.9897,0.9957,0.6688,0.5084
243,8.1000,smoke_r1c1,384,0.9886,0.7263,0.9996,0.9988,1.0000,0.8523,0.8056
243,8.1000,smoke_r1c2,384,0.9826,0.4038,0.9980,0.9988,0.9995,0.7097,0.5044
243,8.1000,fire_wreck,192,0.8870,0.3157,0.9661,0.9648,0.9934,0.3353,0.4067
243,8.1000,fire_a,128,0.9141,0.2694,0.9831,0.9883,1.0000,0.2739,0.3740
243,8.1000,fire_b,128,0.8624,0.2948,0.9672,0.9746,0.9957,0.3358,0.4482
246,8.2000,smoke_r0c0,384,0.8981,0.1710,0.9836,0.9439,0.9939,0.4327,0.2671
246,8.2000,smoke_r0c1,384,0.8835,0.4535,0.9067,0.9053,0.9196,0.5658,0.5567
246,8.2000,smoke_r0c2,384,0.7959,0.3098,0.9273,0.8376,0.9421,0.5829,0.4404
246,8.2000,smoke_r1c0,384,0.9675,0.4288,0.9911,0.9907,0.9969,0.6824,0.5098
246,8.2000,smoke_r1c1,384,0.9882,0.7254,0.9996,0.9977,1.0000,0.8692,0.8161
246,8.2000,smoke_r1c2,384,0.9844,0.3947,0.9985,0.9986,1.0000,0.6838,0.4951
246,8.2000,fire_wreck,192,0.8829,0.3136,0.9639,0.9670,0.9934,0.3346,0.4084
246,8.2000,fire_a,128,0.9127,0.2733,0.9820,0.9883,1.0000,0.2804,0.3770
246,8.2000,fire_b,128,0.8582,0.2891,0.9633,0.9727,0.9948,0.3318,0.4482
249,8.3000,smoke_r0c0,384,0.8947,0.1761,0.9834,0.9399,0.9933,0.4518,0.2779
249,8.3000,smoke_r0c1,384,0.8806,0.4636,0.9028,0.9006,0.9167,0.5643,0.5642
249,8.3000,smoke_r0c2,384,0.7935,0.2982,0.9263,0.8373,0.9429,0.5887,0.4332
249,8.3000,smoke_r1c0,384,0.9721,0.4264,0.9944,0.9929,0.9983,0.7053,0.5132
249,8.3000,smoke_r1c1,384,0.9867,0.7175,0.9991,0.9972,0.9999,0.8693,0.8138
249,8.3000,smoke_r1c2,384,0.9837,0.3912,0.9977,0.9995,0.9999,0.6742,0.4984
249,8.3000,fire_wreck,192,0.8820,0.3166,0.9590,0.9679,0.9902,0.3388,0.4171
249,8.3000,fire_a,128,0.9158,0.2840,0.9816,0.9873,1.0000,0.2880,0.3936
249,8.3000,fire_b,128,0.8520,0.2834,0.9576,0.9766,0.9933,0.3283,0.4541
252,8.4000,smoke_r0c0,384,0.8857,0.1762,0.9808,0.9347,0.9919,0.4607,0.2781
252,8.4000,smoke_r0c1,384,0.8778,0.4609,0.9006,0.9036,0.9161,0.5563,0.5596
252,8.4000,smoke_r0c2,384,0.7994,0.2918,0.9193,0.8433,0.9442,0.5609,0.4178
252,8.4000,smoke_r1c0,384,0.9737,0.4238,0.9962,0.9931,0.9989,0.6990,0.5123
252,8.4000,smoke_r1c1,384,0.9864,0.7153,0.9985,0.9971,0.9995,0.8630,0.8045
252,8.4000,smoke_r1c2,384,0.9833,0.3909,0.9965,0.9990,0.9996,0.6798,0.5001
252,8.4000,fire_wreck,192,0.8842,0.3234,0.9573,0.9696,0.9912,0.3427,0.4258
252,8.4000,fire_a,128,0.9136,0.2919,0.9812,0.9883,1.0000,0.2958,0.4082
252,8.4000,fire_b,128,0.8510,0.2772,0.9521,0.9834,0.9922,0.3054,0.4277
255,8.5000,smoke_r0c0,384,0.8790,0.1657,0.9773,0.9311,0.9897,0.4637,0.2679
255,8.5000,smoke_r0c1,384,0.8750,0.4580,0.9002,0.9031,0.9160,0.5660,0.5570
255,8.5000,smoke_r0c2,384,0.7922,0.2802,0.9288,0.8372,0.9449,0.5408,0.4124
255,8.5000,smoke_r1c0,384,0.9728,0.4297,0.9973,0.9919,0.9993,0.7036,0.5176
255,8.5000,smoke_r1c1,384,0.9846,0.7113,0.9981,0.9948,0.9994,0.8683,0.7965
255,8.5000,smoke_r1c2,384,0.9823,0.3924,0.9960,0.9984,0.9990,0.6897,0.5052
255,8.5000,fire_wreck,192,0.8790,0.3193,0.9543,0.9696,0.9900,0.3441,0.4245
255,8.5000,fire_a,128,0.9105,0.2994,0.9811,0.9883,1.0000,0.3049,0.4189
255,8.5000,fire_b,128,0.8586,0.2769,0.9514,0.9834,0.9926,0.2943,0.4111
258,8.6000,smoke_r0c0,384,0.8731,0.1611,0.9733,0.9274,0.9862,0.4529,0.2650
258,8.6000,smoke_r0c1,384,0.8726,0.4581,0.8998,0.9035,0.9139,0.5728,0.5548
258,8.6000,smoke_r0c2,384,0.7839,0.2653,0.9387,0.8331,0.9542,0.5418,0.3937
258,8.6000,smoke_r1c0,384,0.9715,0.4383,0.9975,0.9908,0.9995,0.7125,0.5335
258,8.6000,smoke_r1c1,384,0.9843,0.6898,0.9985,0.9946,0.9998,0.8744,0.7854
258,8.6000,smoke_r1c2,384,0.9820,0.3918,0.9950,0.9970,0.9984,0.6808,0.4962
258,8.6000,fire_wreck,192,0.8739,0.3168,0.9501,0.9705,0.9884,0.3388,0.4210
258,8.6000,fire_a,128,0.9111,0.3066,0.9816,0.9863,1.0000,0.3143,0.4307
258,8.6000,fire_b,128,0.8550,0.2585,0.9462,0.9824,0.9908,0.2864,0.4092
261,8.7000,smoke_r0c0,384,0.8693,0.1647,0.9716,0.9230,0.9840,0.4467,0.2745
261,8.7000,smoke_r0c1,384,0.8680,0.4589,0.8987,0.8994,0.9133,0.5810,0.5511
261,8.7000,smoke_r0c2,384,0.7796,0.2549,0.9356,0.8288,0.9546,0.5257,0.3796
261,8.7000,smoke_r1c0,384,0.9707,0.4545,0.9980,0.9910,0.9997,0.7216,0.5521
261,8.7000,smoke_r1c1,384,0.9842,0.6828,0.9988,0.9948,1.0000,0.8430,0.7725
261,8.7000,smoke_r1c2,384,0.9828,0.3830,0.9948,0.9963,0.9979,0.6961,0.4975
261,8.7000,fire_wreck,192,0.8704,0.3077,0.9472,0.9705,0.9868,0.3364,0.4119
261,8.7000,fire_a,128,0.9140,0.3122,0.9806,0.9893,0.9992,0.3212,0.4404
261,8.7000,fire_b,128,0.8497,0.2512,0.9392,0.9824,0.9888,0.2906,0.4189
264,8.8000,smoke_r0c0,384,0.8647,0.1727,0.9717,0.9159,0.9837,0.4372,0.2819
264,8.8000,smoke_r0c1,384,0.8643,0.4586,0.8986,0.8944,0.9130,0.5697,0.5343
264,8.8000,smoke_r0c2,384,0.7828,0.2599,0.9506,0.8381,0.9659,0.5652,0.3781
264,8.8000,smoke_r1c0,384,0.9715,0.4523,0.9985,0.9918,1.0000,0.7243,0.5438
264,8.8000,smoke_r1c1,384,0.9836,0.6668,0.9986,0.9951,1.0000,0.8123,0.7566
264,8.8000,smoke_r1c2,384,0.9836,0.3795,0.9946,0.9965,0.9977,0.6933,0.4827
264,8.8000,fire_wreck,192,0.8659,0.3032,0.9440,0.9670,0.9848,0.3309,0.3954
264,8.8000,fire_a,128,0.9180,0.3148,0.9810,0.9902,0.9992,0.3242,0.4434
264,8.8000,fire_b,128,0.8517,0.2516,0.9394,0.9844,0.9857,0.2760,0.4092
267,8.9000,smoke_r0c0,384,0.8655,0.1700,0.9735,0.9143,0.9846,0.4240,0.2772
267,8.9000,smoke_r0c1,384,0.8625,0.4655,0.8995,0.8921,0.9145,0.5549,0.5355
267,8.9000,smoke_r0c2,384,0.7845,0.2625,0.9514,0.8408,0.9670,0.5597,0.3739
267,8.9000,smoke_r1c0,384,0.9731,0.4409,0.9986,0.9919,1.0000,0.7079,0.5209
267,8.9000,smoke_r1c1,384,0.9843,0.6704,0.9990,0.9951,1.0000,0.8251,0.7617
267,8.9000,smoke_r1c2,384,0.9850,0.3714,0.9944,0.9961,0.9974,0.7104,0.4778
267,8.9000,fire_wreck,192,0.8625,0.2916,0.9438,0.9653,0.9852,0.3305,0.3906
267,8.9000,fire_a,128,0.9161,0.3162,0.9815,0.9873,0.9988,0.3262,0.4453
267,8.9000,fire_b,128,0.8507,0.2473,0.9380,0.9922,0.9861,0.2764,0.4062
