effect,size,start,isa,frame,not_zero,step_ms_skip,step_ms_full,render_ms_skip,render_ms_full
explosion,384,1,baseline,0,0.2405,1.5627,2.2579,1.5648,4.7157
explosion,384,1,baseline,1,0.2971,1.6426,2.2315,1.7552,4.6435
explosion,384,1,baseline,2,0.3580,1.5522,2.1299,2.0905,4.6698
explosion,384,1,baseline,3,0.4166,1.6163,2.0859,2.2657,4.6172
explosion,384,1,baseline,4,0.4739,1.7168,2.1141,2.5426,4.6150
explosion,384,1,baseline,5,0.5299,1.7064,2.0991,2.7728,4.6513
explosion,384,1,baseline,6,0.5822,1.7901,2.0901,2.9822,4.6052
explosion,384,1,baseline,7,0.6296,1.8399,2.0807,3.2039,4.5977
explosion,384,1,baseline,8,0.6734,1.8841,2.0972,3.3650,4.6652
explosion,384,1,baseline,9,0.7138,1.9300,2.0656,3.5071,4.6689
explosion,384,1,baseline,10,0.7482,2.0434,2.2090,3.6880,4.5937
explosion,384,1,baseline,11,0.7753,1.9968,2.1153,3.7952,4.6333
explosion,384,1,baseline,12,0.7997,2.0577,2.1271,3.8725,4.6303
explosion,384,1,baseline,13,0.8226,2.0564,2.1451,3.9754,4.6769
explosion,384,1,baseline,14,0.8426,2.0845,2.1283,4.0533,4.6866
explosion,384,1,baseline,15,0.8599,2.1299,2.1665,4.1312,4.6656
explosion,384,1,baseline,16,0.8749,2.1486,2.1322,4.2300,4.6875
explosion,384,1,baseline,17,0.8854,2.1611,2.1249,4.2655,4.6496
explosion,384,1,baseline,18,0.8940,2.1489,2.1889,4.3030,4.6402
explosion,384,1,baseline,19,0.8972,2.2012,2.2146,4.3635,4.6413
explosion,384,1,baseline,20,0.8993,2.2410,2.2361,4.4402,4.7867
explosion,384,1,baseline,21,0.8976,2.1568,2.1295,4.4361,4.6093
explosion,384,1,baseline,22,0.8930,2.2090,2.1310,4.3940,4.6325
explosion,384,1,baseline,23,0.8875,2.1658,2.1536,4.4115,4.6154
explosion,384,1,baseline,24,0.8777,2.1215,2.1752,4.3816,4.6235
explosion,384,1,baseline,25,0.8664,2.1415,2.1647,4.3233,4.6057
explosion,384,1,baseline,26,0.8541,2.1713,2.1974,4.3142,4.6161
explosion,384,1,baseline,27,0.8408,2.1273,2.1244,4.2888,4.5882
explosion,384,1,baseline,28,0.8267,2.1293,2.1398,4.2289,4.6243
explosion,384,1,baseline,29,0.8134,2.1196,2.1224,4.2288,4.6203
explosion,384,1,baseline,30,0.8008,2.1430,2.1113,4.2285,4.6585
explosion,384,1,baseline,31,0.7885,2.2392,2.1841,4.1296,4.6615
explosion,384,1,baseline,32,0.7775,2.1483,2.1240,4.1200,4.6750
explosion,384,1,baseline,33,0.7667,2.1609,2.1320,4.0416,4.7237
explosion,384,1,baseline,34,0.7554,2.0849,2.2202,4.0021,4.6714
explosion,384,1,baseline,35,0.7444,2.1471,2.0962,3.9844,4.6687
explosion,384,1,baseline,36,0.7336,2.1793,2.2044,3.9571,4.6544
explosion,384,1,baseline,37,0.7237,2.1310,2.1467,3.8926,4.6498
explosion,384,1,baseline,38,0.7140,2.1314,2.1368,3.8740,4.6392
explosion,384,1,baseline,39,0.7048,2.2119,2.1655,3.8134,4.6698
explosion,384,1,baseline,40,0.6956,2.1324,2.1357,3.7560,4.6737
explosion,384,1,baseline,41,0.6863,2.1177,2.1584,3.7474,4.6757
explosion,384,1,baseline,42,0.6774,2.1950,2.2310,3.7068,4.6843
explosion,384,1,baseline,43,0.6685,2.0267,2.1165,3.6627,4.7207
explosion,384,1,baseline,44,0.6599,2.0019,2.1374,3.6347,4.6813
explosion,384,1,baseline,45,0.6522,1.9813,2.1490,3.6080,4.6854
explosion,384,1,baseline,46,0.6446,1.9722,2.1151,3.5564,4.7028
explosion,384,1,baseline,47,0.6369,2.0025,2.1499,3.5563,4.6905
explosion,384,1,baseline,48,0.6300,2.0413,2.1408,3.5415,4.7472
explosion,384,1,baseline,49,0.6225,1.9750,2.1455,3.5075,4.7072
explosion,384,1,baseline,50,0.6150,1.9721,2.1455,3.4860,4.7515
explosion,384,1,baseline,51,0.6076,1.9697,2.1512,3.4068,4.7153
explosion,384,1,baseline,52,0.6014,1.9620,2.1127,3.4430,4.7592
explosion,384,1,baseline,53,0.5953,2.0188,2.2066,3.4340,4.7401
explosion,384,1,baseline,54,0.5910,1.9703,2.1520,3.4428,4.7756
explosion,384,1,baseline,55,0.5865,1.9773,2.1719,3.4468,4.8001
explosion,384,1,baseline,56,0.5809,1.9633,2.1674,3.4507,4.7994
explosion,384,1,baseline,57,0.5759,1.9739,2.1719,3.4479,4.8541
explosion,384,1,baseline,58,0.5714,2.0006,2.2056,3.4238,4.8177
explosion,384,1,baseline,59,0.5668,2.0660,2.2728,3.4249,4.8943
explosion,384,1,baseline,60,0.5628,1.9637,2.1632,3.4293,4.8870
explosion,384,1,baseline,61,0.5594,1.9652,2.2201,3.4293,4.9283
explosion,384,1,baseline,62,0.5567,2.0167,2.2124,3.4347,4.9349
explosion,384,1,baseline,63,0.5538,2.0900,2.3520,3.4782,4.9978
explosion,384,1,baseline,64,0.5506,2.0018,2.1851,3.4164,4.9780
explosion,384,1,baseline,65,0.5468,2.0147,2.2358,3.4369,4.9818
explosion,384,1,baseline,66,0.5431,2.0101,2.2147,3.4262,5.0090
explosion,384,1,baseline,67,0.5402,2.0222,2.2767,3.4968,5.0941
explosion,384,1,baseline,68,0.5376,2.0919,2.2951,3.5305,5.1462
explosion,384,1,baseline,69,0.5349,2.1194,2.3346,3.5334,5.0982
explosion,384,1,baseline,70,0.5330,2.1370,2.3494,3.5500,5.1347
explosion,384,1,baseline,71,0.5311,2.0699,2.3216,3.6179,5.2401
explosion,384,1,baseline,72,0.5290,2.1299,2.3607,3.6858,5.3344
explosion,384,1,baseline,73,0.5272,2.1487,2.4051,3.7143,5.3720
explosion,384,1,baseline,74,0.5254,2.2667,2.5150,3.8080,5.4175
explosion,384,1,baseline,75,0.5234,2.2063,2.4611,3.8963,5.4933
explosion,384,1,baseline,76,0.5222,2.2545,2.5129,3.9698,5.6384
explosion,384,1,baseline,77,0.5208,2.3371,2.5684,4.0269,5.7481
explosion,384,1,baseline,78,0.5196,2.3135,2.5880,4.1026,5.8266
explosion,384,1,baseline,79,0.5183,2.4771,2.7728,4.2117,5.9352
explosion,384,1,baseline,80,0.5169,2.4334,2.6815,4.3047,5.9595
explosion,384,1,baseline,81,0.5157,2.4711,2.7067,4.3361,6.0390
explosion,384,1,baseline,82,0.5141,2.4360,2.6912,4.4406,6.1101
explosion,384,1,baseline,83,0.5135,2.4736,2.7135,4.5349,6.1878
explosion,384,1,baseline,84,0.5128,2.5128,2.7662,4.5957,6.3475
explosion,384,1,baseline,85,0.5123,2.6169,2.8556,4.6176,6.2799
explosion,384,1,baseline,86,0.5124,2.5985,2.8041,4.7058,6.3575
explosion,384,1,baseline,87,0.5127,2.5488,2.7905,4.7969,6.4217
explosion,384,1,baseline,88,0.5131,2.5748,2.8609,4.8311,6.4947
explosion,384,1,baseline,89,0.5138,2.5827,2.8543,4.8682,6.5696
explosion,256,1,baseline,0,0.2411,1.2930,1.5290,0.7539,2.1019
explosion,256,1,baseline,1,0.2983,1.2247,1.4864,0.8539,2.0879
explosion,256,1,baseline,2,0.3603,1.1215,1.3752,0.9734,2.0920
explosion,256,1,baseline,3,0.4200,1.1467,1.3285,1.0950,2.1353
explosion,256,1,baseline,4,0.4789,1.2203,1.3909,1.1861,2.0991
explosion,256,1,baseline,5,0.5354,1.2001,1.3633,1.3050,2.0909
explosion,256,1,baseline,6,0.5874,1.2303,1.3427,1.4111,2.0736
explosion,256,1,baseline,7,0.6345,1.2550,1.3297,1.4828,2.0973
explosion,256,1,baseline,8,0.6789,1.2749,1.3702,1.5657,2.0748
explosion,256,1,baseline,9,0.7189,1.3073,1.3522,1.6422,2.0778
explosion,256,1,baseline,10,0.7544,1.3686,1.4352,1.6823,2.0830
explosion,256,1,baseline,11,0.7819,1.3081,1.3733,1.7415,2.0910
explosion,256,1,baseline,12,0.8063,1.3220,1.3463,1.7787,2.0874
explosion,256,1,baseline,13,0.8298,1.3511,1.3788,1.8076,2.0655
explosion,256,1,baseline,14,0.8504,1.3331,1.3797,1.8571,2.0603
explosion,256,1,baseline,15,0.8686,1.3908,1.4105,1.8909,2.0773
explosion,256,1,baseline,16,0.8828,1.3876,1.3589,1.9078,2.0734
explosion,256,1,baseline,17,0.8930,1.3578,1.3786,1.9369,2.0937
explosion,256,1,baseline,18,0.9019,1.3590,1.3769,1.9498,2.0876
explosion,256,1,baseline,19,0.9054,1.4287,1.4171,1.9822,2.0836
explosion,256,1,baseline,20,0.9081,1.4771,1.4918,1.9933,2.0881
explosion,256,1,baseline,21,0.9057,1.3736,1.3761,2.0140,2.0865
explosion,256,1,baseline,22,0.9002,1.3818,1.3813,2.0457,2.0873
explosion,256,1,baseline,23,0.8948,1.3893,1.3996,2.0154,2.0775
explosion,256,1,baseline,24,0.8863,1.3768,1.3950,2.0274,2.0842
explosion,256,1,baseline,25,0.8757,1.3736,1.3815,1.9788,2.0863
explosion,256,1,baseline,26,0.8642,1.3998,1.4009,1.9659,2.0761
explosion,256,1,baseline,27,0.8506,1.3436,1.3584,1.9723,2.0966
explosion,256,1,baseline,28,0.8371,1.3536,1.3906,1.9529,2.0925
explosion,256,1,baseline,29,0.8250,1.3563,1.3638,1.9656,2.0978
explosion,256,1,baseline,30,0.8134,1.3656,1.3796,1.9484,2.0720
explosion,256,1,baseline,31,0.8007,1.4248,1.4260,1.9283,2.0744
explosion,256,1,baseline,32,0.7889,1.3689,1.3901,1.8960,2.1119
explosion,256,1,baseline,33,0.7776,1.3594,1.3922,1.8826,2.1058
explosion,256,1,baseline,34,0.7687,1.3436,1.3816,1.8712,2.0906
explosion,256,1,baseline,35,0.7602,1.3492,1.3812,1.8711,2.0810
explosion,256,1,baseline,36,0.7516,1.4188,1.4095,1.8554,2.0969
explosion,256,1,baseline,37,0.7434,1.3461,1.3840,1.8394,2.1049
explosion,256,1,baseline,38,0.7360,1.3544,1.3608,1.8143,2.0794
explosion,256,1,baseline,39,0.7275,1.4226,1.4359,1.8136,2.0784
explosion,256,1,baseline,40,0.7200,1.3522,1.3617,1.8049,2.0954
explosion,256,1,baseline,41,0.7138,1.3798,1.3668,1.8073,2.1003
explosion,256,1,baseline,42,0.7079,1.4684,1.4591,1.7980,2.1070
explosion,256,1,baseline,43,0.7026,1.3242,1.3712,1.7836,2.0996
explosion,256,1,baseline,44,0.6972,1.3444,1.3508,1.7814,2.0987
explosion,256,1,baseline,45,0.6924,1.3283,1.3825,1.7409,2.1149
explosion,256,1,baseline,46,0.6882,1.3533,1.3552,1.7572,2.1227
explosion,256,1,baseline,47,0.6834,1.3765,1.3834,1.7394,2.1092
explosion,256,1,baseline,48,0.6790,1.3307,1.3436,1.7584,2.1080
explosion,256,1,baseline,49,0.6738,1.3028,1.3852,1.7499,2.1168
explosion,256,1,baseline,50,0.6688,1.3599,1.3627,1.7451,2.1401
explosion,256,1,baseline,51,0.6639,1.3553,1.3639,1.7596,2.1247
explosion,256,1,baseline,52,0.6607,1.3263,1.3723,1.7703,2.1309
explosion,256,1,baseline,53,0.6579,1.3976,1.4614,1.7445,2.1719
explosion,256,1,baseline,54,0.6543,1.3182,1.3541,1.7405,2.1713
explosion,256,1,baseline,55,0.6521,1.3396,1.3750,1.7669,2.1524
explosion,256,1,baseline,56,0.6481,1.3302,1.3570,1.7449,2.1466
explosion,256,1,baseline,57,0.6448,1.3321,1.3636,1.7264,2.1632
explosion,256,1,baseline,58,0.6430,1.3503,1.3939,1.7370,2.1631
explosion,256,1,baseline,59,0.6403,1.3837,1.4217,1.7419,2.1686
explosion,256,1,baseline,60,0.6381,1.3435,1.3934,1.7677,2.1732
explosion,256,1,baseline,61,0.6362,1.3222,1.3740,1.7357,2.1876
explosion,256,1,baseline,62,0.6346,1.3240,1.3956,1.7384,2.2091
explosion,256,1,baseline,63,0.6326,1.4104,1.5147,1.7408,2.1901
explosion,256,1,baseline,64,0.6314,1.3264,1.3741,1.7529,2.1764
explosion,256,1,baseline,65,0.6298,1.3346,1.3648,1.7294,2.1762
explosion,256,1,baseline,66,0.6285,1.3118,1.3944,1.7500,2.2113
explosion,256,1,baseline,67,0.6278,1.3540,1.4039,1.7603,2.2347
explosion,256,1,baseline,68,0.6275,1.3749,1.4002,1.7657,2.2248
explosion,256,1,baseline,69,0.6272,1.4064,1.4275,1.8045,2.2312
explosion,256,1,baseline,70,0.6272,1.3776,1.4320,1.8287,2.2986
explosion,256,1,baseline,71,0.6269,1.4132,1.4640,1.8678,2.3421
explosion,256,1,baseline,72,0.6269,1.4345,1.4600,1.8993,2.3652
explosion,256,1,baseline,73,0.6268,1.4412,1.4946,1.9697,2.4279
explosion,256,1,baseline,74,0.6271,1.5710,1.6084,2.0693,2.5030
explosion,256,1,baseline,75,0.6271,1.4834,1.5557,2.0957,2.5475
explosion,256,1,baseline,76,0.6270,1.5312,1.5605,2.1532,2.5664
explosion,256,1,baseline,77,0.6267,1.5599,1.6071,2.1813,2.6336
explosion,256,1,baseline,78,0.6263,1.5475,1.6091,2.2569,2.7319
explosion,256,1,baseline,79,0.6265,1.6804,1.7196,2.2838,2.7003
explosion,256,1,baseline,80,0.6265,1.6015,1.6378,2.3149,2.7825
explosion,256,1,baseline,81,0.6271,1.6423,1.6320,2.3901,2.7862
explosion,256,1,baseline,82,0.6273,1.6249,1.7307,2.4072,2.8285
explosion,256,1,baseline,83,0.6284,1.6797,1.7179,2.4976,2.8968
explosion,256,1,baseline,84,0.6290,1.6884,1.7610,2.5246,2.9480
explosion,256,1,baseline,85,0.6301,1.7896,1.8678,2.5411,3.0106
explosion,256,1,baseline,86,0.6318,1.7098,1.7491,2.5976,3.0259
explosion,256,1,baseline,87,0.6340,1.7274,1.7651,2.6440,3.0752
explosion,256,1,baseline,88,0.6342,1.7322,1.7981,2.6683,3.0979
explosion,256,1,baseline,89,0.6364,1.7733,1.8279,2.7043,3.1642
smoke,384,0,baseline,0,0.3436,1.7342,2.3383,2.1475,4.7889
smoke,384,0,baseline,1,0.3519,1.7171,2.2588,2.1934,4.6599
smoke,384,0,baseline,2,0.3628,1.6207,2.1670,2.2535,4.6225
smoke,384,0,baseline,3,0.3692,1.6302,2.1476,2.2380,4.6702
smoke,384,0,baseline,4,0.3764,1.6620,2.2227,2.2732,4.5984
smoke,384,0,baseline,5,0.3823,1.6084,2.1642,2.2468,4.6383
smoke,384,0,baseline,6,0.3899,1.6446,2.1562,2.2886,4.6469
smoke,384,0,baseline,7,0.3962,1.6726,2.1453,2.3305,4.6058
smoke,384,0,baseline,8,0.4026,1.6615,2.1253,2.3207,4.6707
smoke,384,0,baseline,9,0.4072,1.7527,2.1841,2.3608,4.6370
smoke,384,0,baseline,10,0.4124,1.7768,2.2116,2.4079,4.6825
smoke,384,0,baseline,11,0.4193,1.6881,2.1519,2.4238,4.6651
smoke,384,0,baseline,12,0.4240,1.7223,2.1982,2.4270,4.6536
smoke,384,0,baseline,13,0.4307,1.7209,2.1578,2.4684,4.6543
smoke,384,0,baseline,14,0.4351,1.7229,2.1623,2.4826,4.6507
smoke,384,0,baseline,15,0.4386,1.7654,2.1793,2.5449,4.6950
smoke,384,0,baseline,16,0.4438,1.7473,2.1722,2.5756,4.7112
smoke,384,0,baseline,17,0.4478,1.7851,2.1316,2.5892,4.7191
smoke,384,0,baseline,18,0.4512,1.7718,2.1947,2.5867,4.7335
smoke,384,0,baseline,19,0.4538,1.7639,2.1486,2.6180,4.6836
smoke,384,0,baseline,20,0.4580,1.8559,2.2494,2.6211,4.6884
smoke,384,0,baseline,21,0.4603,1.7780,2.1694,2.6601,4.7121
smoke,384,0,baseline,22,0.4641,1.7998,2.1561,2.7220,4.6986
smoke,384,0,baseline,23,0.4683,1.8196,2.1781,2.7678,4.7631
smoke,384,0,baseline,24,0.4713,1.8124,2.2229,2.8199,4.7403
smoke,384,0,baseline,25,0.4740,1.8321,2.1389,2.8078,4.7302
smoke,384,0,baseline,26,0.4800,1.8819,2.2011,2.9084,4.7670
smoke,384,0,baseline,27,0.4838,1.8466,2.1666,2.8872,4.8162
smoke,384,0,baseline,28,0.4892,1.8787,2.1914,2.9257,4.8089
smoke,384,0,baseline,29,0.4944,2.0190,2.2695,2.9933,4.8011
smoke,384,0,baseline,30,0.4982,1.9551,2.2512,3.0697,4.7605
smoke,384,0,baseline,31,0.5031,1.9959,2.2943,3.0934,4.8099
smoke,384,0,baseline,32,0.5062,1.9391,2.2896,3.1414,4.9259
smoke,384,0,baseline,33,0.5096,2.0283,2.2190,3.2005,4.9167
smoke,384,0,baseline,34,0.5123,1.9590,2.2646,3.1721,4.9598
smoke,384,0,baseline,35,0.5149,1.9701,2.2756,3.1769,4.9503
smoke,384,0,baseline,36,0.5168,1.9780,2.2428,3.2327,4.9311
smoke,384,0,baseline,37,0.5187,2.0701,2.3401,3.2693,4.9370
smoke,384,0,baseline,38,0.5226,2.0210,2.2981,3.3116,4.9564
smoke,384,0,baseline,39,0.5261,2.0614,2.3256,3.3532,4.9968
smoke,384,0,baseline,40,0.5339,2.0926,2.3214,3.4504,5.0154
smoke,384,0,baseline,41,0.5374,2.0860,2.3553,3.4525,5.0276
smoke,384,0,baseline,42,0.5394,2.1662,2.4969,3.5059,5.0457
smoke,384,0,baseline,43,0.5411,2.1021,2.3899,3.4800,5.0591
smoke,384,0,baseline,44,0.5440,2.1313,2.3910,3.5005,5.0108
smoke,384,0,baseline,45,0.5457,2.1216,2.3502,3.5632,5.0510
smoke,384,0,baseline,46,0.5464,2.1352,2.3768,3.5986,5.1105
smoke,384,0,baseline,47,0.5472,2.1711,2.4049,3.6438,5.1183
smoke,384,0,baseline,48,0.5481,2.1866,2.3672,3.6752,5.1719
smoke,384,0,baseline,49,0.5499,2.2548,2.4595,3.7235,5.1746
smoke,384,0,baseline,50,0.5525,2.2336,2.5250,3.7383,5.2517
smoke,384,0,baseline,51,0.5539,2.2274,2.4525,3.7654,5.3355
smoke,384,0,baseline,52,0.5550,2.2274,2.4760,3.7638,5.2770
smoke,384,0,baseline,53,0.5568,2.2846,2.5518,3.8118,5.2901
smoke,384,0,baseline,54,0.5594,2.2834,2.4712,3.8221,5.3008
smoke,384,0,baseline,55,0.5617,2.2999,2.5530,3.8796,5.4041
smoke,384,0,baseline,56,0.5655,2.3471,2.5400,3.9939,5.4229
smoke,384,0,baseline,57,0.5677,2.3546,2.5327,4.0496,5.4769
smoke,384,0,baseline,58,0.5699,2.3949,2.6008,4.1642,5.5570
smoke,384,0,baseline,59,0.5744,2.3991,2.5956,4.1338,5.4944
smoke,384,0,baseline,60,0.5767,2.4275,2.6107,4.2127,5.5826
smoke,384,0,baseline,61,0.5795,2.4860,2.5862,4.2249,5.5955
smoke,384,0,baseline,62,0.5826,2.4672,2.6268,4.2861,5.6029
smoke,384,0,baseline,63,0.5847,2.6352,2.7307,4.3219,5.7225
smoke,384,0,baseline,64,0.5861,2.5357,2.6955,4.3979,5.7113
smoke,384,0,baseline,65,0.5891,2.6056,2.7273,4.4932,5.8015
smoke,384,0,baseline,66,0.5912,2.6328,2.7737,4.5856,5.8703
smoke,384,0,baseline,67,0.5941,2.6348,2.8393,4.7180,6.0132
smoke,384,0,baseline,68,0.5966,2.7020,2.7782,4.7573,6.0734
smoke,384,0,baseline,69,0.5999,2.8261,2.9237,4.8716,6.0986
smoke,384,0,baseline,70,0.6028,2.8211,2.9106,4.8996,6.1168
smoke,384,0,baseline,71,0.6065,2.7546,2.9539,4.9256,6.1739
smoke,384,0,baseline,72,0.6122,2.8444,2.9553,4.9978,6.2079
smoke,384,0,baseline,73,0.6151,2.8970,2.9885,5.0107,6.2549
smoke,384,0,baseline,74,0.6178,2.9013,3.0300,5.1512,6.3091
smoke,384,0,baseline,75,0.6209,2.8851,2.9834,5.2640,6.3957
smoke,384,0,baseline,76,0.6251,2.9154,2.9937,5.3201,6.4284
smoke,384,0,baseline,77,0.6281,2.9327,2.9812,5.3993,6.5017
smoke,384,0,baseline,78,0.6318,2.9681,3.0458,5.3911,6.5038
smoke,384,0,baseline,79,0.6346,2.9675,3.1008,5.4845,6.6112
smoke,384,0,baseline,80,0.6372,3.0081,3.0909,5.5567,6.6549
smoke,384,0,baseline,81,0.6392,3.0190,3.1285,5.5717,6.6648
smoke,384,0,baseline,82,0.6420,3.1133,3.1515,5.7113,6.7577
smoke,384,0,baseline,83,0.6430,3.1238,3.1184,5.6313,6.7321
smoke,384,0,baseline,84,0.6480,3.0844,3.1655,5.7077,6.7214
smoke,384,0,baseline,85,0.6517,3.2102,3.2525,5.8471,6.8385
smoke,384,0,baseline,86,0.6540,3.1249,3.2169,5.8687,6.7885
smoke,384,0,baseline,87,0.6582,3.2404,3.2788,5.9082,6.8383
smoke,384,0,baseline,88,0.6613,3.1601,3.2618,5.9909,6.8705
smoke,384,0,baseline,89,0.6649,3.2884,3.3007,6.0707,6.9296
fire,192,0,baseline,0,0.6999,1.1916,1.1706,1.1825,1.3504
fire,192,0,baseline,1,0.7059,1.2570,1.2298,1.2255,1.3901
fire,192,0,baseline,2,0.7122,1.2191,1.2434,1.2641,1.4298
fire,192,0,baseline,3,0.7190,1.2196,1.2469,1.2951,1.4675
fire,192,0,baseline,4,0.7249,1.3361,1.3277,1.3084,1.4800
fire,192,0,baseline,5,0.7293,1.2288,1.2243,1.3359,1.4763
fire,192,0,baseline,6,0.7349,1.2492,1.2550,1.3599,1.4925
fire,192,0,baseline,7,0.7389,1.3024,1.3423,1.3734,1.4931
fire,192,0,baseline,8,0.7440,1.2680,1.2582,1.3871,1.5091
fire,192,0,baseline,9,0.7500,1.3279,1.3658,1.4265,1.5558
fire,192,0,baseline,10,0.7545,1.3057,1.3051,1.5035,1.6044
fire,192,0,baseline,11,0.7588,1.3357,1.3314,1.5300,1.6279
fire,192,0,baseline,12,0.7624,1.3637,1.3664,1.5548,1.6440
fire,192,0,baseline,13,0.7655,1.3340,1.3164,1.5398,1.6327
fire,192,0,baseline,14,0.7693,1.3570,1.3332,1.5695,1.6488
fire,192,0,baseline,15,0.7735,1.4214,1.4251,1.5395,1.6412
fire,192,0,baseline,16,0.7749,1.3355,1.3025,1.5107,1.6172
fire,192,0,baseline,17,0.7756,1.3479,1.3150,1.5149,1.6384
fire,192,0,baseline,18,0.7774,1.3972,1.3749,1.5195,1.6166
fire,192,0,baseline,19,0.7783,1.3862,1.3785,1.5004,1.6040
fire,192,0,baseline,20,0.7812,1.3257,1.3307,1.5235,1.5937
fire,192,0,baseline,21,0.7834,1.3935,1.3980,1.4959,1.5871
fire,192,0,baseline,22,0.7853,1.3358,1.3288,1.4787,1.5916
fire,192,0,baseline,23,0.7885,1.3313,1.3188,1.4886,1.5748
fire,192,0,baseline,24,0.7910,1.3396,1.3404,1.5217,1.5936
fire,192,0,baseline,25,0.7948,1.3180,1.3249,1.5365,1.6194
fire,192,0,baseline,26,0.7979,1.3206,1.3092,1.5172,1.6018
fire,192,0,baseline,27,0.8000,1.4187,1.4313,1.5425,1.6137
fire,192,0,baseline,28,0.8015,1.3311,1.3218,1.5376,1.6000
fire,192,0,baseline,29,0.8046,1.3208,1.3287,1.5227,1.5861
fire,192,0,baseline,30,0.8075,1.3691,1.3673,1.5276,1.6122
fire,192,0,baseline,31,0.8120,1.3164,1.3109,1.5398,1.6309
fire,192,0,baseline,32,0.8130,1.3700,1.3965,1.5358,1.6082
fire,192,0,baseline,33,0.8138,1.3024,1.3164,1.5486,1.6166
fire,192,0,baseline,34,0.8149,1.3165,1.3330,1.5468,1.6137
fire,192,0,baseline,35,0.8160,1.3588,1.3776,1.5752,1.6273
fire,192,0,baseline,36,0.8180,1.3651,1.3230,1.5954,1.6530
fire,192,0,baseline,37,0.8195,1.3205,1.3514,1.5946,1.6530
fire,192,0,baseline,38,0.8203,1.4268,1.4332,1.6107,1.6684
fire,192,0,baseline,39,0.8207,1.4022,1.3899,1.5977,1.6660
fire,192,0,baseline,40,0.8222,1.3624,1.3437,1.6386,1.6906
fire,192,0,baseline,41,0.8235,1.3870,1.3549,1.6268,1.6818
fire,192,0,baseline,42,0.8247,1.3401,1.3631,1.6073,1.6550
fire,192,0,baseline,43,0.8268,1.3412,1.3552,1.6168,1.6646
fire,192,0,baseline,44,0.8302,1.4366,1.4328,1.5927,1.6502
fire,192,0,baseline,45,0.8325,1.3504,1.3531,1.6248,1.6874
fire,192,0,baseline,46,0.8352,1.3248,1.3579,1.6167,1.6798
fire,192,0,baseline,47,0.8387,1.3469,1.3815,1.6139,1.6817
fire,192,0,baseline,48,0.8409,1.3525,1.3243,1.6244,1.6944
fire,192,0,baseline,49,0.8433,1.3326,1.3553,1.6147,1.6846
fire,192,0,baseline,50,0.8452,1.4548,1.4391,1.5953,1.6589
fire,192,0,baseline,51,0.8481,1.3290,1.3600,1.6215,1.6670
fire,192,0,baseline,52,0.8518,1.3229,1.3432,1.6190,1.6598
fire,192,0,baseline,53,0.8539,1.3566,1.3670,1.6355,1.6384
fire,192,0,baseline,54,0.8547,1.3466,1.3415,1.6162,1.6269
fire,192,0,baseline,55,0.8566,1.3246,1.3147,1.6033,1.6329
fire,192,0,baseline,56,0.8589,1.3704,1.3906,1.5791,1.5927
fire,192,0,baseline,57,0.8596,1.3234,1.3308,1.5595,1.5859
fire,192,0,baseline,58,0.8615,1.3352,1.3649,1.5446,1.5623
fire,192,0,baseline,59,0.8637,1.3398,1.3733,1.5593,1.5722
fire,192,0,baseline,60,0.8656,1.2838,1.3014,1.5426,1.5833
fire,192,0,baseline,61,0.8671,1.3820,1.4163,1.5773,1.5740
fire,192,0,baseline,62,0.8688,1.3140,1.3170,1.5718,1.5914
fire,192,0,baseline,63,0.8700,1.3504,1.3385,1.5823,1.6176
fire,192,0,baseline,64,0.8726,1.3395,1.3485,1.5787,1.5969
fire,192,0,baseline,65,0.8751,1.2876,1.3010,1.5697,1.5971
fire,192,0,baseline,66,0.8788,1.3187,1.3105,1.5825,1.5983
fire,192,0,baseline,67,0.8825,1.3605,1.3934,1.5652,1.6064
fire,192,0,baseline,68,0.8859,1.3033,1.3084,1.5661,1.6097
fire,192,0,baseline,69,0.8882,1.3028,1.2952,1.5585,1.5827
fire,192,0,baseline,70,0.8906,1.3227,1.3332,1.5268,1.5478
fire,192,0,baseline,71,0.8934,1.2879,1.2966,1.5243,1.5359
fire,192,0,baseline,72,0.8957,1.2983,1.2655,1.5110,1.5164
fire,192,0,baseline,73,0.8973,1.3426,1.3758,1.4813,1.4936
fire,192,0,baseline,74,0.8981,1.2481,1.2540,1.4865,1.4930
fire,192,0,baseline,75,0.8984,1.2458,1.2338,1.4866,1.4812
fire,192,0,baseline,76,0.8983,1.3090,1.3042,1.4822,1.4872
fire,192,0,baseline,77,0.8977,1.2697,1.2521,1.4780,1.4764
fire,192,0,baseline,78,0.8974,1.2581,1.2481,1.4856,1.4823
fire,192,0,baseline,79,0.8955,1.3758,1.3756,1.4684,1.4868
fire,192,0,baseline,80,0.8939,1.2317,1.2531,1.4671,1.5027
fire,192,0,baseline,81,0.8919,1.3124,1.2846,1.4727,1.4978
fire,192,0,baseline,82,0.8903,1.2403,1.2532,1.4779,1.4598
fire,192,0,baseline,83,0.8899,1.2514,1.2305,1.4569,1.4849
fire,192,0,baseline,84,0.8894,1.3282,1.3404,1.4561,1.4605
fire,192,0,baseline,85,0.8911,1.2249,1.2459,1.4699,1.4764
fire,192,0,baseline,86,0.8916,1.2161,1.2474,1.4732,1.4610
fire,192,0,baseline,87,0.8939,1.2697,1.2561,1.4599,1.4580
fire,192,0,baseline,88,0.8968,1.2201,1.2335,1.4544,1.4558
fire,192,0,baseline,89,0.9015,1.2423,1.2158,1.4414,1.4590
fire,128,0,baseline,0,0.7659,1.0058,0.9589,0.6547,0.6853
fire,128,0,baseline,1,0.7697,1.0315,0.9948,0.6585,0.6998
fire,128,0,baseline,2,0.7741,0.9883,0.9634,0.6587,0.6917
fire,128,0,baseline,3,0.7785,0.9703,0.9721,0.6639,0.7055
fire,128,0,baseline,4,0.7835,1.0882,1.0606,0.6719,0.6960
fire,128,0,baseline,5,0.7870,0.9832,0.9671,0.6760,0.7158
fire,128,0,baseline,6,0.7889,1.0019,0.9842,0.6757,0.7087
fire,128,0,baseline,7,0.7928,1.0492,1.0484,0.6808,0.7025
fire,128,0,baseline,8,0.7973,0.9910,0.9887,0.6760,0.7010
fire,128,0,baseline,9,0.8033,1.0468,1.0343,0.6969,0.7102
fire,128,0,baseline,10,0.8080,0.9735,0.9832,0.6884,0.7070
fire,128,0,baseline,11,0.8115,0.9987,0.9817,0.6832,0.7134
fire,128,0,baseline,12,0.8173,1.0141,1.0125,0.6832,0.7047
fire,128,0,baseline,13,0.8226,0.9923,0.9649,0.6889,0.7068
fire,128,0,baseline,14,0.8248,0.9756,0.9748,0.6871,0.7042
fire,128,0,baseline,15,0.8284,1.0759,1.0743,0.6845,0.7132
fire,128,0,baseline,16,0.8300,0.9983,0.9701,0.7039,0.7150
fire,128,0,baseline,17,0.8323,0.9831,1.0008,0.6977,0.7193
fire,128,0,baseline,18,0.8341,1.0295,1.0277,0.7147,0.7462
fire,128,0,baseline,19,0.8350,1.0534,1.0553,0.7340,0.7507
fire,128,0,baseline,20,0.8353,0.9911,1.0020,0.7505,0.7544
fire,128,0,baseline,21,0.8376,1.0655,1.0616,0.7449,0.7585
fire,128,0,baseline,22,0.8387,0.9929,1.0019,0.7581,0.7587
fire,128,0,baseline,23,0.8410,1.0024,1.0167,0.7434,0.7631
fire,128,0,baseline,24,0.8434,1.0499,1.0335,0.7411,0.7515
fire,128,0,baseline,25,0.8473,0.9971,1.0101,0.7549,0.7692
fire,128,0,baseline,26,0.8502,1.0065,1.0080,0.7500,0.7723
fire,128,0,baseline,27,0.8517,1.1007,1.0946,0.7492,0.7638
fire,128,0,baseline,28,0.8541,0.9975,1.0066,0.7467,0.7640
fire,128,0,baseline,29,0.8566,1.0048,1.0039,0.7519,0.7541
fire,128,0,baseline,30,0.8593,1.0237,1.0410,0.7425,0.7425
fire,128,0,baseline,31,0.8618,1.0003,0.9985,0.7474,0.7470
fire,128,0,baseline,32,0.8628,1.0445,1.0533,0.7411,0.7347
fire,128,0,baseline,33,0.8632,1.0017,1.0011,0.7236,0.7296
fire,128,0,baseline,34,0.8656,0.9832,0.9857,0.7004,0.7137
fire,128,0,baseline,35,0.8663,1.0177,1.0101,0.6950,0.7086
fire,128,0,baseline,36,0.8654,0.9674,0.9699,0.6888,0.6945
fire,128,0,baseline,37,0.8661,0.9599,0.9628,0.6856,0.6945
fire,128,0,baseline,38,0.8660,1.0722,1.0474,0.6861,0.6911
fire,128,0,baseline,39,0.8650,1.0130,1.0258,0.6684,0.6805
fire,128,0,baseline,40,0.8663,0.9623,0.9734,0.6697,0.6752
fire,128,0,baseline,41,0.8668,0.9936,1.0208,0.6701,0.6800
fire,128,0,baseline,42,0.8661,0.9844,0.9732,0.6654,0.6766
fire,128,0,baseline,43,0.8692,0.9521,0.9721,0.6608,0.6734
fire,128,0,baseline,44,0.8713,1.0466,1.0438,0.6534,0.6749
fire,128,0,baseline,45,0.8719,0.9510,0.9675,0.6468,0.6531
fire,128,0,baseline,46,0.8746,0.9498,0.9375,0.6422,0.6552
fire,128,0,baseline,47,0.8807,0.9764,0.9811,0.6506,0.6536
fire,128,0,baseline,48,0.8829,0.9395,0.9481,0.6489,0.6512
fire,128,0,baseline,49,0.8845,0.9418,0.9535,0.6387,0.6449
fire,128,0,baseline,50,0.8874,1.0394,1.0398,0.6347,0.6403
fire,128,0,baseline,51,0.8894,0.9594,0.9428,0.6433,0.6450
fire,128,0,baseline,52,0.8932,0.9617,0.9553,0.6422,0.6455
fire,128,0,baseline,53,0.8948,0.9947,0.9818,0.6459,0.6514
fire,128,0,baseline,54,0.8951,0.9459,0.9436,0.6400,0.6376
fire,128,0,baseline,55,0.8942,0.9356,0.9409,0.6395,0.6363
fire,128,0,baseline,56,0.8939,1.0130,1.0234,0.6518,0.6457
fire,128,0,baseline,57,0.8939,0.9535,0.9479,0.6380,0.6599
fire,128,0,baseline,58,0.8948,0.9766,0.9938,0.6393,0.6390
fire,128,0,baseline,59,0.8976,1.0045,1.0247,0.6396,0.6463
fire,128,0,baseline,60,0.8971,0.9580,0.9473,0.6564,0.6489
fire,128,0,baseline,61,0.8965,1.0496,1.0356,0.6416,0.6524
fire,128,0,baseline,62,0.8967,0.9486,0.9569,0.6429,0.6385
fire,128,0,baseline,63,0.8959,0.9399,0.9511,0.6338,0.6460
fire,128,0,baseline,64,0.8967,0.9835,0.9867,0.6450,0.6424
fire,128,0,baseline,65,0.8980,0.9407,0.9389,0.6455,0.6448
fire,128,0,baseline,66,0.8995,0.9389,0.9399,0.6410,0.6388
fire,128,0,baseline,67,0.9019,1.0157,1.0094,0.6441,0.6563
fire,128,0,baseline,68,0.9051,0.9432,0.9633,0.6504,0.6603
fire,128,0,baseline,69,0.9098,0.9507,0.9679,0.6630,0.6572
fire,128,0,baseline,70,0.9123,0.9774,0.9976,0.6441,0.6426
fire,128,0,baseline,71,0.9147,0.9432,0.9637,0.6603,0.6471
fire,128,0,baseline,72,0.9169,0.9376,0.9433,0.6463,0.6540
fire,128,0,baseline,73,0.9171,1.0278,1.0335,0.6343,0.6363
fire,128,0,baseline,74,0.9156,0.9372,0.9352,0.6244,0.6331
fire,128,0,baseline,75,0.9156,0.9230,0.9286,0.6211,0.6179
fire,128,0,baseline,76,0.9147,0.9553,0.9604,0.6197,0.6186
fire,128,0,baseline,77,0.9150,0.9278,0.9292,0.6126,0.6231
fire,128,0,baseline,78,0.9135,0.9364,0.9338,0.6050,0.6214
fire,128,0,baseline,79,0.9108,1.0369,1.0422,0.6108,0.6127
fire,128,0,baseline,80,0.9094,0.9175,0.9202,0.6162,0.6065
fire,128,0,baseline,81,0.9076,0.9864,1.0087,0.5998,0.6023
fire,128,0,baseline,82,0.9070,0.9262,0.9310,0.6147,0.6147
fire,128,0,baseline,83,0.9066,0.9243,0.9453,0.6172,0.6033
fire,128,0,baseline,84,0.9073,1.0208,1.0247,0.6036,0.6013
fire,128,0,baseline,85,0.9075,0.9091,0.9254,0.6004,0.6050
fire,128,0,baseline,86,0.9083,0.9308,0.9182,0.6065,0.6073
fire,128,0,baseline,87,0.9102,0.9712,0.9701,0.6071,0.6060
fire,128,0,baseline,88,0.9128,0.9211,0.9342,0.6117,0.6049
fire,128,0,baseline,89,0.9176,0.9250,0.9164,0.6059,0.6039
