effect,candidate,share,lr,iterations,batch,threads,final_loss,seconds
fire,s0.50_lr3e-4,0.5,3e-04,400,16,1,0.10071,1490
fire,s0.80_lr3e-4,0.8,3e-04,400,16,1,0.09914,1433
fire,s0.50_lr1e-4,0.5,1e-04,400,16,1,0.10373,1195
fire,s0.80_lr1e-4,0.8,1e-04,400,16,1,0.10326,969
fire,s0.00_lr1e-4,0,1e-04,300 of 400,16,1,,734
smoke,s0.50_lr3e-4,0.5,3e-04,400,16,1,0.16039,966
smoke,s0.80_lr3e-4,0.8,3e-04,400,16,1,0.13527,840
smoke,s0.50_lr1e-4,0.5,1e-04,400,16,1,0.20342,840
smoke,s0.80_lr1e-4,0.8,1e-04,400,16,1,0.15850,862
smoke,s0.00_lr3e-4,0,3e-04,200 of 400,16,1,,415
explosion,s0.50_lr3e-4,0.5,3e-04,400,16,1,0.02204,788
explosion,s0.80_lr3e-4,0.8,3e-04,400,16,1,0.02215,831
explosion,s0.50_lr1e-4,0.5,1e-04,400,16,1,0.02233,698
explosion,s0.80_lr1e-4,0.8,1e-04,400,16,1,0.02245,630
explosion,s0.00_lr3e-4,0,3e-04,200 of 400,16,1,,301
