set,clips,float_active_psnr,int8_active_psnr,change_db,lo,hi,max_diff,mean_abs_diff,int8_max_diff_across_isas,rule
a:grid_m8,12,32.6192,32.6114,-0.0078,-0.0149,-0.0014,6,0.0481,9,met: int8 can be the default
a:grid_m8 avx2,12,32.6192,32.6015,-0.0178,-0.0308,-0.0084,10,0.0630,9,met: int8 can be the default
a:grid_s8,3,27.7571,27.7571,-0.0000,-0.0000,+0.0000,1,0.0000,1,
a:grid_s8 avx2,3,27.7571,27.7571,-0.0000,-0.0000,+0.0000,1,0.0000,1,
a:grid_l8,3,36.3529,36.3359,-0.0171,-0.0341,-0.0036,4,0.0382,7,
a:grid_l8 avx2,3,36.3529,36.3168,-0.0361,-0.0687,-0.0132,7,0.0513,7,
a:grid_mt8,3,33.1000,33.0951,-0.0050,-0.0066,-0.0024,4,0.0428,6,
a:grid_mt8 avx2,3,33.1000,33.0848,-0.0152,-0.0185,-0.0103,7,0.0590,6,
a:grid_m16,3,31.9300,31.9247,-0.0054,-0.0123,-0.0008,5,0.0505,6,
a:grid_m16 avx2,3,31.9300,31.9170,-0.0131,-0.0170,-0.0102,7,0.0631,6,
b:grid_k8,30,17.1224,17.1185,-0.0039,-0.0128,+0.0048,13,0.1330,20,
b:grid_k8 avx2,30,17.1224,17.1182,-0.0042,-0.0131,+0.0045,15,0.1481,20,
b:grid_k16,30,17.2712,17.2758,+0.0045,-0.0065,+0.0136,16,0.1455,22,
b:grid_k16 avx2,30,17.2712,17.2755,+0.0042,-0.0070,+0.0134,20,0.1614,22,
c:variation_k8,72,26.9229,26.8959,-0.0270,-0.0329,-0.0215,15,0.1230,13,
c:variation_k8 avx2,72,26.9229,26.8920,-0.0309,-0.0371,-0.0251,18,0.1382,13,
c:variation_k24,72,27.3419,27.3141,-0.0278,-0.0339,-0.0221,11,0.1095,17,
c:variation_k24 avx2,72,27.3419,27.3091,-0.0328,-0.0392,-0.0266,16,0.1254,17,
