study,model,clip,float_active_psnr,int8_active_psnr,change_db,float_psnr,int8_psnr,float_ssim,int8_ssim,max_diff,mean_abs_diff,int8_avx2_active_psnr,change_avx2_db,max_diff_avx2,mean_abs_diff_avx2,int8_max_diff_across_isas
a,grid_m8,fire_0,31.5736,31.5723,-0.0014,41.1533,41.1487,0.99257,0.99254,6,0.0211,31.5632,-0.0105,10,0.0257,7
a,grid_s8,fire_0,26.2579,26.2579,-0.0000,35.4564,35.4564,0.97721,0.97721,1,0.0000,26.2579,-0.0000,1,0.0000,1
a,grid_l8,fire_0,33.7785,33.7749,-0.0036,43.3859,43.3746,0.99511,0.99508,3,0.0177,33.7653,-0.0132,5,0.0228,5
a,grid_mt8,fire_0,33.9804,33.9746,-0.0058,43.5909,43.5815,0.99493,0.99493,4,0.0173,33.9619,-0.0185,5,0.0225,6
a,grid_m16,fire_0,31.5951,31.5943,-0.0008,41.1756,41.1708,0.99259,0.99255,5,0.0211,31.5832,-0.0119,7,0.0258,6
a,grid_m8,fire_1,29.8195,29.8099,-0.0096,37.3243,37.3131,0.98476,0.98473,5,0.0306,29.8010,-0.0185,7,0.0456,9
a,grid_m8,fire_2,34.2299,34.2230,-0.0069,45.8294,45.8230,0.99678,0.99678,3,0.0084,34.2129,-0.0170,4,0.0117,5
a,grid_m8,fire_3,30.2652,30.2537,-0.0115,38.7790,38.7674,0.98827,0.98821,5,0.0217,30.2489,-0.0163,6,0.0279,6
a,grid_m8,smoke_0,32.0332,32.0300,-0.0032,36.7793,36.7735,0.98146,0.98141,4,0.0587,32.0233,-0.0100,7,0.0768,6
a,grid_s8,smoke_0,28.2255,28.2255,+0.0000,32.8795,32.8795,0.95484,0.95484,1,0.0000,28.2255,+0.0000,1,0.0000,1
a,grid_l8,smoke_0,35.4662,35.4526,-0.0135,40.2393,40.2268,0.99140,0.99137,3,0.0447,35.4397,-0.0265,5,0.0615,6
a,grid_mt8,smoke_0,33.0726,33.0660,-0.0066,37.8119,37.8034,0.98396,0.98393,4,0.0512,33.0558,-0.0168,7,0.0748,6
a,grid_m16,smoke_0,32.0513,32.0483,-0.0030,36.7980,36.7923,0.98155,0.98151,4,0.0586,32.0410,-0.0102,6,0.0765,6
a,grid_m8,smoke_1,31.2743,31.2691,-0.0053,36.0679,36.0641,0.98132,0.98126,4,0.0520,31.2636,-0.0107,5,0.0750,6
a,grid_m8,smoke_2,33.5583,33.5447,-0.0136,39.6157,39.6022,0.98931,0.98929,3,0.0373,33.5361,-0.0222,6,0.0511,5
a,grid_m8,smoke_3,30.5597,30.5543,-0.0054,35.3612,35.3538,0.97896,0.97886,4,0.0630,30.5486,-0.0111,7,0.0863,6
a,grid_m8,explosion_0,32.1331,32.1210,-0.0121,37.2990,37.2879,0.99066,0.99063,4,0.0718,32.1158,-0.0173,4,0.0867,4
a,grid_s8,explosion_0,28.7880,28.7880,-0.0000,33.8037,33.8037,0.96956,0.96956,1,0.0000,28.7880,-0.0000,1,0.0000,1
a,grid_l8,explosion_0,39.8141,39.7801,-0.0341,44.9689,44.9348,0.99535,0.99529,4,0.0522,39.7454,-0.0687,7,0.0697,7
a,grid_mt8,explosion_0,32.2470,32.2446,-0.0024,37.4283,37.4253,0.99144,0.99143,2,0.0600,32.2367,-0.0103,4,0.0798,5
a,grid_m16,explosion_0,32.1437,32.1314,-0.0123,37.3099,37.2985,0.99072,0.99070,4,0.0718,32.1267,-0.0170,4,0.0869,4
a,grid_m8,explosion_1,33.7133,33.7297,+0.0163,36.3862,36.3991,0.98157,0.98129,3,0.1150,33.7231,+0.0097,4,0.1379,4
a,grid_m8,explosion_2,40.4492,40.4108,-0.0384,49.1664,49.1275,0.99799,0.99798,2,0.0244,40.3689,-0.0803,3,0.0315,3
a,grid_m8,explosion_3,31.8215,31.8188,-0.0027,35.4667,35.4675,0.98392,0.98417,3,0.0729,31.8125,-0.0089,4,0.0996,5
b,grid_k8,explosion_test_0.06_0.40_0.67,17.8290,17.8275,-0.0014,27.3028,27.2963,0.94139,0.94126,8,0.0686,17.8290,+0.0000,10,0.0734,11
b,grid_k16,explosion_test_0.06_0.40_0.67,18.2826,18.1756,-0.1070,27.0252,27.0005,0.92223,0.92333,12,0.0982,18.1717,-0.1109,16,0.1067,10
b,grid_k8,explosion_test_0.10_0.44_0.38,17.6813,17.6673,-0.0140,26.7085,26.6875,0.93383,0.93368,7,0.0701,17.6669,-0.0144,10,0.0755,9
b,grid_k16,explosion_test_0.10_0.44_0.38,18.3979,18.3571,-0.0408,26.4989,26.4786,0.90248,0.90334,11,0.1088,18.3594,-0.0385,14,0.1194,13
b,grid_k8,explosion_test_0.14_0.62_0.71,15.3544,15.3502,-0.0042,23.4120,23.4009,0.89061,0.89030,7,0.0859,15.3506,-0.0038,10,0.0929,10
b,grid_k16,explosion_test_0.14_0.62_0.71,15.9997,15.9740,-0.0257,23.3613,23.3481,0.85895,0.85965,12,0.1357,15.9733,-0.0264,15,0.1472,10
b,grid_k8,explosion_test_0.31_0.88_0.74,12.9750,13.0010,+0.0260,19.0315,19.0553,0.80855,0.80842,9,0.1442,13.0009,+0.0259,13,0.1582,20
b,grid_k16,explosion_test_0.31_0.88_0.74,13.6091,13.6349,+0.0259,19.3970,19.4247,0.79279,0.79248,12,0.1830,13.6342,+0.0252,13,0.1995,22
b,grid_k8,explosion_test_0.32_0.35_0.06,14.4703,14.4910,+0.0207,20.8938,20.9138,0.85780,0.85772,7,0.1275,14.4908,+0.0205,11,0.1404,9
b,grid_k16,explosion_test_0.32_0.35_0.06,14.3326,14.3832,+0.0506,20.5536,20.6078,0.84443,0.84417,11,0.1502,14.3833,+0.0507,13,0.1710,11
b,grid_k8,explosion_test_0.36_0.84_0.87,13.6743,13.7020,+0.0276,19.3697,19.3959,0.80619,0.80614,6,0.1556,13.7014,+0.0271,13,0.1687,11
b,grid_k16,explosion_test_0.36_0.84_0.87,13.9016,13.9283,+0.0266,19.4378,19.4675,0.79562,0.79535,10,0.1805,13.9282,+0.0265,13,0.1979,11
b,grid_k8,explosion_test_0.67_0.64_0.79,13.5240,13.5387,+0.0147,16.1613,16.1786,0.63861,0.63886,9,0.2970,13.5383,+0.0143,11,0.3206,9
b,grid_k16,explosion_test_0.67_0.64_0.79,13.7165,13.6779,-0.0386,16.3517,16.3322,0.64048,0.64195,10,0.2939,13.6774,-0.0391,14,0.3142,12
b,grid_k8,explosion_test_0.80_0.42_0.86,12.6982,12.7348,+0.0366,14.8168,14.8531,0.63388,0.63369,10,0.3279,12.7346,+0.0364,13,0.3473,10
b,grid_k16,explosion_test_0.80_0.42_0.86,13.6919,13.6913,-0.0006,15.7345,15.7388,0.60226,0.60200,15,0.3773,13.6906,-0.0013,17,0.4192,12
b,grid_k8,explosion_test_0.89_0.17_0.24,15.5622,15.6058,+0.0436,17.9631,18.0014,0.78648,0.78560,12,0.2788,15.6060,+0.0438,14,0.3025,11
b,grid_k16,explosion_test_0.89_0.17_0.24,15.7631,15.7815,+0.0184,18.1448,18.1618,0.76142,0.76074,16,0.3872,15.7811,+0.0179,20,0.4292,16
b,grid_k8,explosion_test_0.94_0.89_0.85,17.7674,17.8013,+0.0340,20.2396,20.2723,0.79646,0.79621,9,0.2969,17.8012,+0.0339,12,0.3183,14
b,grid_k16,explosion_test_0.94_0.89_0.85,17.8621,17.8871,+0.0250,20.2625,20.2810,0.78163,0.78041,15,0.3234,17.8861,+0.0240,20,0.3572,17
b,grid_k8,fire_test_0.06_0.40_0.67,21.0062,21.0090,+0.0029,32.8406,32.8418,0.95730,0.95731,5,0.0101,21.0093,+0.0032,7,0.0125,8
b,grid_k16,fire_test_0.06_0.40_0.67,21.4194,21.4436,+0.0242,32.8219,32.8217,0.95864,0.95850,5,0.0108,21.4436,+0.0243,11,0.0134,11
b,grid_k8,fire_test_0.10_0.44_0.38,20.8155,20.8175,+0.0020,32.2004,32.2028,0.95494,0.95499,6,0.0109,20.8159,+0.0003,7,0.0136,9
b,grid_k16,fire_test_0.10_0.44_0.38,21.2599,21.2792,+0.0193,32.3278,32.3277,0.95663,0.95650,5,0.0111,21.2793,+0.0193,9,0.0141,11
b,grid_k8,fire_test_0.14_0.62_0.71,20.5255,20.5237,-0.0018,31.5020,31.4998,0.94914,0.94922,6,0.0125,20.5210,-0.0045,9,0.0157,9
b,grid_k16,fire_test_0.14_0.62_0.71,21.0413,21.0644,+0.0231,31.9380,31.9408,0.95083,0.95070,5,0.0110,21.0631,+0.0218,12,0.0139,13
b,grid_k8,fire_test_0.31_0.88_0.74,19.1792,19.1835,+0.0043,29.7668,29.7710,0.94538,0.94546,9,0.0164,19.1824,+0.0032,9,0.0203,14
b,grid_k16,fire_test_0.31_0.88_0.74,19.6615,19.6748,+0.0133,30.1763,30.1756,0.94554,0.94543,6,0.0137,19.6753,+0.0138,11,0.0177,9
b,grid_k8,fire_test_0.32_0.35_0.06,19.4779,19.4674,-0.0105,29.2437,29.2414,0.93306,0.93308,6,0.0167,19.4669,-0.0110,8,0.0206,9
b,grid_k16,fire_test_0.32_0.35_0.06,19.7789,19.8068,+0.0279,29.2430,29.2463,0.93398,0.93371,7,0.0181,19.8072,+0.0283,9,0.0222,10
b,grid_k8,fire_test_0.36_0.84_0.87,19.5699,19.5697,-0.0002,29.6449,29.6469,0.94139,0.94148,9,0.0186,19.5690,-0.0009,10,0.0230,12
b,grid_k16,fire_test_0.36_0.84_0.87,19.9351,19.9509,+0.0159,29.9288,29.9288,0.94051,0.94036,7,0.0158,19.9504,+0.0153,10,0.0202,11
b,grid_k8,fire_test_0.67_0.64_0.79,18.7253,18.7159,-0.0094,26.1785,26.1780,0.89815,0.89840,8,0.0358,18.7158,-0.0094,9,0.0424,11
b,grid_k16,fire_test_0.67_0.64_0.79,18.9218,18.9368,+0.0150,26.4301,26.4282,0.89877,0.89849,8,0.0315,18.9364,+0.0146,10,0.0389,10
b,grid_k8,fire_test_0.80_0.42_0.86,17.9115,17.9024,-0.0090,24.9382,24.9375,0.88498,0.88516,7,0.0426,17.9022,-0.0092,8,0.0498,9
b,grid_k16,fire_test_0.80_0.42_0.86,17.8338,17.8484,+0.0146,24.7037,24.7012,0.88419,0.88387,8,0.0403,17.8490,+0.0152,11,0.0498,9
b,grid_k8,fire_test_0.89_0.17_0.24,17.0353,17.0274,-0.0079,24.5234,24.5231,0.89228,0.89225,7,0.0453,17.0270,-0.0083,9,0.0536,8
b,grid_k16,fire_test_0.89_0.17_0.24,17.0896,17.0986,+0.0090,24.7353,24.7330,0.90155,0.90136,9,0.0411,17.0986,+0.0090,13,0.0506,11
b,grid_k8,fire_test_0.94_0.89_0.85,17.3026,17.3048,+0.0021,24.3946,24.4000,0.88433,0.88452,13,0.0581,17.3042,+0.0016,12,0.0677,10
b,grid_k16,fire_test_0.94_0.89_0.85,17.0939,17.1063,+0.0124,24.1884,24.1851,0.88550,0.88517,12,0.0464,17.1057,+0.0117,14,0.0563,14
b,grid_k8,smoke_test_0.06_0.40_0.67,19.4381,19.3953,-0.0428,23.8411,23.8370,0.64313,0.64823,6,0.1561,19.3955,-0.0426,9,0.1750,10
b,grid_k16,smoke_test_0.06_0.40_0.67,19.2462,19.2466,+0.0004,23.7418,23.7433,0.63390,0.63463,9,0.1288,19.2460,-0.0002,11,0.1449,8
b,grid_k8,smoke_test_0.10_0.44_0.38,19.2511,19.2251,-0.0260,24.0295,24.0285,0.67977,0.68558,5,0.1520,19.2245,-0.0266,12,0.1716,12
b,grid_k16,smoke_test_0.10_0.44_0.38,19.2294,19.2293,-0.0001,24.0981,24.0989,0.68364,0.68381,11,0.1272,19.2296,+0.0002,10,0.1425,8
b,grid_k8,smoke_test_0.14_0.62_0.71,18.4756,18.4572,-0.0184,22.4864,22.4890,0.61136,0.62029,6,0.1466,18.4567,-0.0188,9,0.1644,7
b,grid_k16,smoke_test_0.14_0.62_0.71,18.4310,18.4220,-0.0089,22.5888,22.5877,0.64098,0.64124,9,0.1246,18.4212,-0.0098,12,0.1419,8
b,grid_k8,smoke_test_0.31_0.88_0.74,17.0863,17.0382,-0.0481,21.1141,21.1037,0.57780,0.59195,7,0.1672,17.0381,-0.0482,9,0.1885,12
b,grid_k16,smoke_test_0.31_0.88_0.74,16.8208,16.8329,+0.0121,21.1253,21.1440,0.62672,0.62626,12,0.1836,16.8330,+0.0123,14,0.2087,16
b,grid_k8,smoke_test_0.32_0.35_0.06,17.3130,17.2995,-0.0135,21.7068,21.7129,0.63905,0.64234,6,0.1714,17.2989,-0.0140,10,0.1975,11
b,grid_k16,smoke_test_0.32_0.35_0.06,16.8419,16.8476,+0.0057,21.4698,21.4769,0.63508,0.63533,12,0.1447,16.8472,+0.0053,15,0.1645,8
b,grid_k8,smoke_test_0.36_0.84_0.87,16.9525,16.9017,-0.0508,20.8009,20.7918,0.56792,0.58090,8,0.1672,16.9020,-0.0505,15,0.1905,11
b,grid_k16,smoke_test_0.36_0.84_0.87,16.6277,16.6376,+0.0099,20.7102,20.7281,0.60958,0.60925,9,0.2039,16.6381,+0.0104,18,0.2316,17
b,grid_k8,smoke_test_0.67_0.64_0.79,16.1306,16.1089,-0.0216,19.8180,19.8137,0.57792,0.58531,6,0.1709,16.1089,-0.0217,9,0.1960,7
b,grid_k16,smoke_test_0.67_0.64_0.79,15.5569,15.5710,+0.0141,19.3639,19.3852,0.60055,0.59980,9,0.2117,15.5703,+0.0134,10,0.2238,7
b,grid_k8,smoke_test_0.80_0.42_0.86,15.9320,15.9203,-0.0116,19.2767,19.2769,0.53838,0.54208,7,0.2200,15.9201,-0.0119,8,0.2464,8
b,grid_k16,smoke_test_0.80_0.42_0.86,15.7094,15.7152,+0.0058,19.1956,19.2125,0.56855,0.56965,12,0.2320,15.7152,+0.0058,12,0.2458,7
b,grid_k8,smoke_test_0.89_0.17_0.24,15.3650,15.3758,+0.0108,18.6701,18.6837,0.57653,0.57648,10,0.2938,15.3755,+0.0105,14,0.3274,13
b,grid_k16,smoke_test_0.89_0.17_0.24,15.2831,15.2960,+0.0129,18.6935,18.7108,0.58521,0.58602,9,0.2402,15.2961,+0.0130,11,0.2694,9
b,grid_k8,smoke_test_0.94_0.89_0.85,14.6433,14.5916,-0.0517,18.1371,18.1199,0.50620,0.51471,8,0.2250,14.5915,-0.0518,15,0.2673,14
b,grid_k16,smoke_test_0.94_0.89_0.85,14.7985,14.7740,-0.0245,18.3456,18.3202,0.54156,0.53855,11,0.2893,14.7735,-0.0250,15,0.3114,11
c,variation_k8,fire_seed1000,25.9241,25.8804,-0.0438,34.1547,34.1075,0.95664,0.95633,8,0.0519,25.8773,-0.0468,11,0.0581,10
c,variation_k24,fire_seed1000,26.0655,26.0444,-0.0211,34.1528,34.1423,0.95534,0.95526,7,0.0408,26.0412,-0.0243,9,0.0502,10
c,variation_k8,fire_seed1001,24.7605,24.7493,-0.0112,33.6673,33.6590,0.94980,0.94988,7,0.0270,24.7478,-0.0126,11,0.0350,11
c,variation_k24,fire_seed1001,24.8339,24.8034,-0.0305,33.5265,33.5225,0.95185,0.95195,6,0.0325,24.7998,-0.0342,8,0.0381,9
c,variation_k8,fire_seed1002,25.4193,25.4102,-0.0090,34.7201,34.7126,0.96088,0.96096,5,0.0245,25.4074,-0.0118,7,0.0301,8
c,variation_k24,fire_seed1002,25.6412,25.6278,-0.0134,34.5237,34.5203,0.95905,0.95904,9,0.0324,25.6212,-0.0200,11,0.0399,10
c,variation_k8,fire_seed1003,26.4821,26.4769,-0.0052,35.4330,35.4322,0.95840,0.95847,5,0.0214,26.4754,-0.0067,7,0.0277,7
c,variation_k24,fire_seed1003,26.3758,26.3400,-0.0358,35.0071,34.9939,0.95747,0.95753,9,0.0398,26.3362,-0.0396,11,0.0453,10
c,variation_k8,fire_seed1004,24.0502,24.0317,-0.0185,32.7594,32.7516,0.95587,0.95594,6,0.0368,24.0302,-0.0200,9,0.0444,8
c,variation_k24,fire_seed1004,24.5234,24.5063,-0.0171,33.1609,33.1472,0.95596,0.95593,9,0.0491,24.5033,-0.0200,16,0.0564,17
c,variation_k8,fire_seed1005,24.2735,24.2611,-0.0123,33.1083,33.0970,0.95002,0.95009,7,0.0305,24.2581,-0.0154,11,0.0390,11
c,variation_k24,fire_seed1005,25.5190,25.4793,-0.0396,34.2051,34.1918,0.95738,0.95759,7,0.0347,25.4779,-0.0411,11,0.0405,10
c,variation_k8,fire_seed1006,24.2781,24.2547,-0.0234,33.9051,33.8797,0.96161,0.96156,8,0.0356,24.2521,-0.0260,9,0.0404,7
c,variation_k24,fire_seed1006,24.7620,24.7496,-0.0124,34.0763,34.0719,0.96091,0.96087,7,0.0331,24.7476,-0.0144,9,0.0395,8
c,variation_k8,fire_seed1007,25.0856,25.0818,-0.0038,33.8412,33.8415,0.95487,0.95494,8,0.0287,25.0811,-0.0045,11,0.0368,10
c,variation_k24,fire_seed1007,26.2623,26.2412,-0.0211,34.8197,34.8135,0.95986,0.95986,7,0.0387,26.2359,-0.0264,11,0.0444,9
c,variation_k8,fire_seed1008,24.7724,24.7715,-0.0009,32.7877,32.7873,0.95712,0.95718,7,0.0455,24.7690,-0.0034,8,0.0531,9
c,variation_k24,fire_seed1008,25.1834,25.1673,-0.0161,33.0451,33.0320,0.95750,0.95749,7,0.0571,25.1644,-0.0191,15,0.0670,11
c,variation_k8,fire_seed1009,24.4684,24.4579,-0.0105,33.6837,33.6741,0.95811,0.95812,7,0.0298,24.4550,-0.0134,10,0.0352,8
c,variation_k24,fire_seed1009,24.9693,24.9601,-0.0092,34.0440,34.0403,0.95941,0.95938,7,0.0377,24.9559,-0.0134,12,0.0464,13
c,variation_k8,fire_seed1010,25.3998,25.3729,-0.0269,33.5775,33.5515,0.96030,0.96030,9,0.0538,25.3705,-0.0293,11,0.0594,9
c,variation_k24,fire_seed1010,25.6712,25.6618,-0.0095,33.6721,33.6713,0.95604,0.95589,9,0.0543,25.6570,-0.0142,10,0.0641,12
c,variation_k8,fire_seed1011,24.7241,24.7168,-0.0073,33.4630,33.4581,0.95386,0.95394,6,0.0256,24.7150,-0.0090,9,0.0327,9
c,variation_k24,fire_seed1011,25.5734,25.5454,-0.0280,34.2082,34.1966,0.95830,0.95835,7,0.0447,25.5425,-0.0309,11,0.0506,9
c,variation_k8,fire_seed1012,24.6019,24.5824,-0.0195,34.4131,34.4025,0.95815,0.95824,8,0.0282,24.5789,-0.0230,10,0.0351,8
c,variation_k24,fire_seed1012,25.5738,25.5488,-0.0250,35.5286,35.5169,0.96530,0.96533,8,0.0300,25.5469,-0.0269,11,0.0357,10
c,variation_k8,fire_seed1013,24.4050,24.3953,-0.0097,33.3768,33.3807,0.95768,0.95786,7,0.0340,24.3951,-0.0099,10,0.0430,9
c,variation_k24,fire_seed1013,25.0332,25.0249,-0.0082,33.9726,33.9715,0.95874,0.95879,11,0.0495,25.0183,-0.0148,14,0.0571,14
c,variation_k8,fire_seed1014,24.1484,24.1403,-0.0081,33.9295,33.9271,0.95460,0.95471,8,0.0237,24.1367,-0.0116,9,0.0308,9
c,variation_k24,fire_seed1014,24.9720,24.9290,-0.0430,34.8199,34.8073,0.95928,0.95966,7,0.0357,24.9268,-0.0452,12,0.0405,12
c,variation_k8,fire_seed1015,24.8849,24.8734,-0.0115,33.0914,33.0804,0.95608,0.95615,7,0.0445,24.8702,-0.0148,12,0.0534,11
c,variation_k24,fire_seed1015,25.4784,25.4558,-0.0225,33.6735,33.6599,0.95836,0.95845,8,0.0560,25.4527,-0.0257,10,0.0638,11
c,variation_k8,fire_seed1016,24.2569,24.2380,-0.0189,35.9824,35.9802,0.96381,0.96400,7,0.0157,24.2350,-0.0218,10,0.0201,12
c,variation_k24,fire_seed1016,25.0483,25.0158,-0.0326,36.8513,36.8420,0.96331,0.96350,8,0.0212,25.0139,-0.0344,12,0.0254,13
c,variation_k8,fire_seed1017,25.0701,25.0639,-0.0061,33.9130,33.9084,0.96033,0.96038,7,0.0290,25.0607,-0.0093,11,0.0369,10
c,variation_k24,fire_seed1017,25.4587,25.4406,-0.0181,33.9805,33.9723,0.96120,0.96119,8,0.0410,25.4377,-0.0210,9,0.0478,11
c,variation_k8,fire_seed1018,25.1790,25.1581,-0.0209,34.3638,34.3481,0.96140,0.96147,7,0.0289,25.1559,-0.0231,10,0.0340,7
c,variation_k24,fire_seed1018,25.2111,25.2003,-0.0109,34.2247,34.2254,0.95878,0.95873,6,0.0345,25.1951,-0.0160,8,0.0419,8
c,variation_k8,fire_seed1019,26.5593,26.5467,-0.0126,34.7000,34.6910,0.95968,0.95966,6,0.0360,26.5440,-0.0153,7,0.0414,6
c,variation_k24,fire_seed1019,26.8233,26.8133,-0.0099,34.7751,34.7747,0.95672,0.95675,7,0.0451,26.8091,-0.0141,10,0.0516,12
c,variation_k8,fire_seed1020,24.7799,24.7719,-0.0079,34.2354,34.2348,0.95748,0.95759,7,0.0244,24.7687,-0.0112,9,0.0307,8
c,variation_k24,fire_seed1020,25.3439,25.3106,-0.0334,34.8809,34.8613,0.96207,0.96213,8,0.0409,25.3065,-0.0375,12,0.0466,15
c,variation_k8,fire_seed1021,23.7650,23.7477,-0.0172,33.6993,33.6921,0.95531,0.95547,8,0.0268,23.7458,-0.0192,12,0.0345,10
c,variation_k24,fire_seed1021,24.8070,24.7689,-0.0381,34.5525,34.5381,0.95852,0.95862,8,0.0413,24.7641,-0.0429,13,0.0478,14
c,variation_k8,fire_seed1022,24.9736,24.9512,-0.0224,34.5484,34.5281,0.95531,0.95538,7,0.0291,24.9473,-0.0263,10,0.0357,10
c,variation_k24,fire_seed1022,26.3192,26.2849,-0.0343,35.7465,35.7342,0.95792,0.95807,6,0.0283,26.2780,-0.0412,9,0.0344,9
c,variation_k8,fire_seed1023,25.1523,25.1467,-0.0056,34.2150,34.2145,0.96092,0.96099,5,0.0222,25.1444,-0.0079,7,0.0284,8
c,variation_k24,fire_seed1023,25.8147,25.7992,-0.0154,34.8667,34.8595,0.96291,0.96290,7,0.0357,25.7975,-0.0172,9,0.0420,12
c,variation_k8,smoke_seed1000,25.7754,25.7651,-0.0103,30.6930,30.6856,0.91622,0.91622,6,0.1495,25.7618,-0.0135,9,0.1690,9
c,variation_k24,smoke_seed1000,26.7584,26.7377,-0.0207,31.7235,31.7000,0.92800,0.92800,6,0.1473,26.7340,-0.0244,9,0.1611,10
c,variation_k8,smoke_seed1001,25.6035,25.5928,-0.0107,30.5356,30.5272,0.91183,0.91176,5,0.0903,25.5901,-0.0134,8,0.1179,9
c,variation_k24,smoke_seed1001,26.4931,26.4945,+0.0013,31.4878,31.4826,0.92611,0.92602,7,0.1370,26.4890,-0.0041,9,0.1582,7
c,variation_k8,smoke_seed1002,25.3642,25.3547,-0.0095,30.6901,30.6817,0.91367,0.91361,7,0.0875,25.3518,-0.0124,8,0.1115,9
c,variation_k24,smoke_seed1002,24.8682,24.8608,-0.0074,30.3798,30.3706,0.91448,0.91430,7,0.1261,24.8574,-0.0108,10,0.1474,10
c,variation_k8,smoke_seed1003,26.3716,26.3640,-0.0076,31.6405,31.6329,0.91188,0.91182,6,0.0712,26.3617,-0.0098,8,0.0978,8
c,variation_k24,smoke_seed1003,26.7999,26.7948,-0.0051,32.2640,32.2518,0.92933,0.92922,6,0.1101,26.7911,-0.0087,8,0.1298,6
c,variation_k8,smoke_seed1004,25.9465,25.9271,-0.0194,31.1392,31.1189,0.91968,0.91943,7,0.1291,25.9236,-0.0229,10,0.1453,7
c,variation_k24,smoke_seed1004,25.9801,25.9768,-0.0033,31.2980,31.2935,0.92262,0.92261,4,0.0798,25.9739,-0.0062,9,0.1054,8
c,variation_k8,smoke_seed1005,25.9384,25.9335,-0.0049,30.3429,30.3363,0.92088,0.92065,6,0.1126,25.9301,-0.0083,9,0.1383,10
c,variation_k24,smoke_seed1005,25.8412,25.8391,-0.0021,30.3850,30.3779,0.92378,0.92358,6,0.1207,25.8362,-0.0050,8,0.1451,6
c,variation_k8,smoke_seed1006,26.9739,26.9567,-0.0172,31.4610,31.4554,0.90930,0.90955,5,0.1196,26.9511,-0.0228,9,0.1503,13
c,variation_k24,smoke_seed1006,27.1204,27.1240,+0.0037,31.7103,31.7071,0.91170,0.91163,8,0.1815,27.1184,-0.0019,10,0.2002,10
c,variation_k8,smoke_seed1007,26.4321,26.4247,-0.0074,31.3122,31.2964,0.91788,0.91753,7,0.1057,26.4225,-0.0096,9,0.1290,8
c,variation_k24,smoke_seed1007,26.1878,26.1927,+0.0049,31.2370,31.2366,0.92355,0.92330,6,0.0950,26.1902,+0.0024,7,0.1193,6
c,variation_k8,smoke_seed1008,26.2553,26.2368,-0.0185,31.1696,31.1497,0.93528,0.93519,6,0.1564,26.2337,-0.0215,8,0.1741,6
c,variation_k24,smoke_seed1008,25.6368,25.6326,-0.0042,30.6039,30.5983,0.91603,0.91592,6,0.1296,25.6276,-0.0091,7,0.1622,8
c,variation_k8,smoke_seed1009,25.6776,25.6723,-0.0053,31.3440,31.3305,0.92550,0.92498,7,0.0991,25.6692,-0.0084,11,0.1197,10
c,variation_k24,smoke_seed1009,25.4313,25.4305,-0.0009,31.2694,31.2646,0.92842,0.92815,7,0.0873,25.4264,-0.0049,12,0.1139,12
c,variation_k8,smoke_seed1010,25.9530,25.9482,-0.0049,30.8007,30.7916,0.91729,0.91704,6,0.1235,25.9431,-0.0099,9,0.1524,10
c,variation_k24,smoke_seed1010,26.4263,26.4024,-0.0239,31.3852,31.3622,0.92193,0.92198,6,0.1926,26.3977,-0.0286,9,0.2147,10
c,variation_k8,smoke_seed1011,25.8332,25.8305,-0.0027,30.9808,30.9789,0.91665,0.91654,5,0.0860,25.8285,-0.0047,7,0.1093,7
c,variation_k24,smoke_seed1011,26.1316,26.1193,-0.0123,31.4417,31.4177,0.92652,0.92616,9,0.1798,26.1152,-0.0164,10,0.1930,9
c,variation_k8,smoke_seed1012,27.3081,27.2919,-0.0162,32.5679,32.5592,0.90767,0.90794,5,0.0750,27.2882,-0.0200,7,0.0961,7
c,variation_k24,smoke_seed1012,27.5960,27.5967,+0.0008,33.0074,33.0019,0.91870,0.91854,4,0.0778,27.5920,-0.0040,7,0.0958,6
c,variation_k8,smoke_seed1013,25.6199,25.5962,-0.0237,30.8019,30.7840,0.91508,0.91507,8,0.1833,25.5933,-0.0265,12,0.2029,10
c,variation_k24,smoke_seed1013,25.6729,25.6732,+0.0003,30.9221,30.9141,0.91761,0.91721,7,0.1711,25.6694,-0.0035,10,0.1861,8
c,variation_k8,smoke_seed1014,27.7933,27.7906,-0.0027,31.9272,31.9257,0.91952,0.91945,5,0.0950,27.7865,-0.0068,8,0.1233,10
c,variation_k24,smoke_seed1014,27.4603,27.4578,-0.0025,31.6940,31.6865,0.91466,0.91465,7,0.1397,27.4546,-0.0057,9,0.1619,8
c,variation_k8,smoke_seed1015,25.7612,25.7581,-0.0030,30.7661,30.7636,0.91714,0.91705,7,0.0992,25.7533,-0.0078,9,0.1300,9
c,variation_k24,smoke_seed1015,25.4952,25.4984,+0.0032,30.7854,30.7832,0.91025,0.91007,5,0.1075,25.4942,-0.0010,9,0.1368,8
c,variation_k8,smoke_seed1016,27.2743,27.2634,-0.0109,32.9353,32.9293,0.88824,0.88829,5,0.0607,27.2606,-0.0137,8,0.0790,6
c,variation_k24,smoke_seed1016,27.6683,27.6779,+0.0096,33.6311,33.6280,0.89888,0.89864,4,0.0730,27.6763,+0.0079,5,0.0817,6
c,variation_k8,smoke_seed1017,25.5640,25.5562,-0.0078,30.5572,30.5490,0.91786,0.91761,8,0.0982,25.5527,-0.0113,10,0.1309,12
c,variation_k24,smoke_seed1017,25.5469,25.5484,+0.0015,30.7426,30.7373,0.91946,0.91918,6,0.1509,25.5446,-0.0024,10,0.1746,9
c,variation_k8,smoke_seed1018,24.9046,24.8901,-0.0145,30.2680,30.2493,0.92601,0.92588,9,0.1978,24.8848,-0.0198,14,0.2207,11
c,variation_k24,smoke_seed1018,25.0577,25.0596,+0.0019,30.5554,30.5558,0.93166,0.93152,7,0.1014,25.0565,-0.0012,8,0.1301,12
c,variation_k8,smoke_seed1019,25.7656,25.7580,-0.0076,30.9824,30.9735,0.91689,0.91678,9,0.1174,25.7532,-0.0124,13,0.1436,11
c,variation_k24,smoke_seed1019,25.9335,25.9367,+0.0032,31.2992,31.3000,0.91940,0.91951,4,0.0803,25.9334,-0.0001,6,0.1071,8
c,variation_k8,smoke_seed1020,26.5741,26.5637,-0.0104,31.6789,31.6734,0.90700,0.90715,5,0.1020,26.5610,-0.0131,6,0.1224,6
c,variation_k24,smoke_seed1020,27.0949,27.0972,+0.0023,32.4229,32.4232,0.92345,0.92347,6,0.0769,27.0949,-0.0000,9,0.0982,8
c,variation_k8,smoke_seed1021,26.7847,26.7739,-0.0108,31.2990,31.2932,0.91614,0.91622,7,0.1185,26.7713,-0.0134,9,0.1431,7
c,variation_k24,smoke_seed1021,27.3228,27.3174,-0.0054,32.1128,32.0995,0.92857,0.92834,6,0.1176,27.3138,-0.0090,8,0.1367,7
c,variation_k8,smoke_seed1022,25.8060,25.8030,-0.0030,30.2460,30.2439,0.90686,0.90671,7,0.1519,25.8002,-0.0058,10,0.1714,9
c,variation_k24,smoke_seed1022,26.0745,26.0739,-0.0006,30.7296,30.7190,0.91913,0.91884,6,0.1640,26.0715,-0.0030,7,0.1741,7
c,variation_k8,smoke_seed1023,25.0618,25.0556,-0.0062,29.7165,29.7116,0.90788,0.90789,8,0.1065,25.0521,-0.0097,9,0.1307,10
c,variation_k24,smoke_seed1023,25.1826,25.1833,+0.0007,30.0822,30.0749,0.91718,0.91700,7,0.1635,25.1810,-0.0017,9,0.1773,7
c,variation_k8,explosion_seed1000,28.6188,28.5545,-0.0643,33.0412,32.9720,0.96162,0.96051,14,0.2487,28.5499,-0.0689,16,0.2643,9
c,variation_k24,explosion_seed1000,29.1692,29.1186,-0.0507,33.5461,33.4977,0.96397,0.96367,6,0.1690,29.1137,-0.0555,8,0.1865,6
c,variation_k8,explosion_seed1001,30.2632,30.2044,-0.0588,34.7781,34.7131,0.96387,0.96339,13,0.2229,30.1991,-0.0641,15,0.2375,7
c,variation_k24,explosion_seed1001,30.7864,30.7320,-0.0544,35.1848,35.1285,0.96273,0.96246,6,0.1417,30.7256,-0.0608,7,0.1607,7
c,variation_k8,explosion_seed1002,30.4556,30.3928,-0.0628,34.8634,34.7982,0.96647,0.96630,11,0.2013,30.3881,-0.0675,14,0.2162,7
c,variation_k24,explosion_seed1002,30.3053,30.2221,-0.0831,34.6457,34.5633,0.96359,0.96321,6,0.1699,30.2146,-0.0907,7,0.1908,7
c,variation_k8,explosion_seed1003,29.6343,29.5990,-0.0354,33.9973,33.9604,0.95980,0.95968,10,0.2010,29.5945,-0.0398,12,0.2172,7
c,variation_k24,explosion_seed1003,30.1536,30.1063,-0.0473,34.4527,34.4051,0.96275,0.96234,5,0.1597,30.1003,-0.0533,9,0.1780,8
c,variation_k8,explosion_seed1004,30.3828,30.2935,-0.0893,34.9969,34.8988,0.96222,0.96114,10,0.2351,30.2877,-0.0951,12,0.2484,7
c,variation_k24,explosion_seed1004,31.2164,31.1662,-0.0502,35.7841,35.7243,0.96576,0.96517,6,0.1437,31.1574,-0.0590,7,0.1640,7
c,variation_k8,explosion_seed1005,29.4405,29.3816,-0.0590,34.0586,33.9942,0.96073,0.96028,11,0.2210,29.3762,-0.0643,12,0.2350,7
c,variation_k24,explosion_seed1005,30.1571,30.1084,-0.0487,34.7401,34.6841,0.96474,0.96399,6,0.1549,30.1011,-0.0560,7,0.1733,6
c,variation_k8,explosion_seed1006,30.6275,30.5918,-0.0356,35.7148,35.6616,0.96521,0.96410,11,0.1890,30.5840,-0.0434,14,0.2016,6
c,variation_k24,explosion_seed1006,31.4608,31.4126,-0.0482,36.3936,36.3185,0.96310,0.96208,6,0.1320,31.4029,-0.0579,7,0.1495,7
c,variation_k8,explosion_seed1007,30.4327,30.3420,-0.0907,34.7344,34.6429,0.96696,0.96677,14,0.2501,30.3347,-0.0979,15,0.2660,8
c,variation_k24,explosion_seed1007,30.4500,30.3985,-0.0516,34.7341,34.6865,0.96633,0.96611,6,0.1743,30.3899,-0.0602,7,0.1946,8
c,variation_k8,explosion_seed1008,29.9283,29.8770,-0.0513,34.1729,34.1194,0.95941,0.95934,13,0.2362,29.8709,-0.0575,16,0.2522,11
c,variation_k24,explosion_seed1008,30.2658,30.1794,-0.0864,34.4555,34.3695,0.96019,0.95967,6,0.1960,30.1699,-0.0959,10,0.2179,11
c,variation_k8,explosion_seed1009,29.4743,29.3975,-0.0768,33.7575,33.6815,0.96079,0.96080,11,0.2257,29.3914,-0.0830,13,0.2420,7
c,variation_k24,explosion_seed1009,30.2006,30.1288,-0.0718,34.4431,34.3771,0.96472,0.96452,6,0.1712,30.1230,-0.0776,8,0.1899,6
c,variation_k8,explosion_seed1010,29.9734,29.9092,-0.0642,34.2805,34.2162,0.96012,0.95980,15,0.2359,29.9028,-0.0706,18,0.2542,11
c,variation_k24,explosion_seed1010,30.3955,30.3104,-0.0852,34.6443,34.5623,0.96046,0.96012,7,0.1864,30.3023,-0.0932,11,0.2073,16
c,variation_k8,explosion_seed1011,29.4539,29.4075,-0.0464,33.8203,33.7754,0.95984,0.95985,12,0.2105,29.4026,-0.0513,13,0.2243,7
c,variation_k24,explosion_seed1011,30.1750,30.1182,-0.0568,34.5446,34.4885,0.96541,0.96496,6,0.1607,30.1120,-0.0630,7,0.1792,6
c,variation_k8,explosion_seed1012,29.9385,29.8858,-0.0528,34.2178,34.1648,0.96228,0.96233,12,0.2196,29.8799,-0.0587,15,0.2359,7
c,variation_k24,explosion_seed1012,30.7504,30.6800,-0.0703,34.9669,34.8961,0.96627,0.96580,6,0.1744,30.6715,-0.0789,7,0.1955,7
c,variation_k8,explosion_seed1013,29.5528,29.5219,-0.0309,33.8050,33.7753,0.95733,0.95734,13,0.2401,29.5155,-0.0373,13,0.2590,9
c,variation_k24,explosion_seed1013,30.2835,30.2078,-0.0757,34.4586,34.3844,0.96007,0.95962,7,0.1865,30.1988,-0.0846,9,0.2102,10
c,variation_k8,explosion_seed1014,29.4728,29.4249,-0.0479,33.8740,33.8269,0.96360,0.96363,13,0.2297,29.4190,-0.0538,14,0.2458,8
c,variation_k24,explosion_seed1014,29.9425,29.8741,-0.0685,34.2943,34.2291,0.96526,0.96489,6,0.1777,29.8662,-0.0764,9,0.1991,10
c,variation_k8,explosion_seed1015,30.1030,30.0459,-0.0571,34.6107,34.5551,0.96123,0.96131,13,0.2227,30.0387,-0.0644,14,0.2371,7
c,variation_k24,explosion_seed1015,30.8901,30.8344,-0.0557,35.3351,35.2780,0.96562,0.96517,6,0.1563,30.8235,-0.0666,8,0.1776,9
c,variation_k8,explosion_seed1016,29.8625,29.7767,-0.0859,34.4091,34.3164,0.96257,0.96133,12,0.2481,29.7707,-0.0918,15,0.2605,7
c,variation_k24,explosion_seed1016,30.4615,30.4250,-0.0366,34.9480,34.9012,0.96365,0.96303,6,0.1482,30.4170,-0.0446,8,0.1701,7
c,variation_k8,explosion_seed1017,29.5264,29.5026,-0.0238,34.2457,34.2007,0.96044,0.95904,10,0.2206,29.4958,-0.0306,12,0.2355,7
c,variation_k24,explosion_seed1017,30.3066,30.2657,-0.0409,34.9825,34.9294,0.96448,0.96383,5,0.1475,30.2585,-0.0481,8,0.1655,7
c,variation_k8,explosion_seed1018,29.6427,29.5802,-0.0624,33.9248,33.8650,0.96183,0.96206,13,0.2035,29.5755,-0.0671,13,0.2211,9
c,variation_k24,explosion_seed1018,30.1211,30.0645,-0.0567,34.3338,34.2767,0.96419,0.96367,6,0.1784,30.0586,-0.0626,9,0.1983,7
c,variation_k8,explosion_seed1019,30.1693,30.1155,-0.0538,34.8196,34.7606,0.96565,0.96465,12,0.2303,30.1091,-0.0602,13,0.2428,6
c,variation_k24,explosion_seed1019,30.3546,30.2895,-0.0651,34.8735,34.8183,0.96082,0.96081,6,0.1604,30.2822,-0.0724,8,0.1782,8
c,variation_k8,explosion_seed1020,29.5346,29.4875,-0.0471,34.0611,34.0117,0.96255,0.96236,12,0.2074,29.4815,-0.0531,14,0.2235,7
c,variation_k24,explosion_seed1020,30.6260,30.5689,-0.0571,35.0682,35.0128,0.96742,0.96725,6,0.1475,30.5617,-0.0643,6,0.1657,7
c,variation_k8,explosion_seed1021,29.6288,29.5789,-0.0499,34.1046,34.0541,0.96174,0.96186,11,0.1991,29.5745,-0.0543,14,0.2131,9
c,variation_k24,explosion_seed1021,30.1838,30.1316,-0.0522,34.5534,34.4990,0.96327,0.96290,6,0.1536,30.1253,-0.0585,8,0.1717,6
c,variation_k8,explosion_seed1022,29.3824,29.3093,-0.0731,33.8585,33.7840,0.96549,0.96505,12,0.2379,29.3038,-0.0785,15,0.2511,7
c,variation_k24,explosion_seed1022,29.3794,29.3397,-0.0397,33.7486,33.7091,0.96217,0.96176,7,0.1710,29.3339,-0.0455,10,0.1933,12
c,variation_k8,explosion_seed1023,29.1963,29.1366,-0.0596,33.7693,33.7054,0.96137,0.96105,12,0.2281,29.1324,-0.0639,17,0.2408,8
c,variation_k24,explosion_seed1023,29.5338,29.4853,-0.0485,34.0116,33.9572,0.96131,0.96069,7,0.1601,29.4773,-0.0566,7,0.1807,8
