network,files,active_psnr,net_kb,net_cm_kb,net_zlib_kb,flipbook_kb,flipbook_cm_kb,flipbook_zlib_kb,ratio_memory,ratio_cm,ratio_zlib,baseline
conv_m|16,3,31.333,268.1,220.6,247.7,634.3,101.1,228.6,2.366,0.458,0.923,bc3layout
conv_m|8,3,31.326,142.1,117.6,131.9,633.7,101.1,228.6,4.458,0.860,1.733,bc3layout
conv_s|16,3,29.452,132.2,108.0,122.2,342.6,81.2,116.1,2.592,0.751,0.950,bc3layout
conv_s|8,3,29.445,69.2,57.2,64.4,340.6,81.1,115.8,4.921,1.419,1.798,bc3layout
grid_l|16,3,36.277,579.2,430.5,524.2,>1024.0,>148.2,>265.8,1.768,0.344,0.507,bc3layout
grid_l|8,3,36.228,291.7,175.0,236.3,>1024.0,>148.2,>265.8,3.511,0.847,1.125,bc3layout
grid_m|16,3,32.641,259.2,195.7,237.9,774.1,118.5,243.4,2.987,0.606,1.023,bc3layout
grid_m|8,12,32.619,131.7,85.0,112.7,771.5,118.2,243.2,5.859,1.391,2.157,bc3layout
grid_mt|16,3,33.775,515.2,385.1,465.1,919.9,136.0,257.0,1.786,0.353,0.553,bc3layout
grid_mt|8,3,33.757,260.2,180.1,230.7,917.3,135.7,256.8,3.526,0.753,1.113,bc3layout
grid_s|16,3,28.075,144.6,110.9,133.5,264.9,48.3,76.1,1.832,0.436,0.570,bc3layout
grid_s|8,3,28.067,73.1,48.0,65.8,264.7,48.3,76.1,3.620,1.006,1.156,bc3layout
conv_m|16,3,31.333,268.1,220.6,247.7,520.0,116.8,216.9,1.939,0.530,0.876,bc7
conv_m|8,3,31.326,142.1,117.6,131.9,519.7,116.8,216.8,3.657,0.993,1.644,bc7
conv_s|16,3,29.452,132.2,108.0,122.2,279.0,63.0,83.0,2.110,0.584,0.679,bc7
conv_s|8,3,29.445,69.2,57.2,64.4,278.9,63.0,82.9,4.029,1.102,1.287,bc7
grid_l|16,3,36.277,579.2,430.5,524.2,729.6,162.7,273.3,1.260,0.378,0.521,bc7
grid_l|8,3,36.228,291.7,175.0,236.3,727.1,162.3,273.1,2.493,0.928,1.156,bc7
grid_m|16,3,32.641,259.2,195.7,237.9,568.7,129.0,236.0,2.194,0.659,0.992,bc7
grid_m|8,12,32.619,131.7,85.0,112.7,567.9,128.7,235.7,4.313,1.515,2.091,bc7
grid_mt|16,3,33.775,515.2,385.1,465.1,614.6,140.5,254.0,1.193,0.365,0.546,bc7
grid_mt|8,3,33.757,260.2,180.1,230.7,613.9,140.3,253.7,2.359,0.779,1.100,bc7
grid_s|16,3,28.075,144.6,110.9,133.5,239.6,48.3,76.3,1.657,0.436,0.572,bc7
grid_s|8,3,28.067,73.1,48.0,65.8,238.6,48.3,76.3,3.263,1.006,1.160,bc7
conv_m|16,3,31.333,268.1,220.6,247.7,243.7,72.7,89.6,0.909,0.330,0.362,all
conv_m|8,3,31.326,142.1,117.6,131.9,243.7,72.7,89.6,1.714,0.619,0.679,all
conv_s|16,3,29.452,132.2,108.0,122.2,122.8,37.9,45.8,0.929,0.351,0.375,all
conv_s|8,3,29.445,69.2,57.2,64.4,122.7,37.9,45.8,1.773,0.663,0.710,all
grid_l|16,3,36.277,579.2,430.5,524.2,450.7,124.2,153.2,0.778,0.289,0.292,all
grid_l|8,3,36.228,291.7,175.0,236.3,448.4,124.0,153.1,1.537,0.709,0.648,all
grid_m|16,3,32.641,259.2,195.7,237.9,250.9,73.5,90.0,0.968,0.375,0.378,all
grid_m|8,12,32.619,131.7,85.0,112.7,250.8,73.4,90.0,1.905,0.864,0.798,all
grid_mt|16,3,33.775,515.2,385.1,465.1,346.5,115.6,149.8,0.673,0.300,0.322,all
grid_mt|8,3,33.757,260.2,180.1,230.7,345.8,115.6,149.7,1.329,0.642,0.649,all
grid_s|16,3,28.075,144.6,110.9,133.5,73.9,18.4,25.9,0.511,0.166,0.194,all
grid_s|8,3,28.067,73.1,48.0,65.8,73.8,18.4,25.9,1.010,0.382,0.393,all
