file,config,original_bytes,packed_bytes,ratio,decode_ms_min,decode_ms_median,decode_mb_per_s,segments,slice_ms_mean,slice_ms_max,slice_values_max
explosion_0_grid_m8.nvfx,cm,134834,87777,1.5361,288.541,294.394,0.467,0,0.000,0.000,0
explosion_0_grid_m8.nvfx,cm+lz,134834,87781,1.5360,279.135,296.391,0.483,0,0.000,0.000,0
explosion_0_grid_m8.nvfx,light,134834,90710,1.4864,61.065,62.810,2.208,0,0.000,0.000,0
explosion_0_grid_m8.nvfx,light+lz,134834,90711,1.4864,61.531,63.004,2.191,0,0.000,0.000,0
explosion_0_grid_m8.nvfx,light+lz seekable,134834,90927,1.4829,61.652,62.497,2.187,10,7.039,34.073,65536
explosion_0_grid_m8.nvfx,fast,134834,99266,1.3583,12.674,13.074,10.639,0,0.000,0.000,0
explosion_0_grid_m8.nvfx,fast+lz,134834,99242,1.3586,12.597,12.741,10.704,0,0.000,0.000,0
explosion_0_grid_m8.nvfx,fast+lz seekable,134834,99545,1.3545,12.552,13.225,10.742,10,1.878,8.630,65536
explosion_0_grid_m8.nvfx,zlib-9,134834,119394,1.1293,1.018,1.043,132.480,0,0.000,0.000,0
fire_0_conv_m16.nvfx,cm,274570,226559,1.2119,599.653,654.403,0.458,0,0.000,0.000,0
fire_0_conv_m16.nvfx,cm+lz,274570,226563,1.2119,618.585,644.982,0.444,0,0.000,0.000,0
fire_0_conv_m16.nvfx,light,274570,230711,1.1901,69.565,73.306,3.947,0,0.000,0.000,0
fire_0_conv_m16.nvfx,light+lz,274570,230713,1.1901,70.542,72.622,3.892,0,0.000,0.000,0
fire_0_conv_m16.nvfx,light+lz seekable,274570,230955,1.1888,68.105,71.079,4.032,11,8.241,47.117,65536
fire_0_conv_m16.nvfx,fast,274570,270594,1.0147,22.862,23.289,12.010,0,0.000,0.000,0
fire_0_conv_m16.nvfx,fast+lz,274570,270566,1.0148,22.258,22.463,12.336,0,0.000,0.000,0
fire_0_conv_m16.nvfx,fast+lz seekable,274570,270896,1.0136,22.432,23.073,12.240,11,2.215,10.890,65536
fire_0_conv_m16.nvfx,zlib-9,274570,253647,1.0825,1.822,1.828,150.708,0,0.000,0.000,0
fire_0_conv_m8.nvfx,cm,145546,117686,1.2367,312.373,327.934,0.466,0,0.000,0.000,0
fire_0_conv_m8.nvfx,cm+lz,145546,117691,1.2367,308.549,317.682,0.472,0,0.000,0.000,0
fire_0_conv_m8.nvfx,light,145546,120348,1.2094,62.806,63.311,2.317,0,0.000,0.000,0
fire_0_conv_m8.nvfx,light+lz,145546,120351,1.2093,62.758,65.318,2.319,0,0.000,0.000,0
fire_0_conv_m8.nvfx,light+lz seekable,145546,120626,1.2066,60.981,62.348,2.387,11,6.844,29.912,65536
fire_0_conv_m8.nvfx,fast,145546,130051,1.1191,15.005,15.146,9.700,0,0.000,0.000,0
fire_0_conv_m8.nvfx,fast+lz,145546,130024,1.1194,14.870,15.411,9.788,0,0.000,0.000,0
fire_0_conv_m8.nvfx,fast+lz seekable,145546,130335,1.1167,14.961,15.181,9.728,11,1.750,7.241,65536
fire_0_conv_m8.nvfx,zlib-9,145546,133408,1.0910,1.048,1.065,138.879,0,0.000,0.000,0
fire_0_conv_s16.nvfx,cm,135386,111765,1.2113,292.281,300.360,0.463,0,0.000,0.000,0
fire_0_conv_s16.nvfx,cm+lz,135386,111769,1.2113,290.394,303.875,0.466,0,0.000,0.000,0
fire_0_conv_s16.nvfx,light,135386,113580,1.1920,36.161,36.658,3.744,0,0.000,0.000,0
fire_0_conv_s16.nvfx,light+lz,135386,113583,1.1920,35.413,35.780,3.823,0,0.000,0.000,0
fire_0_conv_s16.nvfx,light+lz seekable,135386,113715,1.1906,35.073,36.525,3.860,10,3.923,33.421,65536
fire_0_conv_s16.nvfx,fast,135386,132626,1.0208,11.274,11.358,12.009,0,0.000,0.000,0
fire_0_conv_s16.nvfx,fast+lz,135386,132600,1.0210,11.086,11.269,12.213,0,0.000,0.000,0
fire_0_conv_s16.nvfx,fast+lz seekable,135386,132856,1.0190,11.436,11.602,11.838,10,1.223,11.018,65536
fire_0_conv_s16.nvfx,zlib-9,135386,125491,1.0789,0.890,0.908,152.172,0,0.000,0.000,0
fire_0_conv_s8.nvfx,cm,70874,57148,1.2402,126.682,127.659,0.559,0,0.000,0.000,0
fire_0_conv_s8.nvfx,cm+lz,70874,57152,1.2401,119.636,124.172,0.592,0,0.000,0.000,0
fire_0_conv_s8.nvfx,light,70874,58344,1.2148,30.961,31.439,2.289,0,0.000,0.000,0
fire_0_conv_s8.nvfx,light+lz,70874,58346,1.2147,30.442,30.759,2.328,0,0.000,0.000,0
fire_0_conv_s8.nvfx,light+lz seekable,70874,58479,1.2120,30.370,30.429,2.334,10,3.855,29.126,65536
fire_0_conv_s8.nvfx,fast,70874,62825,1.1281,7.266,7.397,9.755,0,0.000,0.000,0
fire_0_conv_s8.nvfx,fast+lz,70874,62798,1.1286,7.224,7.357,9.811,0,0.000,0.000,0
fire_0_conv_s8.nvfx,fast+lz seekable,70874,63054,1.1240,7.367,7.492,9.621,10,0.856,6.910,65536
fire_0_conv_s8.nvfx,zlib-9,70874,65110,1.0885,0.527,0.542,134.379,0,0.000,0.000,0
fire_0_grid_l16.nvfx,cm,593074,447425,1.3255,1231.691,1311.345,0.482,0,0.000,0.000,0
fire_0_grid_l16.nvfx,cm+lz,593074,447429,1.3255,1250.449,1293.833,0.474,0,0.000,0.000,0
fire_0_grid_l16.nvfx,light,593074,455031,1.3034,161.215,169.835,3.679,0,0.000,0.000,0
fire_0_grid_l16.nvfx,light+lz,593074,455033,1.3034,162.093,171.517,3.659,0,0.000,0.000,0
fire_0_grid_l16.nvfx,light+lz seekable,593074,455119,1.3031,164.942,167.530,3.596,16,11.562,24.487,36864
fire_0_grid_l16.nvfx,fast,593074,519317,1.1420,45.839,46.907,12.938,0,0.000,0.000,0
fire_0_grid_l16.nvfx,fast+lz,593074,519293,1.1421,45.648,46.595,12.992,0,0.000,0.000,0
fire_0_grid_l16.nvfx,fast+lz seekable,593074,519004,1.1427,47.120,47.647,12.586,16,3.298,6.714,36864
fire_0_grid_l16.nvfx,zlib-9,593074,542955,1.0923,4.012,4.077,147.834,0,0.000,0.000,0
fire_0_grid_l8.nvfx,cm,298674,168061,1.7772,580.045,628.338,0.515,0,0.000,0.000,0
fire_0_grid_l8.nvfx,cm+lz,298674,168065,1.7771,578.766,624.071,0.516,0,0.000,0.000,0
fire_0_grid_l8.nvfx,light,298674,172873,1.7277,127.994,131.551,2.334,0,0.000,0.000,0
fire_0_grid_l8.nvfx,light+lz,298674,172876,1.7277,128.524,131.564,2.324,0,0.000,0.000,0
fire_0_grid_l8.nvfx,light+lz seekable,298674,173538,1.7211,127.957,132.934,2.334,16,9.391,22.627,36864
fire_0_grid_l8.nvfx,fast,298674,193094,1.5468,26.557,26.637,11.247,0,0.000,0.000,0
fire_0_grid_l8.nvfx,fast+lz,298674,193069,1.5470,25.981,26.728,11.496,0,0.000,0.000,0
fire_0_grid_l8.nvfx,fast+lz seekable,298674,193678,1.5421,26.606,26.833,11.226,16,1.981,3.667,36864
fire_0_grid_l8.nvfx,zlib-9,298674,225584,1.3240,2.348,2.428,127.180,0,0.000,0.000,0
fire_0_grid_m16.nvfx,cm,265394,202096,1.3132,584.468,660.348,0.454,0,0.000,0.000,0
fire_0_grid_m16.nvfx,cm+lz,265394,202100,1.3132,562.309,599.370,0.472,0,0.000,0.000,0
fire_0_grid_m16.nvfx,light,265394,205518,1.2913,72.378,75.502,3.667,0,0.000,0.000,0
fire_0_grid_m16.nvfx,light+lz,265394,205520,1.2913,72.260,74.692,3.673,0,0.000,0.000,0
fire_0_grid_m16.nvfx,light+lz seekable,265394,205597,1.2908,72.950,75.592,3.638,10,7.898,38.759,65536
fire_0_grid_m16.nvfx,fast,265394,234934,1.1297,20.710,20.924,12.815,0,0.000,0.000,0
fire_0_grid_m16.nvfx,fast+lz,265394,234907,1.1298,20.530,21.206,12.927,0,0.000,0.000,0
fire_0_grid_m16.nvfx,fast+lz seekable,265394,235146,1.1286,20.745,21.034,12.793,10,2.825,13.240,65536
fire_0_grid_m16.nvfx,zlib-9,265394,245221,1.0823,1.747,1.770,151.902,0,0.000,0.000,0
fire_0_grid_m8.nvfx,cm,134834,81379,1.6569,269.145,275.473,0.501,0,0.000,0.000,0
fire_0_grid_m8.nvfx,cm+lz,134834,81383,1.6568,262.739,267.115,0.513,0,0.000,0.000,0
fire_0_grid_m8.nvfx,light,134834,84048,1.6042,58.966,59.646,2.287,0,0.000,0.000,0
fire_0_grid_m8.nvfx,light+lz,134834,84050,1.6042,59.264,60.083,2.275,0,0.000,0.000,0
fire_0_grid_m8.nvfx,light+lz seekable,134834,84288,1.5997,59.069,59.365,2.283,10,6.577,29.238,65536
fire_0_grid_m8.nvfx,fast,134834,92928,1.4510,12.526,12.828,10.764,0,0.000,0.000,0
fire_0_grid_m8.nvfx,fast+lz,134834,92901,1.4514,12.405,12.431,10.869,0,0.000,0.000,0
fire_0_grid_m8.nvfx,fast+lz seekable,134834,93191,1.4469,12.423,12.763,10.854,10,1.403,6.211,65536
fire_0_grid_m8.nvfx,zlib-9,134834,109146,1.2354,1.074,1.085,125.580,0,0.000,0.000,0
fire_0_grid_mt16.nvfx,cm,527538,392722,1.3433,1113.914,1151.119,0.474,0,0.000,0.000,0
fire_0_grid_mt16.nvfx,cm+lz,527538,392726,1.3433,1063.494,1158.812,0.496,0,0.000,0.000,0
fire_0_grid_mt16.nvfx,light,527538,398995,1.3222,147.457,156.253,3.578,0,0.000,0.000,0
fire_0_grid_mt16.nvfx,light+lz,527538,398997,1.3222,147.280,153.049,3.582,0,0.000,0.000,0
fire_0_grid_mt16.nvfx,light+lz seekable,527538,399310,1.3211,147.546,155.761,3.575,12,13.158,38.279,65536
fire_0_grid_mt16.nvfx,fast,527538,453644,1.1629,40.037,41.169,13.176,0,0.000,0.000,0
fire_0_grid_mt16.nvfx,fast+lz,527538,453618,1.1630,40.172,40.894,13.132,0,0.000,0.000,0
fire_0_grid_mt16.nvfx,fast+lz seekable,527538,453912,1.1622,41.504,42.007,12.710,12,3.694,10.560,65536
fire_0_grid_mt16.nvfx,zlib-9,527538,476413,1.1073,3.578,3.663,147.452,0,0.000,0.000,0
fire_0_grid_mt8.nvfx,cm,266418,179989,1.4802,600.501,606.209,0.444,0,0.000,0.000,0
fire_0_grid_mt8.nvfx,cm+lz,266418,179993,1.4802,574.161,627.614,0.464,0,0.000,0.000,0
fire_0_grid_mt8.nvfx,light,266418,184735,1.4422,117.206,122.807,2.273,0,0.000,0.000,0
fire_0_grid_mt8.nvfx,light+lz,266418,184738,1.4421,119.460,125.378,2.230,0,0.000,0.000,0
fire_0_grid_mt8.nvfx,light+lz seekable,266418,185130,1.4391,119.101,129.694,2.237,12,11.185,31.513,65536
fire_0_grid_mt8.nvfx,fast,266418,201886,1.3196,25.137,25.388,10.599,0,0.000,0.000,0
fire_0_grid_mt8.nvfx,fast+lz,266418,201861,1.3198,25.278,25.829,10.539,0,0.000,0.000,0
fire_0_grid_mt8.nvfx,fast+lz seekable,266418,202264,1.3172,25.591,28.272,10.411,12,2.451,6.557,65536
fire_0_grid_mt8.nvfx,zlib-9,266418,231791,1.1494,2.087,2.292,127.627,0,0.000,0.000,0
fire_0_grid_s16.nvfx,cm,148106,112830,1.3126,287.132,300.422,0.516,0,0.000,0.000,0
fire_0_grid_s16.nvfx,cm+lz,148106,112835,1.3126,292.737,301.815,0.506,0,0.000,0.000,0
fire_0_grid_s16.nvfx,light,148106,114577,1.2926,41.924,42.790,3.533,0,0.000,0.000,0
fire_0_grid_s16.nvfx,light+lz,148106,114580,1.2926,42.121,42.496,3.516,0,0.000,0.000,0
fire_0_grid_s16.nvfx,light+lz seekable,148106,114768,1.2905,41.675,42.673,3.554,8,5.785,21.427,36864
fire_0_grid_s16.nvfx,fast,148106,128986,1.1482,11.376,11.905,13.019,0,0.000,0.000,0
fire_0_grid_s16.nvfx,fast+lz,148106,128961,1.1485,11.233,11.631,13.185,0,0.000,0.000,0
fire_0_grid_s16.nvfx,fast+lz seekable,148106,129177,1.1465,11.510,11.795,12.868,8,1.741,7.579,36864
fire_0_grid_s16.nvfx,zlib-9,148106,136619,1.0841,0.998,1.033,148.386,0,0.000,0.000,0
fire_0_grid_s8.nvfx,cm,74890,44862,1.6693,129.215,134.093,0.580,0,0.000,0.000,0
fire_0_grid_s8.nvfx,cm+lz,74890,44867,1.6692,122.424,130.264,0.612,0,0.000,0.000,0
fire_0_grid_s8.nvfx,light,74890,46590,1.6074,33.177,34.126,2.257,0,0.000,0.000,0
fire_0_grid_s8.nvfx,light+lz,74890,46593,1.6073,33.200,34.238,2.256,0,0.000,0.000,0
fire_0_grid_s8.nvfx,light+lz seekable,74890,46850,1.5985,32.796,33.534,2.283,8,4.650,16.593,36864
fire_0_grid_s8.nvfx,fast,74890,51226,1.4620,6.810,7.093,10.998,0,0.000,0.000,0
fire_0_grid_s8.nvfx,fast+lz,74890,51202,1.4626,6.791,6.863,11.028,0,0.000,0.000,0
fire_0_grid_s8.nvfx,fast+lz seekable,74890,51407,1.4568,6.857,7.048,10.921,8,0.943,3.438,36864
fire_0_grid_s8.nvfx,zlib-9,74890,63787,1.1741,0.577,0.599,129.760,0,0.000,0.000,0
smoke_0_grid_m8.nvfx,cm,134834,88943,1.5160,279.995,290.301,0.482,0,0.000,0.000,0
smoke_0_grid_m8.nvfx,cm+lz,134834,88948,1.5159,275.516,295.935,0.489,0,0.000,0.000,0
smoke_0_grid_m8.nvfx,light,134834,91662,1.4710,60.052,60.611,2.245,0,0.000,0.000,0
smoke_0_grid_m8.nvfx,light+lz,134834,91664,1.4710,58.806,60.121,2.293,0,0.000,0.000,0
smoke_0_grid_m8.nvfx,light+lz seekable,134834,91950,1.4664,59.354,60.660,2.272,10,6.691,30.151,65536
smoke_0_grid_m8.nvfx,fast,134834,100450,1.3423,12.898,13.072,10.454,0,0.000,0.000,0
smoke_0_grid_m8.nvfx,fast+lz,134834,100424,1.3426,12.724,13.057,10.597,0,0.000,0.000,0
smoke_0_grid_m8.nvfx,fast+lz seekable,134834,100696,1.3390,12.922,13.098,10.434,10,1.477,6.499,65536
smoke_0_grid_m8.nvfx,zlib-9,134834,115134,1.1711,1.058,1.062,127.494,0,0.000,0.000,0
fire_grid_k8.nvfx,cm,1056416,809049,1.3058,2371.564,2491.073,0.445,0,0.000,0.000,0
fire_grid_k8.nvfx,cm+lz,1056416,809054,1.3057,2358.248,2522.035,0.448,0,0.000,0.000,0
fire_grid_k8.nvfx,light,1056416,826853,1.2776,453.466,459.960,2.330,0,0.000,0.000,0
fire_grid_k8.nvfx,light+lz,1056416,826855,1.2776,459.822,461.870,2.297,0,0.000,0.000,0
fire_grid_k8.nvfx,light+lz seekable,1056416,829590,1.2734,465.337,502.148,2.270,26,23.202,38.209,65536
fire_grid_k8.nvfx,fast,1056416,893499,1.1823,106.209,110.534,9.947,0,0.000,0.000,0
fire_grid_k8.nvfx,fast+lz,1056416,893469,1.1824,104.654,108.019,10.094,0,0.000,0.000,0
fire_grid_k8.nvfx,fast+lz seekable,1056416,894616,1.1809,105.924,109.057,9.973,26,5.752,11.175,65536
fire_grid_k8.nvfx,zlib-9,1056416,959795,1.1007,7.621,7.749,138.623,0,0.000,0.000,0
fire_variation_k8.nvfx,cm,1057504,709468,1.4906,2380.662,2431.943,0.444,0,0.000,0.000,0
fire_variation_k8.nvfx,cm+lz,1057504,709472,1.4906,2204.476,2324.280,0.480,0,0.000,0.000,0
fire_variation_k8.nvfx,light,1057504,726114,1.4564,462.272,496.870,2.288,0,0.000,0.000,0
fire_variation_k8.nvfx,light+lz,1057504,726116,1.4564,477.769,490.400,2.213,0,0.000,0.000,0
fire_variation_k8.nvfx,light+lz seekable,1057504,729329,1.4500,464.984,472.063,2.274,29,20.756,39.339,65536
fire_variation_k8.nvfx,fast,1057504,795739,1.3290,103.538,104.375,10.214,0,0.000,0.000,0
fire_variation_k8.nvfx,fast+lz,1057504,795712,1.3290,102.680,104.304,10.299,0,0.000,0.000,0
fire_variation_k8.nvfx,fast+lz seekable,1057504,796949,1.3269,103.834,106.235,10.185,29,5.185,8.754,65536
fire_variation_k8.nvfx,zlib-9,1057504,932760,1.1337,7.932,8.113,133.328,0,0.000,0.000,0
explosion.nvfx,cm,280927,57055,4.9238,503.676,522.952,0.558,0,0.000,0.000,0
explosion.nvfx,cm+lz,280927,56878,4.9391,367.073,375.373,0.765,0,0.000,0.000,0
explosion.nvfx,light,280927,61626,4.5586,105.852,110.546,2.654,0,0.000,0.000,0
explosion.nvfx,light+lz,280927,59047,4.7577,73.254,73.341,3.835,0,0.000,0.000,0
explosion.nvfx,light+lz seekable,280927,59410,4.7286,72.476,73.592,3.876,19,5.879,55.861,65536
explosion.nvfx,fast,280927,74017,3.7954,12.168,13.224,23.087,0,0.000,0.000,0
explosion.nvfx,fast+lz,280927,70390,3.9910,12.382,12.916,22.689,0,0.000,0.000,0
explosion.nvfx,fast+lz seekable,280927,70997,3.9569,12.972,13.057,21.657,19,2.218,7.306,65536
explosion.nvfx,zlib-9,280927,106572,2.6360,1.000,1.031,281.033,0,0.000,0.000,0
fire.nvfx,cm,83719,45596,1.8361,152.662,155.677,0.548,0,0.000,0.000,0
fire.nvfx,cm+lz,83719,45603,1.8358,143.095,146.358,0.585,0,0.000,0.000,0
fire.nvfx,light,83719,46941,1.7835,33.175,34.151,2.524,0,0.000,0.000,0
fire.nvfx,light+lz,83719,46947,1.7833,33.328,33.954,2.512,0,0.000,0.000,0
fire.nvfx,light+lz seekable,83719,47226,1.7727,34.112,35.310,2.454,17,2.838,29.393,32768
fire.nvfx,fast,83719,54103,1.5474,5.537,5.795,15.120,0,0.000,0.000,0
fire.nvfx,fast+lz,83719,54091,1.5477,5.544,5.672,15.102,0,0.000,0.000,0
fire.nvfx,fast+lz seekable,83719,54632,1.5324,5.646,5.726,14.828,17,0.716,4.079,32768
fire.nvfx,zlib-9,83719,64745,1.2931,0.502,0.527,166.660,0,0.000,0.000,0
smoke.nvfx,cm,149287,51485,2.8996,276.017,285.768,0.541,0,0.000,0.000,0
smoke.nvfx,cm+lz,149287,51335,2.9081,215.990,222.582,0.691,0,0.000,0.000,0
smoke.nvfx,light,149287,56611,2.6371,59.019,61.714,2.529,0,0.000,0.000,0
smoke.nvfx,light+lz,149287,53090,2.8120,42.861,43.404,3.483,0,0.000,0.000,0
smoke.nvfx,light+lz seekable,149287,53375,2.7969,43.331,45.620,3.445,18,3.638,29.767,65536
smoke.nvfx,fast,149287,67176,2.2223,8.814,9.047,16.937,0,0.000,0.000,0
smoke.nvfx,fast+lz,149287,62736,2.3796,8.828,8.967,16.911,0,0.000,0.000,0
smoke.nvfx,fast+lz seekable,149287,63290,2.3588,8.720,8.962,17.120,18,1.227,4.509,65536
smoke.nvfx,zlib-9,149287,74172,2.0127,0.643,0.673,232.174,0,0.000,0.000,0
